[{"model": "contenttypes.contenttype", "pk": 1, "fields": {"app_label": "contenttypes", "model": "contenttype"}}, {"model": "contenttypes.contenttype", "pk": 2, "fields": {"app_label": "sites", "model": "site"}}, {"model": "contenttypes.contenttype", "pk": 3, "fields": {"app_label": "auth", "model": "permission"}}, {"model": "contenttypes.contenttype", "pk": 4, "fields": {"app_label": "auth", "model": "group"}}, {"model": "contenttypes.contenttype", "pk": 5, "fields": {"app_label": "plugins", "model": "pluginconfiguration"}}, {"model": "contenttypes.contenttype", "pk": 6, "fields": {"app_label": "product", "model": "attributevalue"}}, {"model": "contenttypes.contenttype", "pk": 7, "fields": {"app_label": "product", "model": "category"}}, {"model": "contenttypes.contenttype", "pk": 8, "fields": {"app_label": "product", "model": "product"}}, {"model": "contenttypes.contenttype", "pk": 9, "fields": {"app_label": "product", "model": "attribute"}}, {"model": "contenttypes.contenttype", "pk": 10, "fields": {"app_label": "product", "model": "productimage"}}, {"model": "contenttypes.contenttype", "pk": 11, "fields": {"app_label": "product", "model": "productvariant"}}, {"model": "contenttypes.contenttype", "pk": 12, "fields": {"app_label": "product", "model": "stock"}}, {"model": "contenttypes.contenttype", "pk": 13, "fields": {"app_label": "product", "model": "variantimage"}}, {"model": "contenttypes.contenttype", "pk": 14, "fields": {"app_label": "product", "model": "stocklocation"}}, {"model": "contenttypes.contenttype", "pk": 15, "fields": {"app_label": "product", "model": "producttype"}}, {"model": "contenttypes.contenttype", "pk": 16, "fields": {"app_label": "account", "model": "user"}}, {"model": "contenttypes.contenttype", "pk": 17, "fields": {"app_label": "account", "model": "address"}}, {"model": "contenttypes.contenttype", "pk": 18, "fields": {"app_label": "account", "model": "customernote"}}, {"model": "contenttypes.contenttype", "pk": 19, "fields": {"app_label": "account", "model": "customerevent"}}, {"model": "contenttypes.contenttype", "pk": 20, "fields": {"app_label": "account", "model": "staffnotificationrecipient"}}, {"model": "contenttypes.contenttype", "pk": 21, "fields": {"app_label": "discount", "model": "sale"}}, {"model": "contenttypes.contenttype", "pk": 22, "fields": {"app_label": "discount", "model": "voucher"}}, {"model": "contenttypes.contenttype", "pk": 23, "fields": {"app_label": "discount", "model": "vouchertranslation"}}, {"model": "contenttypes.contenttype", "pk": 24, "fields": {"app_label": "discount", "model": "saletranslation"}}, {"model": "contenttypes.contenttype", "pk": 25, "fields": {"app_label": "discount", "model": "vouchercustomer"}}, {"model": "contenttypes.contenttype", "pk": 26, "fields": {"app_label": "giftcard", "model": "giftcard"}}, {"model": "contenttypes.contenttype", "pk": 27, "fields": {"app_label": "product", "model": "collectionproduct"}}, {"model": "contenttypes.contenttype", "pk": 28, "fields": {"app_label": "product", "model": "collection"}}, {"model": "contenttypes.contenttype", "pk": 29, "fields": {"app_label": "product", "model": "categorytranslation"}}, {"model": "contenttypes.contenttype", "pk": 30, "fields": {"app_label": "product", "model": "collectiontranslation"}}, {"model": "contenttypes.contenttype", "pk": 31, "fields": {"app_label": "product", "model": "producttranslation"}}, {"model": "contenttypes.contenttype", "pk": 32, "fields": {"app_label": "product", "model": "productvarianttranslation"}}, {"model": "contenttypes.contenttype", "pk": 33, "fields": {"app_label": "product", "model": "attributevaluetranslation"}}, {"model": "contenttypes.contenttype", "pk": 34, "fields": {"app_label": "product", "model": "attributetranslation"}}, {"model": "contenttypes.contenttype", "pk": 35, "fields": {"app_label": "product", "model": "digitalcontent"}}, {"model": "contenttypes.contenttype", "pk": 36, "fields": {"app_label": "product", "model": "digitalcontenturl"}}, {"model": "contenttypes.contenttype", "pk": 37, "fields": {"app_label": "product", "model": "attributeproduct"}}, {"model": "contenttypes.contenttype", "pk": 38, "fields": {"app_label": "product", "model": "attributevariant"}}, {"model": "contenttypes.contenttype", "pk": 39, "fields": {"app_label": "product", "model": "assignedproductattribute"}}, {"model": "contenttypes.contenttype", "pk": 40, "fields": {"app_label": "product", "model": "assignedvariantattribute"}}, {"model": "contenttypes.contenttype", "pk": 41, "fields": {"app_label": "checkout", "model": "checkout"}}, {"model": "contenttypes.contenttype", "pk": 42, "fields": {"app_label": "checkout", "model": "checkoutline"}}, {"model": "contenttypes.contenttype", "pk": 43, "fields": {"app_label": "menu", "model": "menu"}}, {"model": "contenttypes.contenttype", "pk": 44, "fields": {"app_label": "menu", "model": "menuitem"}}, {"model": "contenttypes.contenttype", "pk": 45, "fields": {"app_label": "menu", "model": "menuitemtranslation"}}, {"model": "contenttypes.contenttype", "pk": 46, "fields": {"app_label": "order", "model": "order"}}, {"model": "contenttypes.contenttype", "pk": 47, "fields": {"app_label": "order", "model": "orderline"}}, {"model": "contenttypes.contenttype", "pk": 48, "fields": {"app_label": "order", "model": "fulfillment"}}, {"model": "contenttypes.contenttype", "pk": 49, "fields": {"app_label": "order", "model": "fulfillmentline"}}, {"model": "contenttypes.contenttype", "pk": 50, "fields": {"app_label": "order", "model": "orderevent"}}, {"model": "contenttypes.contenttype", "pk": 51, "fields": {"app_label": "order", "model": "invoice"}}, {"model": "contenttypes.contenttype", "pk": 52, "fields": {"app_label": "shipping", "model": "shippingmethod"}}, {"model": "contenttypes.contenttype", "pk": 53, "fields": {"app_label": "shipping", "model": "shippingmethodtranslation"}}, {"model": "contenttypes.contenttype", "pk": 54, "fields": {"app_label": "shipping", "model": "shippingzone"}}, {"model": "contenttypes.contenttype", "pk": 55, "fields": {"app_label": "site", "model": "sitesettings"}}, {"model": "contenttypes.contenttype", "pk": 56, "fields": {"app_label": "site", "model": "authorizationkey"}}, {"model": "contenttypes.contenttype", "pk": 57, "fields": {"app_label": "site", "model": "sitesettingstranslation"}}, {"model": "contenttypes.contenttype", "pk": 58, "fields": {"app_label": "page", "model": "page"}}, {"model": "contenttypes.contenttype", "pk": 59, "fields": {"app_label": "page", "model": "pagetranslation"}}, {"model": "contenttypes.contenttype", "pk": 60, "fields": {"app_label": "payment", "model": "transaction"}}, {"model": "contenttypes.contenttype", "pk": 61, "fields": {"app_label": "payment", "model": "payment"}}, {"model": "contenttypes.contenttype", "pk": 62, "fields": {"app_label": "warehouse", "model": "warehouse"}}, {"model": "contenttypes.contenttype", "pk": 63, "fields": {"app_label": "warehouse", "model": "stock"}}, {"model": "contenttypes.contenttype", "pk": 64, "fields": {"app_label": "warehouse", "model": "allocation"}}, {"model": "contenttypes.contenttype", "pk": 65, "fields": {"app_label": "webhook", "model": "webhook"}}, {"model": "contenttypes.contenttype", "pk": 66, "fields": {"app_label": "webhook", "model": "webhookevent"}}, {"model": "contenttypes.contenttype", "pk": 67, "fields": {"app_label": "wishlist", "model": "wishlist"}}, {"model": "contenttypes.contenttype", "pk": 68, "fields": {"app_label": "wishlist", "model": "wishlistitem"}}, {"model": "contenttypes.contenttype", "pk": 69, "fields": {"app_label": "app", "model": "app"}}, {"model": "contenttypes.contenttype", "pk": 70, "fields": {"app_label": "app", "model": "apptoken"}}, {"model": "contenttypes.contenttype", "pk": 71, "fields": {"app_label": "django_prices_openexchangerates", "model": "conversionrate"}}, {"model": "contenttypes.contenttype", "pk": 72, "fields": {"app_label": "django_prices_vatlayer", "model": "vat"}}, {"model": "contenttypes.contenttype", "pk": 73, "fields": {"app_label": "django_prices_vatlayer", "model": "ratetypes"}}, {"model": "contenttypes.contenttype", "pk": 74, "fields": {"app_label": "authtoken", "model": "token"}}, {"model": "sites.site", "pk": 1, "fields": {"domain": "example.com", "name": "example.com"}}, {"model": "sites.site", "pk": 2, "fields": {"domain": "localhost:8000", "name": "Saleor e-commerce"}}, {"model": "auth.permission", "pk": 1, "fields": {"name": "Can add content type", "content_type": 1, "codename": "add_contenttype"}}, {"model": "auth.permission", "pk": 2, "fields": {"name": "Can change content type", "content_type": 1, "codename": "change_contenttype"}}, {"model": "auth.permission", "pk": 3, "fields": {"name": "Can delete content type", "content_type": 1, "codename": "delete_contenttype"}}, {"model": "auth.permission", "pk": 4, "fields": {"name": "Can view content type", "content_type": 1, "codename": "view_contenttype"}}, {"model": "auth.permission", "pk": 5, "fields": {"name": "Can add site", "content_type": 2, "codename": "add_site"}}, {"model": "auth.permission", "pk": 6, "fields": {"name": "Can change site", "content_type": 2, "codename": "change_site"}}, {"model": "auth.permission", "pk": 7, "fields": {"name": "Can delete site", "content_type": 2, "codename": "delete_site"}}, {"model": "auth.permission", "pk": 8, "fields": {"name": "Can view site", "content_type": 2, "codename": "view_site"}}, {"model": "auth.permission", "pk": 9, "fields": {"name": "Can add permission", "content_type": 3, "codename": "add_permission"}}, {"model": "auth.permission", "pk": 10, "fields": {"name": "Can change permission", "content_type": 3, "codename": "change_permission"}}, {"model": "auth.permission", "pk": 11, "fields": {"name": "Can delete permission", "content_type": 3, "codename": "delete_permission"}}, {"model": "auth.permission", "pk": 12, "fields": {"name": "Can view permission", "content_type": 3, "codename": "view_permission"}}, {"model": "auth.permission", "pk": 13, "fields": {"name": "Can add group", "content_type": 4, "codename": "add_group"}}, {"model": "auth.permission", "pk": 14, "fields": {"name": "Can change group", "content_type": 4, "codename": "change_group"}}, {"model": "auth.permission", "pk": 15, "fields": {"name": "Can delete group", "content_type": 4, "codename": "delete_group"}}, {"model": "auth.permission", "pk": 16, "fields": {"name": "Can view group", "content_type": 4, "codename": "view_group"}}, {"model": "auth.permission", "pk": 17, "fields": {"name": "Can add plugin configuration", "content_type": 5, "codename": "add_pluginconfiguration"}}, {"model": "auth.permission", "pk": 18, "fields": {"name": "Can change plugin configuration", "content_type": 5, "codename": "change_pluginconfiguration"}}, {"model": "auth.permission", "pk": 19, "fields": {"name": "Can delete plugin configuration", "content_type": 5, "codename": "delete_pluginconfiguration"}}, {"model": "auth.permission", "pk": 20, "fields": {"name": "Can view plugin configuration", "content_type": 5, "codename": "view_pluginconfiguration"}}, {"model": "auth.permission", "pk": 21, "fields": {"name": "Manage plugins", "content_type": 5, "codename": "manage_plugins"}}, {"model": "auth.permission", "pk": 22, "fields": {"name": "Can add attribute choice value", "content_type": 6, "codename": "add_attributechoicevalue"}}, {"model": "auth.permission", "pk": 23, "fields": {"name": "Can change attribute choice value", "content_type": 6, "codename": "change_attributechoicevalue"}}, {"model": "auth.permission", "pk": 24, "fields": {"name": "Can delete attribute choice value", "content_type": 6, "codename": "delete_attributechoicevalue"}}, {"model": "auth.permission", "pk": 25, "fields": {"name": "Can view attribute choice value", "content_type": 6, "codename": "view_attributechoicevalue"}}, {"model": "auth.permission", "pk": 26, "fields": {"name": "Can add category", "content_type": 7, "codename": "add_category"}}, {"model": "auth.permission", "pk": 27, "fields": {"name": "Can change category", "content_type": 7, "codename": "change_category"}}, {"model": "auth.permission", "pk": 28, "fields": {"name": "Can delete category", "content_type": 7, "codename": "delete_category"}}, {"model": "auth.permission", "pk": 29, "fields": {"name": "Can view category", "content_type": 7, "codename": "view_category"}}, {"model": "auth.permission", "pk": 30, "fields": {"name": "Can add product", "content_type": 8, "codename": "add_product"}}, {"model": "auth.permission", "pk": 31, "fields": {"name": "Can change product", "content_type": 8, "codename": "change_product"}}, {"model": "auth.permission", "pk": 32, "fields": {"name": "Can delete product", "content_type": 8, "codename": "delete_product"}}, {"model": "auth.permission", "pk": 33, "fields": {"name": "Can view product", "content_type": 8, "codename": "view_product"}}, {"model": "auth.permission", "pk": 34, "fields": {"name": "Can add product attribute", "content_type": 9, "codename": "add_productattribute"}}, {"model": "auth.permission", "pk": 35, "fields": {"name": "Can change product attribute", "content_type": 9, "codename": "change_productattribute"}}, {"model": "auth.permission", "pk": 36, "fields": {"name": "Can delete product attribute", "content_type": 9, "codename": "delete_productattribute"}}, {"model": "auth.permission", "pk": 37, "fields": {"name": "Can view product attribute", "content_type": 9, "codename": "view_productattribute"}}, {"model": "auth.permission", "pk": 38, "fields": {"name": "Can add product image", "content_type": 10, "codename": "add_productimage"}}, {"model": "auth.permission", "pk": 39, "fields": {"name": "Can change product image", "content_type": 10, "codename": "change_productimage"}}, {"model": "auth.permission", "pk": 40, "fields": {"name": "Can delete product image", "content_type": 10, "codename": "delete_productimage"}}, {"model": "auth.permission", "pk": 41, "fields": {"name": "Can view product image", "content_type": 10, "codename": "view_productimage"}}, {"model": "auth.permission", "pk": 42, "fields": {"name": "Can add product variant", "content_type": 11, "codename": "add_productvariant"}}, {"model": "auth.permission", "pk": 43, "fields": {"name": "Can change product variant", "content_type": 11, "codename": "change_productvariant"}}, {"model": "auth.permission", "pk": 44, "fields": {"name": "Can delete product variant", "content_type": 11, "codename": "delete_productvariant"}}, {"model": "auth.permission", "pk": 45, "fields": {"name": "Can view product variant", "content_type": 11, "codename": "view_productvariant"}}, {"model": "auth.permission", "pk": 46, "fields": {"name": "Can add stock", "content_type": 12, "codename": "add_stock"}}, {"model": "auth.permission", "pk": 47, "fields": {"name": "Can change stock", "content_type": 12, "codename": "change_stock"}}, {"model": "auth.permission", "pk": 48, "fields": {"name": "Can delete stock", "content_type": 12, "codename": "delete_stock"}}, {"model": "auth.permission", "pk": 49, "fields": {"name": "Can view stock", "content_type": 12, "codename": "view_stock"}}, {"model": "auth.permission", "pk": 50, "fields": {"name": "Can add variant image", "content_type": 13, "codename": "add_variantimage"}}, {"model": "auth.permission", "pk": 51, "fields": {"name": "Can change variant image", "content_type": 13, "codename": "change_variantimage"}}, {"model": "auth.permission", "pk": 52, "fields": {"name": "Can delete variant image", "content_type": 13, "codename": "delete_variantimage"}}, {"model": "auth.permission", "pk": 53, "fields": {"name": "Can view variant image", "content_type": 13, "codename": "view_variantimage"}}, {"model": "auth.permission", "pk": 54, "fields": {"name": "Can add stock location", "content_type": 14, "codename": "add_stocklocation"}}, {"model": "auth.permission", "pk": 55, "fields": {"name": "Can change stock location", "content_type": 14, "codename": "change_stocklocation"}}, {"model": "auth.permission", "pk": 56, "fields": {"name": "Can delete stock location", "content_type": 14, "codename": "delete_stocklocation"}}, {"model": "auth.permission", "pk": 57, "fields": {"name": "Can view stock location", "content_type": 14, "codename": "view_stocklocation"}}, {"model": "auth.permission", "pk": 58, "fields": {"name": "Can add product class", "content_type": 15, "codename": "add_productclass"}}, {"model": "auth.permission", "pk": 59, "fields": {"name": "Can change product class", "content_type": 15, "codename": "change_productclass"}}, {"model": "auth.permission", "pk": 60, "fields": {"name": "Can delete product class", "content_type": 15, "codename": "delete_productclass"}}, {"model": "auth.permission", "pk": 61, "fields": {"name": "Can view product class", "content_type": 15, "codename": "view_productclass"}}, {"model": "auth.permission", "pk": 62, "fields": {"name": "Can add user", "content_type": 16, "codename": "add_user"}}, {"model": "auth.permission", "pk": 63, "fields": {"name": "Can change user", "content_type": 16, "codename": "change_user"}}, {"model": "auth.permission", "pk": 64, "fields": {"name": "Can delete user", "content_type": 16, "codename": "delete_user"}}, {"model": "auth.permission", "pk": 65, "fields": {"name": "Can view user", "content_type": 16, "codename": "view_user"}}, {"model": "auth.permission", "pk": 66, "fields": {"name": "Manage customers.", "content_type": 16, "codename": "manage_users"}}, {"model": "auth.permission", "pk": 67, "fields": {"name": "Manage staff.", "content_type": 16, "codename": "manage_staff"}}, {"model": "auth.permission", "pk": 68, "fields": {"name": "Can add address", "content_type": 17, "codename": "add_address"}}, {"model": "auth.permission", "pk": 69, "fields": {"name": "Can change address", "content_type": 17, "codename": "change_address"}}, {"model": "auth.permission", "pk": 70, "fields": {"name": "Can delete address", "content_type": 17, "codename": "delete_address"}}, {"model": "auth.permission", "pk": 71, "fields": {"name": "Can view address", "content_type": 17, "codename": "view_address"}}, {"model": "auth.permission", "pk": 72, "fields": {"name": "Can add customer note", "content_type": 18, "codename": "add_customernote"}}, {"model": "auth.permission", "pk": 73, "fields": {"name": "Can change customer note", "content_type": 18, "codename": "change_customernote"}}, {"model": "auth.permission", "pk": 74, "fields": {"name": "Can delete customer note", "content_type": 18, "codename": "delete_customernote"}}, {"model": "auth.permission", "pk": 75, "fields": {"name": "Can view customer note", "content_type": 18, "codename": "view_customernote"}}, {"model": "auth.permission", "pk": 76, "fields": {"name": "Can add customer event", "content_type": 19, "codename": "add_customerevent"}}, {"model": "auth.permission", "pk": 77, "fields": {"name": "Can change customer event", "content_type": 19, "codename": "change_customerevent"}}, {"model": "auth.permission", "pk": 78, "fields": {"name": "Can delete customer event", "content_type": 19, "codename": "delete_customerevent"}}, {"model": "auth.permission", "pk": 79, "fields": {"name": "Can view customer event", "content_type": 19, "codename": "view_customerevent"}}, {"model": "auth.permission", "pk": 80, "fields": {"name": "Can add staff notification recipient", "content_type": 20, "codename": "add_staffnotificationrecipient"}}, {"model": "auth.permission", "pk": 81, "fields": {"name": "Can change staff notification recipient", "content_type": 20, "codename": "change_staffnotificationrecipient"}}, {"model": "auth.permission", "pk": 82, "fields": {"name": "Can delete staff notification recipient", "content_type": 20, "codename": "delete_staffnotificationrecipient"}}, {"model": "auth.permission", "pk": 83, "fields": {"name": "Can view staff notification recipient", "content_type": 20, "codename": "view_staffnotificationrecipient"}}, {"model": "auth.permission", "pk": 84, "fields": {"name": "Can add sale", "content_type": 21, "codename": "add_sale"}}, {"model": "auth.permission", "pk": 85, "fields": {"name": "Can change sale", "content_type": 21, "codename": "change_sale"}}, {"model": "auth.permission", "pk": 86, "fields": {"name": "Can delete sale", "content_type": 21, "codename": "delete_sale"}}, {"model": "auth.permission", "pk": 87, "fields": {"name": "Can view sale", "content_type": 21, "codename": "view_sale"}}, {"model": "auth.permission", "pk": 88, "fields": {"name": "Manage sales and vouchers.", "content_type": 21, "codename": "manage_discounts"}}, {"model": "auth.permission", "pk": 89, "fields": {"name": "Can add voucher", "content_type": 22, "codename": "add_voucher"}}, {"model": "auth.permission", "pk": 90, "fields": {"name": "Can change voucher", "content_type": 22, "codename": "change_voucher"}}, {"model": "auth.permission", "pk": 91, "fields": {"name": "Can delete voucher", "content_type": 22, "codename": "delete_voucher"}}, {"model": "auth.permission", "pk": 92, "fields": {"name": "Can view voucher", "content_type": 22, "codename": "view_voucher"}}, {"model": "auth.permission", "pk": 93, "fields": {"name": "Can add voucher translation", "content_type": 23, "codename": "add_vouchertranslation"}}, {"model": "auth.permission", "pk": 94, "fields": {"name": "Can change voucher translation", "content_type": 23, "codename": "change_vouchertranslation"}}, {"model": "auth.permission", "pk": 95, "fields": {"name": "Can delete voucher translation", "content_type": 23, "codename": "delete_vouchertranslation"}}, {"model": "auth.permission", "pk": 96, "fields": {"name": "Can view voucher translation", "content_type": 23, "codename": "view_vouchertranslation"}}, {"model": "auth.permission", "pk": 97, "fields": {"name": "Can add sale translation", "content_type": 24, "codename": "add_saletranslation"}}, {"model": "auth.permission", "pk": 98, "fields": {"name": "Can change sale translation", "content_type": 24, "codename": "change_saletranslation"}}, {"model": "auth.permission", "pk": 99, "fields": {"name": "Can delete sale translation", "content_type": 24, "codename": "delete_saletranslation"}}, {"model": "auth.permission", "pk": 100, "fields": {"name": "Can view sale translation", "content_type": 24, "codename": "view_saletranslation"}}, {"model": "auth.permission", "pk": 101, "fields": {"name": "Can add voucher customer", "content_type": 25, "codename": "add_vouchercustomer"}}, {"model": "auth.permission", "pk": 102, "fields": {"name": "Can change voucher customer", "content_type": 25, "codename": "change_vouchercustomer"}}, {"model": "auth.permission", "pk": 103, "fields": {"name": "Can delete voucher customer", "content_type": 25, "codename": "delete_vouchercustomer"}}, {"model": "auth.permission", "pk": 104, "fields": {"name": "Can view voucher customer", "content_type": 25, "codename": "view_vouchercustomer"}}, {"model": "auth.permission", "pk": 105, "fields": {"name": "Can add gift card", "content_type": 26, "codename": "add_giftcard"}}, {"model": "auth.permission", "pk": 106, "fields": {"name": "Can change gift card", "content_type": 26, "codename": "change_giftcard"}}, {"model": "auth.permission", "pk": 107, "fields": {"name": "Can delete gift card", "content_type": 26, "codename": "delete_giftcard"}}, {"model": "auth.permission", "pk": 108, "fields": {"name": "Can view gift card", "content_type": 26, "codename": "view_giftcard"}}, {"model": "auth.permission", "pk": 109, "fields": {"name": "Manage gift cards.", "content_type": 26, "codename": "manage_gift_card"}}, {"model": "auth.permission", "pk": 110, "fields": {"name": "Manage products.", "content_type": 8, "codename": "manage_products"}}, {"model": "auth.permission", "pk": 111, "fields": {"name": "Can add product type", "content_type": 15, "codename": "add_producttype"}}, {"model": "auth.permission", "pk": 112, "fields": {"name": "Can change product type", "content_type": 15, "codename": "change_producttype"}}, {"model": "auth.permission", "pk": 113, "fields": {"name": "Can delete product type", "content_type": 15, "codename": "delete_producttype"}}, {"model": "auth.permission", "pk": 114, "fields": {"name": "Can view product type", "content_type": 15, "codename": "view_producttype"}}, {"model": "auth.permission", "pk": 115, "fields": {"name": "Can add collection product", "content_type": 27, "codename": "add_collectionproduct"}}, {"model": "auth.permission", "pk": 116, "fields": {"name": "Can change collection product", "content_type": 27, "codename": "change_collectionproduct"}}, {"model": "auth.permission", "pk": 117, "fields": {"name": "Can delete collection product", "content_type": 27, "codename": "delete_collectionproduct"}}, {"model": "auth.permission", "pk": 118, "fields": {"name": "Can view collection product", "content_type": 27, "codename": "view_collectionproduct"}}, {"model": "auth.permission", "pk": 119, "fields": {"name": "Can add collection", "content_type": 28, "codename": "add_collection"}}, {"model": "auth.permission", "pk": 120, "fields": {"name": "Can change collection", "content_type": 28, "codename": "change_collection"}}, {"model": "auth.permission", "pk": 121, "fields": {"name": "Can delete collection", "content_type": 28, "codename": "delete_collection"}}, {"model": "auth.permission", "pk": 122, "fields": {"name": "Can view collection", "content_type": 28, "codename": "view_collection"}}, {"model": "auth.permission", "pk": 123, "fields": {"name": "Can add category translation", "content_type": 29, "codename": "add_categorytranslation"}}, {"model": "auth.permission", "pk": 124, "fields": {"name": "Can change category translation", "content_type": 29, "codename": "change_categorytranslation"}}, {"model": "auth.permission", "pk": 125, "fields": {"name": "Can delete category translation", "content_type": 29, "codename": "delete_categorytranslation"}}, {"model": "auth.permission", "pk": 126, "fields": {"name": "Can view category translation", "content_type": 29, "codename": "view_categorytranslation"}}, {"model": "auth.permission", "pk": 127, "fields": {"name": "Can add collection translation", "content_type": 30, "codename": "add_collectiontranslation"}}, {"model": "auth.permission", "pk": 128, "fields": {"name": "Can change collection translation", "content_type": 30, "codename": "change_collectiontranslation"}}, {"model": "auth.permission", "pk": 129, "fields": {"name": "Can delete collection translation", "content_type": 30, "codename": "delete_collectiontranslation"}}, {"model": "auth.permission", "pk": 130, "fields": {"name": "Can view collection translation", "content_type": 30, "codename": "view_collectiontranslation"}}, {"model": "auth.permission", "pk": 131, "fields": {"name": "Can add product translation", "content_type": 31, "codename": "add_producttranslation"}}, {"model": "auth.permission", "pk": 132, "fields": {"name": "Can change product translation", "content_type": 31, "codename": "change_producttranslation"}}, {"model": "auth.permission", "pk": 133, "fields": {"name": "Can delete product translation", "content_type": 31, "codename": "delete_producttranslation"}}, {"model": "auth.permission", "pk": 134, "fields": {"name": "Can view product translation", "content_type": 31, "codename": "view_producttranslation"}}, {"model": "auth.permission", "pk": 135, "fields": {"name": "Can add product variant translation", "content_type": 32, "codename": "add_productvarianttranslation"}}, {"model": "auth.permission", "pk": 136, "fields": {"name": "Can change product variant translation", "content_type": 32, "codename": "change_productvarianttranslation"}}, {"model": "auth.permission", "pk": 137, "fields": {"name": "Can delete product variant translation", "content_type": 32, "codename": "delete_productvarianttranslation"}}, {"model": "auth.permission", "pk": 138, "fields": {"name": "Can view product variant translation", "content_type": 32, "codename": "view_productvarianttranslation"}}, {"model": "auth.permission", "pk": 139, "fields": {"name": "Can add attribute", "content_type": 9, "codename": "add_attribute"}}, {"model": "auth.permission", "pk": 140, "fields": {"name": "Can change attribute", "content_type": 9, "codename": "change_attribute"}}, {"model": "auth.permission", "pk": 141, "fields": {"name": "Can delete attribute", "content_type": 9, "codename": "delete_attribute"}}, {"model": "auth.permission", "pk": 142, "fields": {"name": "Can view attribute", "content_type": 9, "codename": "view_attribute"}}, {"model": "auth.permission", "pk": 143, "fields": {"name": "Can add attribute value translation", "content_type": 33, "codename": "add_attributevaluetranslation"}}, {"model": "auth.permission", "pk": 144, "fields": {"name": "Can change attribute value translation", "content_type": 33, "codename": "change_attributevaluetranslation"}}, {"model": "auth.permission", "pk": 145, "fields": {"name": "Can delete attribute value translation", "content_type": 33, "codename": "delete_attributevaluetranslation"}}, {"model": "auth.permission", "pk": 146, "fields": {"name": "Can view attribute value translation", "content_type": 33, "codename": "view_attributevaluetranslation"}}, {"model": "auth.permission", "pk": 147, "fields": {"name": "Can add attribute value", "content_type": 6, "codename": "add_attributevalue"}}, {"model": "auth.permission", "pk": 148, "fields": {"name": "Can change attribute value", "content_type": 6, "codename": "change_attributevalue"}}, {"model": "auth.permission", "pk": 149, "fields": {"name": "Can delete attribute value", "content_type": 6, "codename": "delete_attributevalue"}}, {"model": "auth.permission", "pk": 150, "fields": {"name": "Can view attribute value", "content_type": 6, "codename": "view_attributevalue"}}, {"model": "auth.permission", "pk": 151, "fields": {"name": "Can add attribute translation", "content_type": 34, "codename": "add_attributetranslation"}}, {"model": "auth.permission", "pk": 152, "fields": {"name": "Can change attribute translation", "content_type": 34, "codename": "change_attributetranslation"}}, {"model": "auth.permission", "pk": 153, "fields": {"name": "Can delete attribute translation", "content_type": 34, "codename": "delete_attributetranslation"}}, {"model": "auth.permission", "pk": 154, "fields": {"name": "Can view attribute translation", "content_type": 34, "codename": "view_attributetranslation"}}, {"model": "auth.permission", "pk": 155, "fields": {"name": "Can add digital content", "content_type": 35, "codename": "add_digitalcontent"}}, {"model": "auth.permission", "pk": 156, "fields": {"name": "Can change digital content", "content_type": 35, "codename": "change_digitalcontent"}}, {"model": "auth.permission", "pk": 157, "fields": {"name": "Can delete digital content", "content_type": 35, "codename": "delete_digitalcontent"}}, {"model": "auth.permission", "pk": 158, "fields": {"name": "Can view digital content", "content_type": 35, "codename": "view_digitalcontent"}}, {"model": "auth.permission", "pk": 159, "fields": {"name": "Can add digital content url", "content_type": 36, "codename": "add_digitalcontenturl"}}, {"model": "auth.permission", "pk": 160, "fields": {"name": "Can change digital content url", "content_type": 36, "codename": "change_digitalcontenturl"}}, {"model": "auth.permission", "pk": 161, "fields": {"name": "Can delete digital content url", "content_type": 36, "codename": "delete_digitalcontenturl"}}, {"model": "auth.permission", "pk": 162, "fields": {"name": "Can view digital content url", "content_type": 36, "codename": "view_digitalcontenturl"}}, {"model": "auth.permission", "pk": 163, "fields": {"name": "Can add attribute product", "content_type": 37, "codename": "add_attributeproduct"}}, {"model": "auth.permission", "pk": 164, "fields": {"name": "Can change attribute product", "content_type": 37, "codename": "change_attributeproduct"}}, {"model": "auth.permission", "pk": 165, "fields": {"name": "Can delete attribute product", "content_type": 37, "codename": "delete_attributeproduct"}}, {"model": "auth.permission", "pk": 166, "fields": {"name": "Can view attribute product", "content_type": 37, "codename": "view_attributeproduct"}}, {"model": "auth.permission", "pk": 167, "fields": {"name": "Can add attribute variant", "content_type": 38, "codename": "add_attributevariant"}}, {"model": "auth.permission", "pk": 168, "fields": {"name": "Can change attribute variant", "content_type": 38, "codename": "change_attributevariant"}}, {"model": "auth.permission", "pk": 169, "fields": {"name": "Can delete attribute variant", "content_type": 38, "codename": "delete_attributevariant"}}, {"model": "auth.permission", "pk": 170, "fields": {"name": "Can view attribute variant", "content_type": 38, "codename": "view_attributevariant"}}, {"model": "auth.permission", "pk": 171, "fields": {"name": "Can add assigned product attribute", "content_type": 39, "codename": "add_assignedproductattribute"}}, {"model": "auth.permission", "pk": 172, "fields": {"name": "Can change assigned product attribute", "content_type": 39, "codename": "change_assignedproductattribute"}}, {"model": "auth.permission", "pk": 173, "fields": {"name": "Can delete assigned product attribute", "content_type": 39, "codename": "delete_assignedproductattribute"}}, {"model": "auth.permission", "pk": 174, "fields": {"name": "Can view assigned product attribute", "content_type": 39, "codename": "view_assignedproductattribute"}}, {"model": "auth.permission", "pk": 175, "fields": {"name": "Can add assigned variant attribute", "content_type": 40, "codename": "add_assignedvariantattribute"}}, {"model": "auth.permission", "pk": 176, "fields": {"name": "Can change assigned variant attribute", "content_type": 40, "codename": "change_assignedvariantattribute"}}, {"model": "auth.permission", "pk": 177, "fields": {"name": "Can delete assigned variant attribute", "content_type": 40, "codename": "delete_assignedvariantattribute"}}, {"model": "auth.permission", "pk": 178, "fields": {"name": "Can view assigned variant attribute", "content_type": 40, "codename": "view_assignedvariantattribute"}}, {"model": "auth.permission", "pk": 179, "fields": {"name": "Can add checkout", "content_type": 41, "codename": "add_checkout"}}, {"model": "auth.permission", "pk": 180, "fields": {"name": "Can change checkout", "content_type": 41, "codename": "change_checkout"}}, {"model": "auth.permission", "pk": 181, "fields": {"name": "Can delete checkout", "content_type": 41, "codename": "delete_checkout"}}, {"model": "auth.permission", "pk": 182, "fields": {"name": "Can view checkout", "content_type": 41, "codename": "view_checkout"}}, {"model": "auth.permission", "pk": 183, "fields": {"name": "Manage checkouts", "content_type": 41, "codename": "manage_checkouts"}}, {"model": "auth.permission", "pk": 184, "fields": {"name": "Can add checkout line", "content_type": 42, "codename": "add_checkoutline"}}, {"model": "auth.permission", "pk": 185, "fields": {"name": "Can change checkout line", "content_type": 42, "codename": "change_checkoutline"}}, {"model": "auth.permission", "pk": 186, "fields": {"name": "Can delete checkout line", "content_type": 42, "codename": "delete_checkoutline"}}, {"model": "auth.permission", "pk": 187, "fields": {"name": "Can view checkout line", "content_type": 42, "codename": "view_checkoutline"}}, {"model": "auth.permission", "pk": 188, "fields": {"name": "Can add menu", "content_type": 43, "codename": "add_menu"}}, {"model": "auth.permission", "pk": 189, "fields": {"name": "Can change menu", "content_type": 43, "codename": "change_menu"}}, {"model": "auth.permission", "pk": 190, "fields": {"name": "Can delete menu", "content_type": 43, "codename": "delete_menu"}}, {"model": "auth.permission", "pk": 191, "fields": {"name": "Can view menu", "content_type": 43, "codename": "view_menu"}}, {"model": "auth.permission", "pk": 192, "fields": {"name": "Manage navigation.", "content_type": 43, "codename": "manage_menus"}}, {"model": "auth.permission", "pk": 193, "fields": {"name": "Can add menu item", "content_type": 44, "codename": "add_menuitem"}}, {"model": "auth.permission", "pk": 194, "fields": {"name": "Can change menu item", "content_type": 44, "codename": "change_menuitem"}}, {"model": "auth.permission", "pk": 195, "fields": {"name": "Can delete menu item", "content_type": 44, "codename": "delete_menuitem"}}, {"model": "auth.permission", "pk": 196, "fields": {"name": "Can view menu item", "content_type": 44, "codename": "view_menuitem"}}, {"model": "auth.permission", "pk": 197, "fields": {"name": "Can add menu item translation", "content_type": 45, "codename": "add_menuitemtranslation"}}, {"model": "auth.permission", "pk": 198, "fields": {"name": "Can change menu item translation", "content_type": 45, "codename": "change_menuitemtranslation"}}, {"model": "auth.permission", "pk": 199, "fields": {"name": "Can delete menu item translation", "content_type": 45, "codename": "delete_menuitemtranslation"}}, {"model": "auth.permission", "pk": 200, "fields": {"name": "Can view menu item translation", "content_type": 45, "codename": "view_menuitemtranslation"}}, {"model": "auth.permission", "pk": 201, "fields": {"name": "Can add order", "content_type": 46, "codename": "add_order"}}, {"model": "auth.permission", "pk": 202, "fields": {"name": "Can change order", "content_type": 46, "codename": "change_order"}}, {"model": "auth.permission", "pk": 203, "fields": {"name": "Can delete order", "content_type": 46, "codename": "delete_order"}}, {"model": "auth.permission", "pk": 204, "fields": {"name": "Can view order", "content_type": 46, "codename": "view_order"}}, {"model": "auth.permission", "pk": 205, "fields": {"name": "Manage orders.", "content_type": 46, "codename": "manage_orders"}}, {"model": "auth.permission", "pk": 206, "fields": {"name": "Can add order line", "content_type": 47, "codename": "add_orderline"}}, {"model": "auth.permission", "pk": 207, "fields": {"name": "Can change order line", "content_type": 47, "codename": "change_orderline"}}, {"model": "auth.permission", "pk": 208, "fields": {"name": "Can delete order line", "content_type": 47, "codename": "delete_orderline"}}, {"model": "auth.permission", "pk": 209, "fields": {"name": "Can view order line", "content_type": 47, "codename": "view_orderline"}}, {"model": "auth.permission", "pk": 210, "fields": {"name": "Can add fulfillment", "content_type": 48, "codename": "add_fulfillment"}}, {"model": "auth.permission", "pk": 211, "fields": {"name": "Can change fulfillment", "content_type": 48, "codename": "change_fulfillment"}}, {"model": "auth.permission", "pk": 212, "fields": {"name": "Can delete fulfillment", "content_type": 48, "codename": "delete_fulfillment"}}, {"model": "auth.permission", "pk": 213, "fields": {"name": "Can view fulfillment", "content_type": 48, "codename": "view_fulfillment"}}, {"model": "auth.permission", "pk": 214, "fields": {"name": "Can add fulfillment line", "content_type": 49, "codename": "add_fulfillmentline"}}, {"model": "auth.permission", "pk": 215, "fields": {"name": "Can change fulfillment line", "content_type": 49, "codename": "change_fulfillmentline"}}, {"model": "auth.permission", "pk": 216, "fields": {"name": "Can delete fulfillment line", "content_type": 49, "codename": "delete_fulfillmentline"}}, {"model": "auth.permission", "pk": 217, "fields": {"name": "Can view fulfillment line", "content_type": 49, "codename": "view_fulfillmentline"}}, {"model": "auth.permission", "pk": 218, "fields": {"name": "Can add order event", "content_type": 50, "codename": "add_orderevent"}}, {"model": "auth.permission", "pk": 219, "fields": {"name": "Can change order event", "content_type": 50, "codename": "change_orderevent"}}, {"model": "auth.permission", "pk": 220, "fields": {"name": "Can delete order event", "content_type": 50, "codename": "delete_orderevent"}}, {"model": "auth.permission", "pk": 221, "fields": {"name": "Can view order event", "content_type": 50, "codename": "view_orderevent"}}, {"model": "auth.permission", "pk": 222, "fields": {"name": "Can add invoice", "content_type": 51, "codename": "add_invoice"}}, {"model": "auth.permission", "pk": 223, "fields": {"name": "Can change invoice", "content_type": 51, "codename": "change_invoice"}}, {"model": "auth.permission", "pk": 224, "fields": {"name": "Can delete invoice", "content_type": 51, "codename": "delete_invoice"}}, {"model": "auth.permission", "pk": 225, "fields": {"name": "Can view invoice", "content_type": 51, "codename": "view_invoice"}}, {"model": "auth.permission", "pk": 226, "fields": {"name": "Can add shipping method", "content_type": 52, "codename": "add_shippingmethod"}}, {"model": "auth.permission", "pk": 227, "fields": {"name": "Can change shipping method", "content_type": 52, "codename": "change_shippingmethod"}}, {"model": "auth.permission", "pk": 228, "fields": {"name": "Can delete shipping method", "content_type": 52, "codename": "delete_shippingmethod"}}, {"model": "auth.permission", "pk": 229, "fields": {"name": "Can view shipping method", "content_type": 52, "codename": "view_shippingmethod"}}, {"model": "auth.permission", "pk": 230, "fields": {"name": "Can add shipping method translation", "content_type": 53, "codename": "add_shippingmethodtranslation"}}, {"model": "auth.permission", "pk": 231, "fields": {"name": "Can change shipping method translation", "content_type": 53, "codename": "change_shippingmethodtranslation"}}, {"model": "auth.permission", "pk": 232, "fields": {"name": "Can delete shipping method translation", "content_type": 53, "codename": "delete_shippingmethodtranslation"}}, {"model": "auth.permission", "pk": 233, "fields": {"name": "Can view shipping method translation", "content_type": 53, "codename": "view_shippingmethodtranslation"}}, {"model": "auth.permission", "pk": 234, "fields": {"name": "Can add shipping zone", "content_type": 54, "codename": "add_shippingzone"}}, {"model": "auth.permission", "pk": 235, "fields": {"name": "Can change shipping zone", "content_type": 54, "codename": "change_shippingzone"}}, {"model": "auth.permission", "pk": 236, "fields": {"name": "Can delete shipping zone", "content_type": 54, "codename": "delete_shippingzone"}}, {"model": "auth.permission", "pk": 237, "fields": {"name": "Can view shipping zone", "content_type": 54, "codename": "view_shippingzone"}}, {"model": "auth.permission", "pk": 238, "fields": {"name": "Manage shipping.", "content_type": 54, "codename": "manage_shipping"}}, {"model": "auth.permission", "pk": 239, "fields": {"name": "Can add site settings", "content_type": 55, "codename": "add_sitesettings"}}, {"model": "auth.permission", "pk": 240, "fields": {"name": "Can change site settings", "content_type": 55, "codename": "change_sitesettings"}}, {"model": "auth.permission", "pk": 241, "fields": {"name": "Can delete site settings", "content_type": 55, "codename": "delete_sitesettings"}}, {"model": "auth.permission", "pk": 242, "fields": {"name": "Can view site settings", "content_type": 55, "codename": "view_sitesettings"}}, {"model": "auth.permission", "pk": 243, "fields": {"name": "Manage settings.", "content_type": 55, "codename": "manage_settings"}}, {"model": "auth.permission", "pk": 244, "fields": {"name": "Manage translations.", "content_type": 55, "codename": "manage_translations"}}, {"model": "auth.permission", "pk": 245, "fields": {"name": "Can add authorization key", "content_type": 56, "codename": "add_authorizationkey"}}, {"model": "auth.permission", "pk": 246, "fields": {"name": "Can change authorization key", "content_type": 56, "codename": "change_authorizationkey"}}, {"model": "auth.permission", "pk": 247, "fields": {"name": "Can delete authorization key", "content_type": 56, "codename": "delete_authorizationkey"}}, {"model": "auth.permission", "pk": 248, "fields": {"name": "Can view authorization key", "content_type": 56, "codename": "view_authorizationkey"}}, {"model": "auth.permission", "pk": 249, "fields": {"name": "Can add site settings translation", "content_type": 57, "codename": "add_sitesettingstranslation"}}, {"model": "auth.permission", "pk": 250, "fields": {"name": "Can change site settings translation", "content_type": 57, "codename": "change_sitesettingstranslation"}}, {"model": "auth.permission", "pk": 251, "fields": {"name": "Can delete site settings translation", "content_type": 57, "codename": "delete_sitesettingstranslation"}}, {"model": "auth.permission", "pk": 252, "fields": {"name": "Can view site settings translation", "content_type": 57, "codename": "view_sitesettingstranslation"}}, {"model": "auth.permission", "pk": 253, "fields": {"name": "Can add page", "content_type": 58, "codename": "add_page"}}, {"model": "auth.permission", "pk": 254, "fields": {"name": "Can change page", "content_type": 58, "codename": "change_page"}}, {"model": "auth.permission", "pk": 255, "fields": {"name": "Can delete page", "content_type": 58, "codename": "delete_page"}}, {"model": "auth.permission", "pk": 256, "fields": {"name": "Can view page", "content_type": 58, "codename": "view_page"}}, {"model": "auth.permission", "pk": 257, "fields": {"name": "Manage pages.", "content_type": 58, "codename": "manage_pages"}}, {"model": "auth.permission", "pk": 258, "fields": {"name": "Can add page translation", "content_type": 59, "codename": "add_pagetranslation"}}, {"model": "auth.permission", "pk": 259, "fields": {"name": "Can change page translation", "content_type": 59, "codename": "change_pagetranslation"}}, {"model": "auth.permission", "pk": 260, "fields": {"name": "Can delete page translation", "content_type": 59, "codename": "delete_pagetranslation"}}, {"model": "auth.permission", "pk": 261, "fields": {"name": "Can view page translation", "content_type": 59, "codename": "view_pagetranslation"}}, {"model": "auth.permission", "pk": 262, "fields": {"name": "Can add transaction", "content_type": 60, "codename": "add_transaction"}}, {"model": "auth.permission", "pk": 263, "fields": {"name": "Can change transaction", "content_type": 60, "codename": "change_transaction"}}, {"model": "auth.permission", "pk": 264, "fields": {"name": "Can delete transaction", "content_type": 60, "codename": "delete_transaction"}}, {"model": "auth.permission", "pk": 265, "fields": {"name": "Can view transaction", "content_type": 60, "codename": "view_transaction"}}, {"model": "auth.permission", "pk": 266, "fields": {"name": "Can add payment", "content_type": 61, "codename": "add_payment"}}, {"model": "auth.permission", "pk": 267, "fields": {"name": "Can change payment", "content_type": 61, "codename": "change_payment"}}, {"model": "auth.permission", "pk": 268, "fields": {"name": "Can delete payment", "content_type": 61, "codename": "delete_payment"}}, {"model": "auth.permission", "pk": 269, "fields": {"name": "Can view payment", "content_type": 61, "codename": "view_payment"}}, {"model": "auth.permission", "pk": 270, "fields": {"name": "Can add warehouse", "content_type": 62, "codename": "add_warehouse"}}, {"model": "auth.permission", "pk": 271, "fields": {"name": "Can change warehouse", "content_type": 62, "codename": "change_warehouse"}}, {"model": "auth.permission", "pk": 272, "fields": {"name": "Can delete warehouse", "content_type": 62, "codename": "delete_warehouse"}}, {"model": "auth.permission", "pk": 273, "fields": {"name": "Can view warehouse", "content_type": 62, "codename": "view_warehouse"}}, {"model": "auth.permission", "pk": 274, "fields": {"name": "Can add stock", "content_type": 63, "codename": "add_stock"}}, {"model": "auth.permission", "pk": 275, "fields": {"name": "Can change stock", "content_type": 63, "codename": "change_stock"}}, {"model": "auth.permission", "pk": 276, "fields": {"name": "Can delete stock", "content_type": 63, "codename": "delete_stock"}}, {"model": "auth.permission", "pk": 277, "fields": {"name": "Can view stock", "content_type": 63, "codename": "view_stock"}}, {"model": "auth.permission", "pk": 278, "fields": {"name": "Can add allocation", "content_type": 64, "codename": "add_allocation"}}, {"model": "auth.permission", "pk": 279, "fields": {"name": "Can change allocation", "content_type": 64, "codename": "change_allocation"}}, {"model": "auth.permission", "pk": 280, "fields": {"name": "Can delete allocation", "content_type": 64, "codename": "delete_allocation"}}, {"model": "auth.permission", "pk": 281, "fields": {"name": "Can view allocation", "content_type": 64, "codename": "view_allocation"}}, {"model": "auth.permission", "pk": 282, "fields": {"name": "Can add webhook", "content_type": 65, "codename": "add_webhook"}}, {"model": "auth.permission", "pk": 283, "fields": {"name": "Can change webhook", "content_type": 65, "codename": "change_webhook"}}, {"model": "auth.permission", "pk": 284, "fields": {"name": "Can delete webhook", "content_type": 65, "codename": "delete_webhook"}}, {"model": "auth.permission", "pk": 285, "fields": {"name": "Can view webhook", "content_type": 65, "codename": "view_webhook"}}, {"model": "auth.permission", "pk": 286, "fields": {"name": "Manage webhooks", "content_type": 65, "codename": "manage_webhooks"}}, {"model": "auth.permission", "pk": 287, "fields": {"name": "Can add webhook event", "content_type": 66, "codename": "add_webhookevent"}}, {"model": "auth.permission", "pk": 288, "fields": {"name": "Can change webhook event", "content_type": 66, "codename": "change_webhookevent"}}, {"model": "auth.permission", "pk": 289, "fields": {"name": "Can delete webhook event", "content_type": 66, "codename": "delete_webhookevent"}}, {"model": "auth.permission", "pk": 290, "fields": {"name": "Can view webhook event", "content_type": 66, "codename": "view_webhookevent"}}, {"model": "auth.permission", "pk": 291, "fields": {"name": "Can add wishlist", "content_type": 67, "codename": "add_wishlist"}}, {"model": "auth.permission", "pk": 292, "fields": {"name": "Can change wishlist", "content_type": 67, "codename": "change_wishlist"}}, {"model": "auth.permission", "pk": 293, "fields": {"name": "Can delete wishlist", "content_type": 67, "codename": "delete_wishlist"}}, {"model": "auth.permission", "pk": 294, "fields": {"name": "Can view wishlist", "content_type": 67, "codename": "view_wishlist"}}, {"model": "auth.permission", "pk": 295, "fields": {"name": "Can add wishlist item", "content_type": 68, "codename": "add_wishlistitem"}}, {"model": "auth.permission", "pk": 296, "fields": {"name": "Can change wishlist item", "content_type": 68, "codename": "change_wishlistitem"}}, {"model": "auth.permission", "pk": 297, "fields": {"name": "Can delete wishlist item", "content_type": 68, "codename": "delete_wishlistitem"}}, {"model": "auth.permission", "pk": 298, "fields": {"name": "Can view wishlist item", "content_type": 68, "codename": "view_wishlistitem"}}, {"model": "auth.permission", "pk": 299, "fields": {"name": "Can add app", "content_type": 69, "codename": "add_app"}}, {"model": "auth.permission", "pk": 300, "fields": {"name": "Can change app", "content_type": 69, "codename": "change_app"}}, {"model": "auth.permission", "pk": 301, "fields": {"name": "Can delete app", "content_type": 69, "codename": "delete_app"}}, {"model": "auth.permission", "pk": 302, "fields": {"name": "Can view app", "content_type": 69, "codename": "view_app"}}, {"model": "auth.permission", "pk": 303, "fields": {"name": "Manage apps", "content_type": 69, "codename": "manage_apps"}}, {"model": "auth.permission", "pk": 304, "fields": {"name": "Can add app token", "content_type": 70, "codename": "add_apptoken"}}, {"model": "auth.permission", "pk": 305, "fields": {"name": "Can change app token", "content_type": 70, "codename": "change_apptoken"}}, {"model": "auth.permission", "pk": 306, "fields": {"name": "Can delete app token", "content_type": 70, "codename": "delete_apptoken"}}, {"model": "auth.permission", "pk": 307, "fields": {"name": "Can view app token", "content_type": 70, "codename": "view_apptoken"}}, {"model": "auth.permission", "pk": 308, "fields": {"name": "Can add conversion rate", "content_type": 71, "codename": "add_conversionrate"}}, {"model": "auth.permission", "pk": 309, "fields": {"name": "Can change conversion rate", "content_type": 71, "codename": "change_conversionrate"}}, {"model": "auth.permission", "pk": 310, "fields": {"name": "Can delete conversion rate", "content_type": 71, "codename": "delete_conversionrate"}}, {"model": "auth.permission", "pk": 311, "fields": {"name": "Can view conversion rate", "content_type": 71, "codename": "view_conversionrate"}}, {"model": "auth.permission", "pk": 312, "fields": {"name": "Can add vat", "content_type": 72, "codename": "add_vat"}}, {"model": "auth.permission", "pk": 313, "fields": {"name": "Can change vat", "content_type": 72, "codename": "change_vat"}}, {"model": "auth.permission", "pk": 314, "fields": {"name": "Can delete vat", "content_type": 72, "codename": "delete_vat"}}, {"model": "auth.permission", "pk": 315, "fields": {"name": "Can view vat", "content_type": 72, "codename": "view_vat"}}, {"model": "auth.permission", "pk": 316, "fields": {"name": "Can add rate types", "content_type": 73, "codename": "add_ratetypes"}}, {"model": "auth.permission", "pk": 317, "fields": {"name": "Can change rate types", "content_type": 73, "codename": "change_ratetypes"}}, {"model": "auth.permission", "pk": 318, "fields": {"name": "Can delete rate types", "content_type": 73, "codename": "delete_ratetypes"}}, {"model": "auth.permission", "pk": 319, "fields": {"name": "Can view rate types", "content_type": 73, "codename": "view_ratetypes"}}, {"model": "auth.permission", "pk": 320, "fields": {"name": "Can add Token", "content_type": 74, "codename": "add_token"}}, {"model": "auth.permission", "pk": 321, "fields": {"name": "Can change Token", "content_type": 74, "codename": "change_token"}}, {"model": "auth.permission", "pk": 322, "fields": {"name": "Can delete Token", "content_type": 74, "codename": "delete_token"}}, {"model": "auth.permission", "pk": 323, "fields": {"name": "Can view Token", "content_type": 74, "codename": "view_token"}}, {"model": "auth.group", "pk": 3, "fields": {"name": "yogesh patel", "permissions": []}}, {"model": "auth.group", "pk": 4, "fields": {"name": "gfghj", "permissions": []}}, {"model": "account.address", "pk": 1, "fields": {"first_name": "Kylie", "last_name": "Mills", "company_name": "", "street_address_1": "93990 Davis Ways", "street_address_2": "", "city": "South Adam", "city_area": "", "postal_code": "72173", "country": "US", "country_area": "AR", "phone": ""}}, {"model": "account.address", "pk": 2, "fields": {"first_name": "Heather", "last_name": "Clements", "company_name": "", "street_address_1": "4309 Moran Ranch Apt. 082", "street_address_2": "", "city": "Makaylaside", "city_area": "", "postal_code": "20041", "country": "US", "country_area": "VA", "phone": ""}}, {"model": "account.address", "pk": 3, "fields": {"first_name": "Whitney", "last_name": "Martinez", "company_name": "", "street_address_1": "49695 David Squares Apt. 418", "street_address_2": "", "city": "Tylerhaven", "city_area": "", "postal_code": "20331", "country": "US", "country_area": "MD", "phone": ""}}, {"model": "account.address", "pk": 4, "fields": {"first_name": "Robert", "last_name": "Kim", "company_name": "", "street_address_1": "010 Denise Landing", "street_address_2": "", "city": "East Amandaport", "city_area": "", "postal_code": "20033", "country": "US", "country_area": "DC", "phone": ""}}, {"model": "account.address", "pk": 5, "fields": {"first_name": "Nicole", "last_name": "Parker", "company_name": "", "street_address_1": "3586 Medina Pike", "street_address_2": "", "city": "Stephenton", "city_area": "", "postal_code": "53032", "country": "US", "country_area": "WI", "phone": ""}}, {"model": "account.address", "pk": 6, "fields": {"first_name": "Sean", "last_name": "Brown", "company_name": "", "street_address_1": "5354 Richard Fort Suite 058", "street_address_2": "", "city": "New Josephville", "city_area": "", "postal_code": "46953", "country": "US", "country_area": "IN", "phone": ""}}, {"model": "account.address", "pk": 7, "fields": {"first_name": "David", "last_name": "Burns", "company_name": "", "street_address_1": "94194 Adam Course Suite 778", "street_address_2": "", "city": "Wilsonview", "city_area": "", "postal_code": "20006", "country": "US", "country_area": "DC", "phone": ""}}, {"model": "account.address", "pk": 8, "fields": {"first_name": "Thomas", "last_name": "Jackson", "company_name": "", "street_address_1": "395 Jessica Motorway", "street_address_2": "", "city": "Mollychester", "city_area": "", "postal_code": "89552", "country": "US", "country_area": "NV", "phone": ""}}, {"model": "account.address", "pk": 9, "fields": {"first_name": "Ashley", "last_name": "Ware", "company_name": "", "street_address_1": "34329 Vance Lakes", "street_address_2": "", "city": "North Debra", "city_area": "", "postal_code": "45331", "country": "US", "country_area": "OH", "phone": ""}}, {"model": "account.address", "pk": 10, "fields": {"first_name": "Michael", "last_name": "Harper", "company_name": "", "street_address_1": "66554 Foster Knolls Suite 389", "street_address_2": "", "city": "South Valerie", "city_area": "", "postal_code": "82220", "country": "US", "country_area": "WY", "phone": ""}}, {"model": "account.address", "pk": 11, "fields": {"first_name": "Curtis", "last_name": "Jenkins", "company_name": "", "street_address_1": "9010 Taylor Drives Suite 850", "street_address_2": "", "city": "Scottview", "city_area": "", "postal_code": "58662", "country": "US", "country_area": "ND", "phone": ""}}, {"model": "account.address", "pk": 12, "fields": {"first_name": "Jeffery", "last_name": "Cochran", "company_name": "", "street_address_1": "79068 Katelyn Mills Apt. 690", "street_address_2": "", "city": "Jessicamouth", "city_area": "", "postal_code": "68116", "country": "US", "country_area": "NE", "phone": ""}}, {"model": "account.address", "pk": 13, "fields": {"first_name": "Andrew", "last_name": "Perez", "company_name": "", "street_address_1": "0091 Walton Lodge", "street_address_2": "", "city": "Garytown", "city_area": "", "postal_code": "51616", "country": "US", "country_area": "IA", "phone": ""}}, {"model": "account.address", "pk": 14, "fields": {"first_name": "Dominique", "last_name": "Fisher", "company_name": "", "street_address_1": "37320 Tyrone Courts", "street_address_2": "", "city": "West Joshuahaven", "city_area": "", "postal_code": "87570", "country": "US", "country_area": "NM", "phone": ""}}, {"model": "account.address", "pk": 15, "fields": {"first_name": "James", "last_name": "Garcia", "company_name": "", "street_address_1": "3966 Sharp Tunnel Suite 744", "street_address_2": "", "city": "New Rachelshire", "city_area": "", "postal_code": "89176", "country": "US", "country_area": "NV", "phone": ""}}, {"model": "account.address", "pk": 16, "fields": {"first_name": "Christine", "last_name": "Smith", "company_name": "", "street_address_1": "5169 Jesse Village Suite 334", "street_address_2": "", "city": "Douglasview", "city_area": "", "postal_code": "99892", "country": "US", "country_area": "AK", "phone": ""}}, {"model": "account.address", "pk": 17, "fields": {"first_name": "Margaret", "last_name": "Bowman", "company_name": "", "street_address_1": "48105 Alexandra Burg Apt. 538", "street_address_2": "", "city": "South Jaybury", "city_area": "", "postal_code": "04018", "country": "US", "country_area": "ME", "phone": ""}}, {"model": "account.address", "pk": 18, "fields": {"first_name": "Michelle", "last_name": "Tapia", "company_name": "", "street_address_1": "4867 Savannah Hills Apt. 002", "street_address_2": "", "city": "Sheilaborough", "city_area": "", "postal_code": "59151", "country": "US", "country_area": "MT", "phone": ""}}, {"model": "account.address", "pk": 19, "fields": {"first_name": "Christian", "last_name": "Barrett", "company_name": "", "street_address_1": "00739 Stacey Run Suite 442", "street_address_2": "", "city": "Joshuaburgh", "city_area": "", "postal_code": "48296", "country": "US", "country_area": "MI", "phone": ""}}, {"model": "account.address", "pk": 20, "fields": {"first_name": "John", "last_name": "Fitzgerald", "company_name": "", "street_address_1": "24704 Jennifer Crossroad", "street_address_2": "", "city": "South Angela", "city_area": "", "postal_code": "20331", "country": "US", "country_area": "MD", "phone": ""}}, {"model": "account.address", "pk": 21, "fields": {"first_name": "Heather", "last_name": "Allen", "company_name": "", "street_address_1": "901 Jeffrey Grove", "street_address_2": "", "city": "New Stephenmouth", "city_area": "", "postal_code": "99537", "country": "US", "country_area": "AK", "phone": ""}}, {"model": "account.address", "pk": 22, "fields": {"first_name": "John", "last_name": "Gates", "company_name": "", "street_address_1": "795 Omar Cove", "street_address_2": "", "city": "East Jeanette", "city_area": "", "postal_code": "57106", "country": "US", "country_area": "SD", "phone": ""}}, {"model": "account.address", "pk": 23, "fields": {"first_name": "Thomas", "last_name": "Boyd", "company_name": "", "street_address_1": "60307 Simmons Expressway", "street_address_2": "", "city": "Port Elizabethfort", "city_area": "", "postal_code": "70297", "country": "US", "country_area": "LA", "phone": ""}}, {"model": "account.address", "pk": 24, "fields": {"first_name": "Justin", "last_name": "Green", "company_name": "", "street_address_1": "2592 Bobby Ridge Suite 225", "street_address_2": "", "city": "Nathanborough", "city_area": "", "postal_code": "01978", "country": "US", "country_area": "MA", "phone": ""}}, {"model": "account.address", "pk": 25, "fields": {"first_name": "Douglas", "last_name": "Marquez", "company_name": "", "street_address_1": "3976 Calvin Camp Apt. 584", "street_address_2": "", "city": "New Tracystad", "city_area": "", "postal_code": "55867", "country": "US", "country_area": "MN", "phone": ""}}, {"model": "account.address", "pk": 26, "fields": {"first_name": "Jennifer", "last_name": "Hayes", "company_name": "", "street_address_1": "689 Christian Curve Apt. 858", "street_address_2": "", "city": "New Amyland", "city_area": "", "postal_code": "83601", "country": "US", "country_area": "ID", "phone": ""}}, {"model": "account.address", "pk": 27, "fields": {"first_name": "Carl", "last_name": "Bernard", "company_name": "", "street_address_1": "7039 Lewis Harbor", "street_address_2": "", "city": "Johnview", "city_area": "", "postal_code": "89003", "country": "US", "country_area": "NV", "phone": ""}}, {"model": "account.address", "pk": 28, "fields": {"first_name": "Dawn", "last_name": "Turner", "company_name": "", "street_address_1": "76400 Crawford Dam", "street_address_2": "", "city": "West Sarah", "city_area": "", "postal_code": "83324", "country": "US", "country_area": "ID", "phone": ""}}, {"model": "account.address", "pk": 29, "fields": {"first_name": "Kevin", "last_name": "Cooper", "company_name": "", "street_address_1": "418 Russell Islands", "street_address_2": "", "city": "Gregmouth", "city_area": "", "postal_code": "27283", "country": "US", "country_area": "NC", "phone": ""}}, {"model": "account.address", "pk": 30, "fields": {"first_name": "Renee", "last_name": "Fletcher", "company_name": "", "street_address_1": "1580 Jenny Turnpike", "street_address_2": "", "city": "Jillshire", "city_area": "", "postal_code": "66022", "country": "US", "country_area": "KS", "phone": ""}}, {"model": "account.address", "pk": 31, "fields": {"first_name": "Timothy", "last_name": "Gordon", "company_name": "", "street_address_1": "36057 Jones Loaf Suite 448", "street_address_2": "", "city": "New Latoyaborough", "city_area": "", "postal_code": "93554", "country": "US", "country_area": "CA", "phone": ""}}, {"model": "account.address", "pk": 32, "fields": {"first_name": "Jeffrey", "last_name": "Wolfe", "company_name": "", "street_address_1": "576 Michael Vista", "street_address_2": "", "city": "Charleschester", "city_area": "", "postal_code": "89209", "country": "US", "country_area": "NV", "phone": ""}}, {"model": "account.address", "pk": 33, "fields": {"first_name": "Jessica", "last_name": "Brown", "company_name": "", "street_address_1": "8452 Mann Mountain Suite 972", "street_address_2": "", "city": "Coleside", "city_area": "", "postal_code": "73140", "country": "US", "country_area": "OK", "phone": ""}}, {"model": "account.address", "pk": 34, "fields": {"first_name": "Steven", "last_name": "Mendoza", "company_name": "", "street_address_1": "2592 Villarreal Point", "street_address_2": "", "city": "Martinchester", "city_area": "", "postal_code": "83482", "country": "US", "country_area": "ID", "phone": ""}}, {"model": "account.address", "pk": 35, "fields": {"first_name": "Gary", "last_name": "Villegas", "company_name": "", "street_address_1": "71034 Tyler River", "street_address_2": "", "city": "Alyssashire", "city_area": "", "postal_code": "88184", "country": "US", "country_area": "NM", "phone": ""}}, {"model": "account.address", "pk": 36, "fields": {"first_name": "Ashley", "last_name": "Tran", "company_name": "", "street_address_1": "2001 Stewart Way", "street_address_2": "", "city": "Bradymouth", "city_area": "", "postal_code": "44721", "country": "US", "country_area": "OH", "phone": ""}}, {"model": "account.address", "pk": 37, "fields": {"first_name": "Ashley", "last_name": "Tran", "company_name": "", "street_address_1": "2001 Stewart Way", "street_address_2": "", "city": "Bradymouth", "city_area": "", "postal_code": "44721", "country": "US", "country_area": "OH", "phone": ""}}, {"model": "account.address", "pk": 38, "fields": {"first_name": "Megan", "last_name": "Graham", "company_name": "", "street_address_1": "04908 Smith Mountain", "street_address_2": "", "city": "Leebury", "city_area": "", "postal_code": "29386", "country": "US", "country_area": "SC", "phone": ""}}, {"model": "account.address", "pk": 39, "fields": {"first_name": "William", "last_name": "Bell", "company_name": "", "street_address_1": "36027 Patrick Spur Suite 761", "street_address_2": "", "city": "Lozanoberg", "city_area": "", "postal_code": "29168", "country": "US", "country_area": "SC", "phone": ""}}, {"model": "account.address", "pk": 40, "fields": {"first_name": "Andrew", "last_name": "Barber", "company_name": "", "street_address_1": "705 Andrea Shoal Suite 061", "street_address_2": "", "city": "Hunterhaven", "city_area": "", "postal_code": "89811", "country": "US", "country_area": "NV", "phone": ""}}, {"model": "account.address", "pk": 41, "fields": {"first_name": "Gregory", "last_name": "Dixon", "company_name": "", "street_address_1": "82690 John Ferry Suite 494", "street_address_2": "", "city": "New Thomasbury", "city_area": "", "postal_code": "60567", "country": "US", "country_area": "IL", "phone": ""}}, {"model": "account.address", "pk": 42, "fields": {"first_name": "Robert", "last_name": "Roberson", "company_name": "", "street_address_1": "178 Williams Center", "street_address_2": "", "city": "Port Angela", "city_area": "", "postal_code": "73037", "country": "US", "country_area": "OK", "phone": ""}}, {"model": "account.address", "pk": 43, "fields": {"first_name": "David", "last_name": "Morgan", "company_name": "", "street_address_1": "40417 Jennifer Crossroad Suite 651", "street_address_2": "", "city": "Port Robert", "city_area": "", "postal_code": "58739", "country": "US", "country_area": "ND", "phone": ""}}, {"model": "account.address", "pk": 44, "fields": {"first_name": "Dennis", "last_name": "Ward", "company_name": "", "street_address_1": "9389 Torres Shoal Suite 438", "street_address_2": "", "city": "North Darrell", "city_area": "", "postal_code": "38305", "country": "US", "country_area": "TN", "phone": ""}}, {"model": "account.address", "pk": 45, "fields": {"first_name": "Steven", "last_name": "Collins", "company_name": "", "street_address_1": "782 Huerta Lake Apt. 931", "street_address_2": "", "city": "Danielport", "city_area": "", "postal_code": "41055", "country": "US", "country_area": "KY", "phone": ""}}, {"model": "account.address", "pk": 46, "fields": {"first_name": "Krista", "last_name": "Downs", "company_name": "", "street_address_1": "0169 Schultz Station", "street_address_2": "", "city": "Port Scottfort", "city_area": "", "postal_code": "55557", "country": "US", "country_area": "MN", "phone": ""}}, {"model": "account.address", "pk": 47, "fields": {"first_name": "Gregory", "last_name": "Stein", "company_name": "", "street_address_1": "12091 Maureen Pass Suite 459", "street_address_2": "", "city": "Jessicafurt", "city_area": "", "postal_code": "66839", "country": "US", "country_area": "KS", "phone": ""}}, {"model": "account.address", "pk": 48, "fields": {"first_name": "Megan", "last_name": "Thompson", "company_name": "", "street_address_1": "54957 Dylan Creek Suite 657", "street_address_2": "", "city": "South Kimberlyside", "city_area": "", "postal_code": "25565", "country": "US", "country_area": "WV", "phone": ""}}, {"model": "account.address", "pk": 49, "fields": {"first_name": "Lisa", "last_name": "Stewart", "company_name": "", "street_address_1": "2846 Rogers Pike", "street_address_2": "", "city": "Amandabury", "city_area": "", "postal_code": "97295", "country": "US", "country_area": "OR", "phone": ""}}, {"model": "account.address", "pk": 50, "fields": {"first_name": "Rachel", "last_name": "Wilson", "company_name": "", "street_address_1": "4009 James Isle", "street_address_2": "", "city": "Aaronmouth", "city_area": "", "postal_code": "07981", "country": "US", "country_area": "NJ", "phone": ""}}, {"model": "account.address", "pk": 51, "fields": {"first_name": "Wesley", "last_name": "Boyd", "company_name": "", "street_address_1": "33959 Kirby Ports Apt. 454", "street_address_2": "", "city": "North Rickview", "city_area": "", "postal_code": "91905", "country": "US", "country_area": "CA", "phone": ""}}, {"model": "account.address", "pk": 52, "fields": {"first_name": "Lindsay", "last_name": "Martinez", "company_name": "", "street_address_1": "68357 Smith Union Suite 929", "street_address_2": "", "city": "Stevensonview", "city_area": "", "postal_code": "40328", "country": "US", "country_area": "KY", "phone": ""}}, {"model": "account.address", "pk": 53, "fields": {"first_name": "Christopher", "last_name": "Burton", "company_name": "", "street_address_1": "702 Rebecca Crossing", "street_address_2": "", "city": "Allisonborough", "city_area": "", "postal_code": "84644", "country": "US", "country_area": "UT", "phone": ""}}, {"model": "account.address", "pk": 54, "fields": {"first_name": "Laura", "last_name": "Price", "company_name": "", "street_address_1": "0182 David Shoal Apt. 726", "street_address_2": "", "city": "Lake Deborah", "city_area": "", "postal_code": "08637", "country": "US", "country_area": "NJ", "phone": ""}}, {"model": "account.address", "pk": 55, "fields": {"first_name": "Austin", "last_name": "Williams", "company_name": "", "street_address_1": "912 Terrell Centers Suite 165", "street_address_2": "", "city": "North Leslie", "city_area": "", "postal_code": "83566", "country": "US", "country_area": "ID", "phone": ""}}, {"model": "account.address", "pk": 56, "fields": {"first_name": "Rebecca", "last_name": "Schwartz", "company_name": "", "street_address_1": "064 Laura Radial Suite 566", "street_address_2": "", "city": "Millsfort", "city_area": "", "postal_code": "19849", "country": "US", "country_area": "DE", "phone": ""}}, {"model": "account.address", "pk": 57, "fields": {"first_name": "Bradley", "last_name": "Ortiz", "company_name": "", "street_address_1": "01500 Vasquez Road Apt. 287", "street_address_2": "", "city": "North Christine", "city_area": "", "postal_code": "57203", "country": "US", "country_area": "SD", "phone": ""}}, {"model": "account.address", "pk": 58, "fields": {"first_name": "John", "last_name": "Adams", "company_name": "", "street_address_1": "9885 Bishop Mission Apt. 415", "street_address_2": "", "city": "North Christopher", "city_area": "", "postal_code": "97379", "country": "US", "country_area": "OR", "phone": ""}}, {"model": "account.address", "pk": 59, "fields": {"first_name": "John", "last_name": "Campos", "company_name": "", "street_address_1": "42051 Carol Causeway", "street_address_2": "", "city": "North Albertmouth", "city_area": "", "postal_code": "99217", "country": "US", "country_area": "WA", "phone": ""}}, {"model": "account.address", "pk": 60, "fields": {"first_name": "Danielle", "last_name": "Williams", "company_name": "", "street_address_1": "304 Reyes Alley Suite 938", "street_address_2": "", "city": "New Maryshire", "city_area": "", "postal_code": "46924", "country": "US", "country_area": "IN", "phone": ""}}, {"model": "account.address", "pk": 61, "fields": {"first_name": "Thomas", "last_name": "Anderson", "company_name": "", "street_address_1": "622 Joseph Mountain Suite 435", "street_address_2": "", "city": "Port Ethanmouth", "city_area": "", "postal_code": "89633", "country": "US", "country_area": "NV", "phone": ""}}, {"model": "account.address", "pk": 62, "fields": {"first_name": "Nicole", "last_name": "Friedman", "company_name": "", "street_address_1": "9417 Gibson Alley Apt. 081", "street_address_2": "", "city": "Ingramfort", "city_area": "", "postal_code": "03235", "country": "US", "country_area": "NH", "phone": ""}}, {"model": "account.address", "pk": 63, "fields": {"first_name": "Danielle", "last_name": "Jackson", "company_name": "", "street_address_1": "187 Paul Court", "street_address_2": "", "city": "West Zachary", "city_area": "", "postal_code": "50058", "country": "US", "country_area": "IA", "phone": ""}}, {"model": "account.address", "pk": 64, "fields": {"first_name": "Derek", "last_name": "Wilson", "company_name": "", "street_address_1": "082 Brian Stream Apt. 804", "street_address_2": "", "city": "Port Jamesmouth", "city_area": "", "postal_code": "59063", "country": "US", "country_area": "MT", "phone": ""}}, {"model": "account.address", "pk": 65, "fields": {"first_name": "Maria", "last_name": "Baxter", "company_name": "", "street_address_1": "53499 Joshua Roads Apt. 682", "street_address_2": "", "city": "Lake Joshuaborough", "city_area": "", "postal_code": "82240", "country": "US", "country_area": "WY", "phone": ""}}, {"model": "account.address", "pk": 66, "fields": {"first_name": "Susan", "last_name": "Mcdaniel", "company_name": "", "street_address_1": "0630 Marsh Stream Apt. 224", "street_address_2": "", "city": "Port Victoria", "city_area": "", "postal_code": "47304", "country": "US", "country_area": "IN", "phone": ""}}, {"model": "account.address", "pk": 67, "fields": {"first_name": "Shawn", "last_name": "Espinoza", "company_name": "", "street_address_1": "522 Billy Crest", "street_address_2": "", "city": "South Angela", "city_area": "", "postal_code": "99568", "country": "US", "country_area": "AK", "phone": ""}}, {"model": "account.address", "pk": 68, "fields": {"first_name": "Deanna", "last_name": "Boyd", "company_name": "", "street_address_1": "98613 Watson Underpass", "street_address_2": "", "city": "North Paulmouth", "city_area": "", "postal_code": "83383", "country": "US", "country_area": "ID", "phone": ""}}, {"model": "account.address", "pk": 69, "fields": {"first_name": "Angela", "last_name": "Dickson", "company_name": "", "street_address_1": "565 Maria Village Apt. 462", "street_address_2": "", "city": "Brittanyport", "city_area": "", "postal_code": "46991", "country": "US", "country_area": "IN", "phone": ""}}, {"model": "account.address", "pk": 70, "fields": {"first_name": "Kylie", "last_name": "George", "company_name": "", "street_address_1": "03803 Davis Walks Suite 184", "street_address_2": "", "city": "Williamport", "city_area": "", "postal_code": "05263", "country": "US", "country_area": "VT", "phone": ""}}, {"model": "account.address", "pk": 71, "fields": {"first_name": "Michael", "last_name": "Gillespie", "company_name": "", "street_address_1": "9326 John Stream Apt. 299", "street_address_2": "", "city": "North Joshua", "city_area": "", "postal_code": "54312", "country": "US", "country_area": "WI", "phone": ""}}, {"model": "account.address", "pk": 72, "fields": {"first_name": "Michael", "last_name": "Gillespie", "company_name": "", "street_address_1": "9326 John Stream Apt. 299", "street_address_2": "", "city": "North Joshua", "city_area": "", "postal_code": "54312", "country": "US", "country_area": "WI", "phone": ""}}, {"model": "account.address", "pk": 73, "fields": {"first_name": "Eric", "last_name": "Davies", "company_name": "", "street_address_1": "4677 Martinez Village", "street_address_2": "", "city": "Lake Janefort", "city_area": "", "postal_code": "30593", "country": "US", "country_area": "GA", "phone": ""}}, {"model": "account.address", "pk": 74, "fields": {"first_name": "Sharon", "last_name": "Turner", "company_name": "", "street_address_1": "75500 Taylor Inlet Suite 256", "street_address_2": "", "city": "South Josemouth", "city_area": "", "postal_code": "48433", "country": "US", "country_area": "MI", "phone": ""}}, {"model": "account.user", "pk": 1, "fields": {"password": "pbkdf2_sha256$180000$Gtxs1kC81hPB$wpLKBvD0vsAJeTmC9Ru8zydj2Lv8ymmu0JJgd22yxuA=", "last_login": "2020-05-07T17:20:25.580Z", "is_superuser": true, "private_metadata": {}, "metadata": {}, "email": "admin@gmail.com", "first_name": "", "last_name": "", "is_staff": true, "is_active": true, "note": null, "date_joined": "2020-04-28T13:00:19.985Z", "default_shipping_address": null, "default_billing_address": null, "avatar": "", "groups": [], "user_permissions": [], "addresses": []}}, {"model": "account.user", "pk": 2, "fields": {"password": "password", "last_login": null, "is_superuser": false, "private_metadata": {}, "metadata": {}, "email": "sean.brown@example.com", "first_name": "Sean", "last_name": "Brown", "is_staff": false, "is_active": true, "note": "System hour arm form life democratic. Size that instead term.", "date_joined": "1973-12-28T04:58:41Z", "default_shipping_address": 6, "default_billing_address": 6, "avatar": "", "groups": [], "user_permissions": [], "addresses": [6]}}, {"model": "account.user", "pk": 3, "fields": {"password": "password", "last_login": null, "is_superuser": false, "private_metadata": {}, "metadata": {}, "email": "david.burns@example.com", "first_name": "David", "last_name": "Burns", "is_staff": false, "is_active": true, "note": "Great thank owner if later. Congress not report admit trial in.", "date_joined": "2008-03-31T22:55:27Z", "default_shipping_address": 7, "default_billing_address": 7, "avatar": "", "groups": [], "user_permissions": [], "addresses": [7]}}, {"model": "account.user", "pk": 4, "fields": {"password": "password", "last_login": null, "is_superuser": false, "private_metadata": {}, "metadata": {}, "email": "thomas.jackson@example.com", "first_name": "Thomas", "last_name": "Jackson", "is_staff": false, "is_active": true, "note": "Deep Congress education article treat. Beat sing chair peace finally.", "date_joined": "1996-02-01T10:02:48Z", "default_shipping_address": 8, "default_billing_address": 8, "avatar": "", "groups": [], "user_permissions": [], "addresses": [8]}}, {"model": "account.user", "pk": 5, "fields": {"password": "password", "last_login": null, "is_superuser": false, "private_metadata": {}, "metadata": {}, "email": "ashley.ware@example.com", "first_name": "Ashley", "last_name": "Ware", "is_staff": false, "is_active": true, "note": "Full test seem.", "date_joined": "1971-03-18T16:15:28Z", "default_shipping_address": 9, "default_billing_address": 9, "avatar": "", "groups": [], "user_permissions": [], "addresses": [9]}}, {"model": "account.user", "pk": 6, "fields": {"password": "password", "last_login": null, "is_superuser": false, "private_metadata": {}, "metadata": {}, "email": "michael.harper@example.com", "first_name": "Michael", "last_name": "Harper", "is_staff": false, "is_active": true, "note": "Than service boy marriage morning. Never born list respond. Citizen physical daughter. Hand visit employee series.", "date_joined": "1973-07-20T14:04:36Z", "default_shipping_address": 10, "default_billing_address": 10, "avatar": "", "groups": [], "user_permissions": [], "addresses": [10]}}, {"model": "account.user", "pk": 7, "fields": {"password": "password", "last_login": null, "is_superuser": false, "private_metadata": {}, "metadata": {}, "email": "curtis.jenkins@example.com", "first_name": "Curtis", "last_name": "Jenkins", "is_staff": false, "is_active": true, "note": "Rise value garden speech. Along compare themselves article simply our show simply. Require task discussion administration.", "date_joined": "1982-12-07T04:06:05Z", "default_shipping_address": 11, "default_billing_address": 11, "avatar": "", "groups": [], "user_permissions": [], "addresses": [11]}}, {"model": "account.user", "pk": 8, "fields": {"password": "password", "last_login": null, "is_superuser": false, "private_metadata": {}, "metadata": {}, "email": "jeffery.cochran@example.com", "first_name": "Jeffery", "last_name": "Cochran", "is_staff": false, "is_active": true, "note": "Music teacher upon again together year. Mention particularly share concern.", "date_joined": "1990-09-22T05:29:11Z", "default_shipping_address": 12, "default_billing_address": 12, "avatar": "", "groups": [], "user_permissions": [], "addresses": [12]}}, {"model": "account.user", "pk": 9, "fields": {"password": "password", "last_login": null, "is_superuser": false, "private_metadata": {}, "metadata": {}, "email": "andrew.perez@example.com", "first_name": "Andrew", "last_name": "Perez", "is_staff": false, "is_active": true, "note": "Total west offer. North employee despite gas another let book. Chance choose receive.", "date_joined": "2016-09-22T08:46:06Z", "default_shipping_address": 13, "default_billing_address": 13, "avatar": "", "groups": [], "user_permissions": [], "addresses": [13]}}, {"model": "account.user", "pk": 10, "fields": {"password": "password", "last_login": null, "is_superuser": false, "private_metadata": {}, "metadata": {}, "email": "dominique.fisher@example.com", "first_name": "Dominique", "last_name": "Fisher", "is_staff": false, "is_active": true, "note": "Prepare threat whose no thought build remain. Strategy among foot lose forget forget.", "date_joined": "2005-09-10T20:12:57Z", "default_shipping_address": 14, "default_billing_address": 14, "avatar": "", "groups": [], "user_permissions": [], "addresses": [14]}}, {"model": "account.user", "pk": 11, "fields": {"password": "password", "last_login": null, "is_superuser": false, "private_metadata": {}, "metadata": {}, "email": "james.garcia@example.com", "first_name": "James", "last_name": "Garcia", "is_staff": false, "is_active": true, "note": "Father site benefit fall clearly body perhaps. Always prevent us service television. House kid end beat.", "date_joined": "1996-11-04T07:18:38Z", "default_shipping_address": 15, "default_billing_address": 15, "avatar": "", "groups": [], "user_permissions": [], "addresses": [15]}}, {"model": "account.user", "pk": 12, "fields": {"password": "password", "last_login": null, "is_superuser": false, "private_metadata": {}, "metadata": {}, "email": "christine.smith@example.com", "first_name": "Christine", "last_name": "Smith", "is_staff": false, "is_active": true, "note": "Particularly down from six kitchen. Course probably forward soon. After face ok reflect ago any clearly.", "date_joined": "2017-02-17T05:26:05Z", "default_shipping_address": 16, "default_billing_address": 16, "avatar": "", "groups": [], "user_permissions": [], "addresses": [16]}}, {"model": "account.user", "pk": 13, "fields": {"password": "password", "last_login": null, "is_superuser": false, "private_metadata": {}, "metadata": {}, "email": "margaret.bowman@example.com", "first_name": "Margaret", "last_name": "Bowman", "is_staff": false, "is_active": true, "note": "Market ask instead pick. Trip process share step.", "date_joined": "2020-01-25T11:38:34Z", "default_shipping_address": 17, "default_billing_address": 17, "avatar": "", "groups": [], "user_permissions": [], "addresses": [17]}}, {"model": "account.user", "pk": 14, "fields": {"password": "password", "last_login": null, "is_superuser": false, "private_metadata": {}, "metadata": {}, "email": "michelle.tapia@example.com", "first_name": "Michelle", "last_name": "Tapia", "is_staff": false, "is_active": true, "note": "Every light deep argue how probably. Way fund we approach.", "date_joined": "1971-08-05T22:23:31Z", "default_shipping_address": 18, "default_billing_address": 18, "avatar": "", "groups": [], "user_permissions": [], "addresses": [18]}}, {"model": "account.user", "pk": 15, "fields": {"password": "password", "last_login": null, "is_superuser": false, "private_metadata": {}, "metadata": {}, "email": "christian.barrett@example.com", "first_name": "Christian", "last_name": "Barrett", "is_staff": false, "is_active": true, "note": "Wish information worry news nothing ask. Thousand environmental check recognize. Success scene go computer century.", "date_joined": "1973-03-14T01:10:48Z", "default_shipping_address": 19, "default_billing_address": 19, "avatar": "", "groups": [], "user_permissions": [], "addresses": [19]}}, {"model": "account.user", "pk": 16, "fields": {"password": "password", "last_login": null, "is_superuser": false, "private_metadata": {}, "metadata": {}, "email": "john.fitzgerald@example.com", "first_name": "John", "last_name": "Fitzgerald", "is_staff": false, "is_active": true, "note": "Their behavior future expert large whom. Level per whose generation move though. Window price test lose.", "date_joined": "2008-12-27T16:25:12Z", "default_shipping_address": 20, "default_billing_address": 20, "avatar": "", "groups": [], "user_permissions": [], "addresses": [20]}}, {"model": "account.user", "pk": 17, "fields": {"password": "password", "last_login": null, "is_superuser": false, "private_metadata": {}, "metadata": {}, "email": "heather.allen@example.com", "first_name": "Heather", "last_name": "Allen", "is_staff": false, "is_active": true, "note": "Detail well book happy into need able up. Former son woman change business why.", "date_joined": "1973-05-07T10:15:30Z", "default_shipping_address": 21, "default_billing_address": 21, "avatar": "", "groups": [], "user_permissions": [], "addresses": [21]}}, {"model": "account.user", "pk": 18, "fields": {"password": "password", "last_login": null, "is_superuser": false, "private_metadata": {}, "metadata": {}, "email": "john.gates@example.com", "first_name": "John", "last_name": "Gates", "is_staff": false, "is_active": true, "note": "Chance stuff think how commercial radio.", "date_joined": "1975-07-22T14:20:06Z", "default_shipping_address": 22, "default_billing_address": 22, "avatar": "", "groups": [], "user_permissions": [], "addresses": [22]}}, {"model": "account.user", "pk": 19, "fields": {"password": "password", "last_login": null, "is_superuser": false, "private_metadata": {}, "metadata": {}, "email": "thomas.boyd@example.com", "first_name": "Thomas", "last_name": "Boyd", "is_staff": false, "is_active": true, "note": "Five certain in picture least for. Kid drive behind analysis wish matter line.", "date_joined": "1981-08-29T09:38:18Z", "default_shipping_address": 23, "default_billing_address": 23, "avatar": "", "groups": [], "user_permissions": [], "addresses": [23]}}, {"model": "account.user", "pk": 20, "fields": {"password": "password", "last_login": null, "is_superuser": false, "private_metadata": {}, "metadata": {}, "email": "justin.green@example.com", "first_name": "Justin", "last_name": "Green", "is_staff": false, "is_active": true, "note": "Seek trial place only must. Whether prepare group candidate policy. Factor risk left doctor really response.", "date_joined": "1998-03-06T21:03:42Z", "default_shipping_address": 24, "default_billing_address": 24, "avatar": "", "groups": [], "user_permissions": [], "addresses": [24]}}, {"model": "account.user", "pk": 21, "fields": {"password": "password", "last_login": null, "is_superuser": false, "private_metadata": {}, "metadata": {}, "email": "douglas.marquez@example.com", "first_name": "Douglas", "last_name": "Marquez", "is_staff": false, "is_active": true, "note": "Cut act push decision road bar. Who spend young either college.", "date_joined": "1994-03-25T13:21:38Z", "default_shipping_address": 25, "default_billing_address": 25, "avatar": "", "groups": [], "user_permissions": [], "addresses": [25]}}, {"model": "account.user", "pk": 22, "fields": {"password": "pbkdf2_sha256$180000$lXADxl4Pw1Oc$meMklMwStEZXExV6Itk2a080vKomrWjnlzM14/S4qBs=", "last_login": "2020-05-07T17:42:22.865Z", "is_superuser": true, "private_metadata": {}, "metadata": {}, "email": "admin@example.com", "first_name": "", "last_name": "", "is_staff": true, "is_active": true, "note": null, "date_joined": "2020-04-29T04:25:00.334Z", "default_shipping_address": 37, "default_billing_address": 37, "avatar": "", "groups": [], "user_permissions": [], "addresses": [37, 72]}}, {"model": "account.user", "pk": 23, "fields": {"password": "pbkdf2_sha256$180000$1Bv14Ccf037D$bLX6KtHrJq15FKsKesOHS6ecIqEG64ow0orQKkx3iKw=", "last_login": null, "is_superuser": false, "private_metadata": {}, "metadata": {}, "email": "megan.graham@example.com", "first_name": "Megan", "last_name": "Graham", "is_staff": true, "is_active": true, "note": null, "date_joined": "2020-04-29T04:25:00.582Z", "default_shipping_address": 38, "default_billing_address": 38, "avatar": "", "groups": [], "user_permissions": [], "addresses": []}}, {"model": "account.user", "pk": 24, "fields": {"password": "pbkdf2_sha256$180000$xqyqlWrdp7u1$lIIeZnqRvJFHnJWeUj+VRFNd0LVziE8/IUvrgj6IRuU=", "last_login": null, "is_superuser": false, "private_metadata": {}, "metadata": {}, "email": "william.bell@example.com", "first_name": "William", "last_name": "Bell", "is_staff": true, "is_active": true, "note": null, "date_joined": "2020-04-29T04:25:00.714Z", "default_shipping_address": 39, "default_billing_address": 39, "avatar": "", "groups": [], "user_permissions": [], "addresses": []}}, {"model": "account.user", "pk": 25, "fields": {"password": "pbkdf2_sha256$180000$OKes5R3A6KbC$oe/ZHkxD3L/t9rIrLjtOdG5GN8DUfeb8lX5EmGLflEc=", "last_login": null, "is_superuser": true, "private_metadata": {}, "metadata": {}, "email": "a@gmail.com", "first_name": "", "last_name": "", "is_staff": true, "is_active": true, "note": null, "date_joined": "2020-04-29T08:47:04.344Z", "default_shipping_address": null, "default_billing_address": null, "avatar": "", "groups": [], "user_permissions": [], "addresses": []}}, {"model": "account.user", "pk": 26, "fields": {"password": "password", "last_login": null, "is_superuser": false, "private_metadata": {}, "metadata": {}, "email": "steven.collins@example.com", "first_name": "Steven", "last_name": "Collins", "is_staff": false, "is_active": true, "note": "Ahead them least. Edge ask inside. Almost save whole sense case good goal. Young movie form technology evening everything first.", "date_joined": "1992-05-16T05:06:27Z", "default_shipping_address": 45, "default_billing_address": 45, "avatar": "", "groups": [], "user_permissions": [], "addresses": [45]}}, {"model": "account.user", "pk": 27, "fields": {"password": "password", "last_login": null, "is_superuser": false, "private_metadata": {}, "metadata": {}, "email": "krista.downs@example.com", "first_name": "Krista", "last_name": "Downs", "is_staff": false, "is_active": true, "note": "Degree value act price. Natural they agency too late. Ground investment call do great paper.", "date_joined": "1981-01-05T11:05:25Z", "default_shipping_address": 46, "default_billing_address": 46, "avatar": "", "groups": [], "user_permissions": [], "addresses": [46]}}, {"model": "account.user", "pk": 28, "fields": {"password": "password", "last_login": null, "is_superuser": false, "private_metadata": {}, "metadata": {}, "email": "gregory.stein@example.com", "first_name": "Gregory", "last_name": "Stein", "is_staff": false, "is_active": true, "note": "Month air pattern official pressure. Training control theory education foreign Mrs where. Yes opportunity chair direction free rule.", "date_joined": "1992-03-25T04:29:26Z", "default_shipping_address": 47, "default_billing_address": 47, "avatar": "", "groups": [], "user_permissions": [], "addresses": [47]}}, {"model": "account.user", "pk": 29, "fields": {"password": "password", "last_login": null, "is_superuser": false, "private_metadata": {}, "metadata": {}, "email": "megan.thompson@example.com", "first_name": "Megan", "last_name": "Thompson", "is_staff": false, "is_active": true, "note": "Help condition accept bag democratic away difficult run. Policy or left listen.", "date_joined": "1973-01-12T12:32:59Z", "default_shipping_address": 48, "default_billing_address": 48, "avatar": "", "groups": [], "user_permissions": [], "addresses": [48]}}, {"model": "account.user", "pk": 30, "fields": {"password": "password", "last_login": null, "is_superuser": false, "private_metadata": {}, "metadata": {}, "email": "lisa.stewart@example.com", "first_name": "Lisa", "last_name": "Stewart", "is_staff": false, "is_active": true, "note": "Significant every culture yard. Rock stay money.", "date_joined": "1994-01-02T06:54:05Z", "default_shipping_address": 49, "default_billing_address": 49, "avatar": "", "groups": [], "user_permissions": [], "addresses": [49]}}, {"model": "account.user", "pk": 31, "fields": {"password": "password", "last_login": null, "is_superuser": false, "private_metadata": {}, "metadata": {}, "email": "rachel.wilson@example.com", "first_name": "Rachel", "last_name": "Wilson", "is_staff": false, "is_active": true, "note": "Fish wish beautiful game. Accept half major family current drop.", "date_joined": "1990-10-09T08:00:34Z", "default_shipping_address": 50, "default_billing_address": 50, "avatar": "", "groups": [], "user_permissions": [], "addresses": [50]}}, {"model": "account.user", "pk": 32, "fields": {"password": "password", "last_login": null, "is_superuser": false, "private_metadata": {}, "metadata": {}, "email": "wesley.boyd@example.com", "first_name": "Wesley", "last_name": "Boyd", "is_staff": false, "is_active": true, "note": "Sell woman plant activity. Second drop put.", "date_joined": "2016-08-11T19:32:36Z", "default_shipping_address": 51, "default_billing_address": 51, "avatar": "", "groups": [], "user_permissions": [], "addresses": [51]}}, {"model": "account.user", "pk": 33, "fields": {"password": "password", "last_login": null, "is_superuser": false, "private_metadata": {}, "metadata": {}, "email": "lindsay.martinez@example.com", "first_name": "Lindsay", "last_name": "Martinez", "is_staff": false, "is_active": true, "note": "World actually represent position.", "date_joined": "1993-04-16T20:59:36Z", "default_shipping_address": 52, "default_billing_address": 52, "avatar": "", "groups": [], "user_permissions": [], "addresses": [52]}}, {"model": "account.user", "pk": 34, "fields": {"password": "password", "last_login": null, "is_superuser": false, "private_metadata": {}, "metadata": {}, "email": "christopher.burton@example.com", "first_name": "Christopher", "last_name": "Burton", "is_staff": false, "is_active": true, "note": "Ok capital language pressure single step. Purpose cup later by identify scientist southern.", "date_joined": "2016-06-22T11:43:30Z", "default_shipping_address": 53, "default_billing_address": 53, "avatar": "", "groups": [], "user_permissions": [], "addresses": [53]}}, {"model": "account.user", "pk": 35, "fields": {"password": "password", "last_login": null, "is_superuser": false, "private_metadata": {}, "metadata": {}, "email": "laura.price@example.com", "first_name": "Laura", "last_name": "Price", "is_staff": false, "is_active": true, "note": "Us reason president paper fund campaign choose. Themselves recognize piece agree agree appear foot ahead.", "date_joined": "2004-07-10T17:08:51Z", "default_shipping_address": 54, "default_billing_address": 54, "avatar": "", "groups": [], "user_permissions": [], "addresses": [54]}}, {"model": "account.user", "pk": 36, "fields": {"password": "password", "last_login": null, "is_superuser": false, "private_metadata": {}, "metadata": {}, "email": "austin.williams@example.com", "first_name": "Austin", "last_name": "Williams", "is_staff": false, "is_active": true, "note": "Field visit and military job own house. Morning soldier continue any bar loss. Energy season set old.", "date_joined": "1975-09-09T23:24:00Z", "default_shipping_address": 55, "default_billing_address": 55, "avatar": "", "groups": [], "user_permissions": [], "addresses": [55]}}, {"model": "account.user", "pk": 37, "fields": {"password": "password", "last_login": null, "is_superuser": false, "private_metadata": {}, "metadata": {}, "email": "rebecca.schwartz@example.com", "first_name": "Rebecca", "last_name": "Schwartz", "is_staff": false, "is_active": true, "note": "Able throughout speak traditional vote left. South far create.", "date_joined": "2008-07-08T09:31:47Z", "default_shipping_address": 56, "default_billing_address": 56, "avatar": "", "groups": [], "user_permissions": [], "addresses": [56]}}, {"model": "account.user", "pk": 38, "fields": {"password": "password", "last_login": null, "is_superuser": false, "private_metadata": {}, "metadata": {}, "email": "bradley.ortiz@example.com", "first_name": "Bradley", "last_name": "Ortiz", "is_staff": false, "is_active": true, "note": "Rule which tonight talk goal allow church. Under drop individual movement big. Billion court tonight attention.", "date_joined": "1971-04-13T23:00:22Z", "default_shipping_address": 57, "default_billing_address": 57, "avatar": "", "groups": [], "user_permissions": [], "addresses": [57]}}, {"model": "account.user", "pk": 39, "fields": {"password": "password", "last_login": null, "is_superuser": false, "private_metadata": {}, "metadata": {}, "email": "john.adams@example.com", "first_name": "John", "last_name": "Adams", "is_staff": false, "is_active": true, "note": "Away around member bed economic if minute.", "date_joined": "1984-09-05T05:37:14Z", "default_shipping_address": 58, "default_billing_address": 58, "avatar": "", "groups": [], "user_permissions": [], "addresses": [58]}}, {"model": "account.user", "pk": 40, "fields": {"password": "password", "last_login": null, "is_superuser": false, "private_metadata": {}, "metadata": {}, "email": "john.campos@example.com", "first_name": "John", "last_name": "Campos", "is_staff": false, "is_active": true, "note": "Stuff green finish forward try Republican yard. Data will themselves late.", "date_joined": "1975-02-06T08:19:43Z", "default_shipping_address": 59, "default_billing_address": 59, "avatar": "", "groups": [], "user_permissions": [], "addresses": [59]}}, {"model": "account.user", "pk": 41, "fields": {"password": "password", "last_login": null, "is_superuser": false, "private_metadata": {}, "metadata": {}, "email": "danielle.williams@example.com", "first_name": "Danielle", "last_name": "Williams", "is_staff": false, "is_active": true, "note": "Continue hospital get finally return attorney. Office week firm sell message dinner nearly.", "date_joined": "1973-11-27T18:21:20Z", "default_shipping_address": 60, "default_billing_address": 60, "avatar": "", "groups": [], "user_permissions": [], "addresses": [60]}}, {"model": "account.user", "pk": 42, "fields": {"password": "password", "last_login": null, "is_superuser": false, "private_metadata": {}, "metadata": {}, "email": "thomas.anderson@example.com", "first_name": "Thomas", "last_name": "Anderson", "is_staff": false, "is_active": true, "note": "Director win card long. Suffer health contain food.", "date_joined": "2011-07-16T08:43:48Z", "default_shipping_address": 61, "default_billing_address": 61, "avatar": "", "groups": [], "user_permissions": [], "addresses": [61]}}, {"model": "account.user", "pk": 43, "fields": {"password": "password", "last_login": null, "is_superuser": false, "private_metadata": {}, "metadata": {}, "email": "nicole.friedman@example.com", "first_name": "Nicole", "last_name": "Friedman", "is_staff": false, "is_active": true, "note": "Live least may meeting development money. Sometimes technology can step never.", "date_joined": "1974-01-27T05:09:49Z", "default_shipping_address": 62, "default_billing_address": 62, "avatar": "", "groups": [], "user_permissions": [], "addresses": [62]}}, {"model": "account.user", "pk": 44, "fields": {"password": "password", "last_login": null, "is_superuser": false, "private_metadata": {}, "metadata": {}, "email": "danielle.jackson@example.com", "first_name": "Danielle", "last_name": "Jackson", "is_staff": false, "is_active": true, "note": "Open sea style it. Hour sometimes hit compare education drug.", "date_joined": "1973-03-30T10:15:54Z", "default_shipping_address": 63, "default_billing_address": 63, "avatar": "", "groups": [], "user_permissions": [], "addresses": [63]}}, {"model": "account.user", "pk": 45, "fields": {"password": "password", "last_login": null, "is_superuser": false, "private_metadata": {}, "metadata": {}, "email": "derek.wilson@example.com", "first_name": "Derek", "last_name": "Wilson", "is_staff": false, "is_active": true, "note": "Act a clear bar identify. Quality reduce oil eight pull involve. Whatever walk successful special social issue name responsibility.", "date_joined": "1988-05-09T19:26:59Z", "default_shipping_address": 64, "default_billing_address": 64, "avatar": "", "groups": [], "user_permissions": [], "addresses": [64]}}, {"model": "account.user", "pk": 46, "fields": {"password": "pbkdf2_sha256$180000$PC4hDvoVRmgp$BG+M1HqCKz9rX5X0xed7owIfX3ABgV71T0ymAyt95y0=", "last_login": null, "is_superuser": false, "private_metadata": {}, "metadata": {}, "email": "eric.davies@example.com", "first_name": "Eric", "last_name": "Davies", "is_staff": true, "is_active": true, "note": null, "date_joined": "2020-04-29T08:47:59.250Z", "default_shipping_address": 73, "default_billing_address": 73, "avatar": "", "groups": [], "user_permissions": [], "addresses": []}}, {"model": "account.user", "pk": 47, "fields": {"password": "pbkdf2_sha256$180000$P0cQOvsGjcIX$0rb/K7h6X9SzgSLuT+6DbY/a30fffiu0cLnFbiR6DD8=", "last_login": null, "is_superuser": false, "private_metadata": {}, "metadata": {}, "email": "sharon.turner@example.com", "first_name": "Sharon", "last_name": "Turner", "is_staff": true, "is_active": true, "note": null, "date_joined": "2020-04-29T08:47:59.408Z", "default_shipping_address": 74, "default_billing_address": 74, "avatar": "", "groups": [], "user_permissions": [], "addresses": []}}, {"model": "account.user", "pk": 48, "fields": {"password": "pbkdf2_sha256$180000$PSngTTHyEZlN$7d4gxr+RqeCU3cRgEgPgzQR/OGMW+qB3f10UrQS8VmE=", "last_login": "2020-05-07T12:11:13.801Z", "is_superuser": true, "private_metadata": {}, "metadata": {}, "email": "ad@gmail.com", "first_name": "", "last_name": "", "is_staff": true, "is_active": true, "note": null, "date_joined": "2020-04-29T14:54:00.752Z", "default_shipping_address": null, "default_billing_address": null, "avatar": "", "groups": [], "user_permissions": [], "addresses": []}}, {"model": "account.user", "pk": 49, "fields": {"password": "pbkdf2_sha256$180000$nCcgs7FkPBck$KAYb+58POjwkQDLyQQvSxw/RXUtwZbqtBHioV6As5Vg=", "last_login": null, "is_superuser": true, "private_metadata": {}, "metadata": {}, "email": "d@gmail.com", "first_name": "", "last_name": "", "is_staff": true, "is_active": true, "note": null, "date_joined": "2020-05-07T09:41:35.024Z", "default_shipping_address": null, "default_billing_address": null, "avatar": "", "groups": [], "user_permissions": [], "addresses": []}}, {"model": "account.user", "pk": 50, "fields": {"password": "", "last_login": null, "is_superuser": false, "private_metadata": {}, "metadata": {}, "email": "yogesh240597.yp@gmail.com", "first_name": "Yogesh", "last_name": "patel", "is_staff": true, "is_active": true, "note": null, "date_joined": "2020-05-07T12:29:32.961Z", "default_shipping_address": null, "default_billing_address": null, "avatar": "", "groups": [], "user_permissions": [], "addresses": []}}, {"model": "account.user", "pk": 51, "fields": {"password": "", "last_login": null, "is_superuser": false, "private_metadata": {}, "metadata": {}, "email": "admin1@gmail.com", "first_name": "ghgh", "last_name": "ghfgh", "is_staff": true, "is_active": true, "note": null, "date_joined": "2020-05-07T17:29:35.351Z", "default_shipping_address": null, "default_billing_address": null, "avatar": "", "groups": [], "user_permissions": [], "addresses": []}}, {"model": "discount.voucher", "pk": 1, "fields": {"type": "shipping", "name": "Free shipping", "code": "FREESHIPPING", "usage_limit": null, "used": 0, "start_date": "2020-04-29T04:24:56.873Z", "end_date": null, "apply_once_per_order": false, "apply_once_per_customer": false, "discount_value_type": "percentage", "discount_value": "100.00", "countries": "", "currency": "USD", "min_spent_amount": null, "min_checkout_items_quantity": null, "products": [], "collections": [], "categories": []}}, {"model": "discount.voucher", "pk": 2, "fields": {"type": "entire_order", "name": "Big order discount", "code": "DISCOUNT", "usage_limit": null, "used": 0, "start_date": "2020-04-29T04:24:56.879Z", "end_date": null, "apply_once_per_order": false, "apply_once_per_customer": false, "discount_value_type": "fixed", "discount_value": "25.00", "countries": "", "currency": "USD", "min_spent_amount": "200.00", "min_checkout_items_quantity": null, "products": [], "collections": [], "categories": []}}, {"model": "discount.voucher", "pk": 3, "fields": {"type": "entire_order", "name": null, "code": "VCO9KV98LC", "usage_limit": null, "used": 0, "start_date": "2020-04-29T04:24:56.883Z", "end_date": null, "apply_once_per_order": false, "apply_once_per_customer": false, "discount_value_type": "percentage", "discount_value": "5.00", "countries": "", "currency": "USD", "min_spent_amount": null, "min_checkout_items_quantity": null, "products": [], "collections": [], "categories": []}}, {"model": "discount.voucher", "pk": 4, "fields": {"type": "entire_order", "name": null, "code": "3Z4452GV9Z", "usage_limit": null, "used": 0, "start_date": "2020-05-15T19:31:00Z", "end_date": null, "apply_once_per_order": true, "apply_once_per_customer": true, "discount_value_type": "percentage", "discount_value": "19.00", "countries": "", "currency": "USD", "min_spent_amount": "0.00", "min_checkout_items_quantity": 0, "products": [], "collections": [], "categories": []}}, {"model": "discount.sale", "pk": 1, "fields": {"name": "Happy another day!", "type": "percentage", "value": "20.00", "start_date": "2020-04-29T04:24:56.501Z", "end_date": null, "products": [73, 85, 117, 112], "categories": [], "collections": []}}, {"model": "discount.sale", "pk": 2, "fields": {"name": "Happy drop day!", "type": "percentage", "value": "30.00", "start_date": "2020-04-29T04:24:56.590Z", "end_date": null, "products": [74, 85, 64, 83], "categories": [], "collections": []}}, {"model": "discount.sale", "pk": 3, "fields": {"name": "Happy record day!", "type": "percentage", "value": "40.00", "start_date": "2020-04-29T04:24:56.651Z", "end_date": null, "products": [79, 78, 84, 118], "categories": [], "collections": []}}, {"model": "discount.sale", "pk": 4, "fields": {"name": "Happy population day!", "type": "percentage", "value": "40.00", "start_date": "2020-04-29T04:24:56.729Z", "end_date": null, "products": [73, 76, 61, 86], "categories": [], "collections": []}}, {"model": "discount.sale", "pk": 5, "fields": {"name": "Happy discuss day!", "type": "percentage", "value": "40.00", "start_date": "2020-04-29T04:24:56.799Z", "end_date": null, "products": [107, 109, 83, 118], "categories": [], "collections": []}}, {"model": "discount.sale", "pk": 6, "fields": {"name": "Happy attention day!", "type": "percentage", "value": "20.00", "start_date": "2020-04-29T08:47:54.472Z", "end_date": null, "products": [76, 89, 63, 111], "categories": [], "collections": []}}, {"model": "discount.sale", "pk": 7, "fields": {"name": "Happy during day!", "type": "percentage", "value": "20.00", "start_date": "2020-04-29T08:47:54.566Z", "end_date": null, "products": [117, 61, 81, 113], "categories": [], "collections": []}}, {"model": "discount.sale", "pk": 8, "fields": {"name": "Happy administration day!", "type": "percentage", "value": "40.00", "start_date": "2020-04-29T08:47:54.637Z", "end_date": null, "products": [72, 115, 85, 78], "categories": [], "collections": []}}, {"model": "discount.sale", "pk": 9, "fields": {"name": "Happy likely day!", "type": "percentage", "value": "50.00", "start_date": "2020-04-29T08:47:54.706Z", "end_date": null, "products": [79, 75, 63, 86], "categories": [], "collections": []}}, {"model": "discount.sale", "pk": 10, "fields": {"name": "Happy doctor day!", "type": "percentage", "value": "40.00", "start_date": "2020-04-29T08:47:54.767Z", "end_date": null, "products": [76, 110, 109, 118], "categories": [], "collections": []}}, {"model": "discount.sale", "pk": 11, "fields": {"name": "jhh", "type": "percentage", "value": "0.00", "start_date": "2020-05-14T18:30:00Z", "end_date": null, "products": [], "categories": [], "collections": []}}, {"model": "giftcard.giftcard", "pk": 1, "fields": {"code": "Gift_card_10", "user": null, "created": "2020-04-29T04:24:56.890Z", "start_date": "2020-04-28", "end_date": null, "last_used_on": null, "is_active": true, "currency": "USD", "initial_balance_amount": "10.00", "current_balance_amount": "10.00"}}, {"model": "product.category", "pk": 7, "fields": {"private_metadata": {}, "metadata": {}, "seo_title": "", "seo_description": "", "name": "Accessories", "slug": "accessories", "description": "", "description_json": {"blocks": [{"key": "", "data": {}, "text": "", "type": "unstyled", "depth": 0, "entityRanges": [], "inlineStyleRanges": []}], "entityMap": {}}, "parent": null, "background_image": "category-backgrounds/accessories_VCrmndt.jpg", "background_image_alt": "", "lft": 1, "rght": 6, "tree_id": 1, "level": 0}}, {"model": "product.category", "pk": 8, "fields": {"private_metadata": {}, "metadata": {}, "seo_title": "", "seo_description": "", "name": "Groceries", "slug": "groceries", "description": "", "description_json": {"blocks": [{"key": "", "data": {}, "text": "", "type": "unstyled", "depth": 0, "entityRanges": [], "inlineStyleRanges": []}], "entityMap": {}}, "parent": null, "background_image": "category-backgrounds/groceries_HLfnLe8.jpg", "background_image_alt": "", "lft": 1, "rght": 6, "tree_id": 2, "level": 0}}, {"model": "product.category", "pk": 9, "fields": {"private_metadata": {}, "metadata": {}, "seo_title": "", "seo_description": "", "name": "Apparel", "slug": "apparel", "description": "", "description_json": {"blocks": [{"key": "", "data": {}, "text": "", "type": "unstyled", "depth": 0, "entityRanges": [], "inlineStyleRanges": []}], "entityMap": {}}, "parent": null, "background_image": "category-backgrounds/apparel_gM8For2.jpg", "background_image_alt": "", "lft": 1, "rght": 10, "tree_id": 3, "level": 0}}, {"model": "product.category", "pk": 10, "fields": {"private_metadata": {}, "metadata": {}, "seo_title": "", "seo_description": "", "name": "T-shirts", "slug": "t-shirts", "description": "", "description_json": {}, "parent": 9, "background_image": "category-backgrounds/apparel_fo5MpeF.jpg", "background_image_alt": "", "lft": 2, "rght": 3, "tree_id": 3, "level": 1}}, {"model": "product.category", "pk": 11, "fields": {"private_metadata": {}, "metadata": {}, "seo_title": "", "seo_description": "", "name": "Polo Shirts", "slug": "polo-shirts", "description": "", "description_json": {}, "parent": 9, "background_image": "category-backgrounds/apparel_UhZPUAa.jpg", "background_image_alt": "", "lft": 4, "rght": 5, "tree_id": 3, "level": 1}}, {"model": "product.category", "pk": 12, "fields": {"private_metadata": {}, "metadata": {}, "seo_title": "", "seo_description": "", "name": "Hoodies", "slug": "hoodies", "description": "", "description_json": {}, "parent": 9, "background_image": "category-backgrounds/apparel_9LYrPfh.jpg", "background_image_alt": "", "lft": 6, "rght": 7, "tree_id": 3, "level": 1}}, {"model": "product.category", "pk": 13, "fields": {"private_metadata": {}, "metadata": {}, "seo_title": "", "seo_description": "", "name": "Footwear", "slug": "footwear", "description": "", "description_json": {}, "parent": 9, "background_image": "category-backgrounds/apparel_tPuRg0v.jpg", "background_image_alt": "", "lft": 8, "rght": 9, "tree_id": 3, "level": 1}}, {"model": "product.category", "pk": 14, "fields": {"private_metadata": {}, "metadata": {}, "seo_title": "", "seo_description": "", "name": "Juices", "slug": "juices", "description": "", "description_json": {}, "parent": 8, "background_image": "category-backgrounds/groceries_ulVP0RD.jpg", "background_image_alt": "", "lft": 2, "rght": 3, "tree_id": 2, "level": 1}}, {"model": "product.category", "pk": 15, "fields": {"private_metadata": {}, "metadata": {}, "seo_title": "", "seo_description": "", "name": "Alcohol", "slug": "alcohol", "description": "", "description_json": {}, "parent": 8, "background_image": "category-backgrounds/groceries_2aFtZJu.jpg", "background_image_alt": "", "lft": 4, "rght": 5, "tree_id": 2, "level": 1}}, {"model": "product.category", "pk": 20, "fields": {"private_metadata": {}, "metadata": {}, "seo_title": "", "seo_description": "", "name": "Paints", "slug": "paints", "description": "", "description_json": {}, "parent": 7, "background_image": "category-backgrounds/accessories_pjNNEpL.jpg", "background_image_alt": "", "lft": 2, "rght": 3, "tree_id": 1, "level": 1}}, {"model": "product.category", "pk": 22, "fields": {"private_metadata": {}, "metadata": {}, "seo_title": "", "seo_description": "", "name": "Homewares", "slug": "homewares", "description": "", "description_json": {}, "parent": 7, "background_image": "category-backgrounds/accessories_XmQGp8u.jpg", "background_image_alt": "", "lft": 4, "rght": 5, "tree_id": 1, "level": 1}}, {"model": "product.producttype", "pk": 7, "fields": {"private_metadata": {}, "metadata": {"vatlayer.code": "standard", "vatlayer.description": ""}, "name": "Paint", "slug": "paint", "has_variants": true, "is_shipping_required": true, "is_digital": false, "weight": "1.0:kg"}}, {"model": "product.producttype", "pk": 8, "fields": {"private_metadata": {}, "metadata": {"vatlayer.code": "standard", "vatlayer.description": ""}, "name": "Music", "slug": "music", "has_variants": true, "is_shipping_required": true, "is_digital": false, "weight": "0.2:kg"}}, {"model": "product.producttype", "pk": 9, "fields": {"private_metadata": {}, "metadata": {"vatlayer.code": "standard", "vatlayer.description": ""}, "name": "Juice", "slug": "juice", "has_variants": true, "is_shipping_required": true, "is_digital": false, "weight": "1.0:kg"}}, {"model": "product.producttype", "pk": 10, "fields": {"private_metadata": {}, "metadata": {"vatlayer.code": "standard", "vatlayer.description": ""}, "name": "Wine", "slug": "wine", "has_variants": false, "is_shipping_required": true, "is_digital": false, "weight": "1.0:kg"}}, {"model": "product.producttype", "pk": 11, "fields": {"private_metadata": {}, "metadata": {"vatlayer.code": "standard", "vatlayer.description": ""}, "name": "Beer", "slug": "beer", "has_variants": false, "is_shipping_required": true, "is_digital": false, "weight": "1.0:kg"}}, {"model": "product.producttype", "pk": 12, "fields": {"private_metadata": {}, "metadata": {"vatlayer.code": "standard", "vatlayer.description": ""}, "name": "Cushion", "slug": "cushion", "has_variants": true, "is_shipping_required": true, "is_digital": false, "weight": "0.5:kg"}}, {"model": "product.producttype", "pk": 13, "fields": {"private_metadata": {}, "metadata": {"vatlayer.code": "standard", "vatlayer.description": ""}, "name": "Shoe", "slug": "shoe", "has_variants": true, "is_shipping_required": true, "is_digital": false, "weight": "1.0:kg"}}, {"model": "product.producttype", "pk": 14, "fields": {"private_metadata": {}, "metadata": {"vatlayer.code": "standard", "vatlayer.description": ""}, "name": "Top (clothing)", "slug": "top-clothing", "has_variants": true, "is_shipping_required": true, "is_digital": false, "weight": "1.0:kg"}}, {"model": "product.producttype", "pk": 16, "fields": {"private_metadata": {}, "metadata": {}, "name": "wine", "slug": "wine-2", "has_variants": false, "is_shipping_required": true, "is_digital": false, "weight": "9.0:kg"}}, {"model": "product.product", "pk": 61, "fields": {"publication_date": null, "is_published": true, "private_metadata": {}, "metadata": {"taxes": {"vatlayer": {"code": "standard", "description": ""}}}, "seo_title": "", "seo_description": "Tonight, my love, let us take fat brushes and paint the skies with the shades of nebula tides. Get the dark, moody shades of the ether.", "product_type": 7, "name": "Nebula Night Sky Paint", "slug": "nebula-night-sky-paint", "description": "Tonight, my love, let us take fat brushes and paint the skies with the shades of nebula tides. Get the dark, moody shades of the ether.", "description_json": {"blocks": [{"key": "", "data": {}, "text": "Tonight, my love, let us take fat brushes and paint the skies with the shades of nebula tides. Get the dark, moody shades of the ether.", "type": "unstyled", "depth": 0, "entityRanges": [], "inlineStyleRanges": []}], "entityMap": {}}, "category": 20, "currency": "USD", "price_amount": "15.00", "minimal_variant_price_amount": "9.00", "updated_at": "2020-04-29T08:47:48.585Z", "charge_taxes": true, "weight": "0.0:kg"}}, {"model": "product.product", "pk": 62, "fields": {"publication_date": null, "is_published": true, "private_metadata": {}, "metadata": {"vatlayer.code": "standard", "vatlayer.description": ""}, "seo_title": "", "seo_description": "The rich, deep hue of space dust. Vacuum packed and airlocked for long-lasting freshness of color.", "product_type": 7, "name": "Space Dust Navy Paint", "slug": "space-dust-navy-paint", "description": "The rich, deep hue of space dust. Vacuum packed and airlocked for long-lasting freshness of color.", "description_json": {"blocks": [{"key": "", "data": {}, "text": "The rich, deep hue of space dust. Vacuum packed and airlocked for long-lasting freshness of color.", "type": "unstyled", "depth": 0, "entityRanges": [], "inlineStyleRanges": []}], "entityMap": {}}, "category": 20, "currency": "USD", "price_amount": "15.00", "minimal_variant_price_amount": "15.00", "updated_at": "2020-04-29T08:47:48.593Z", "charge_taxes": true, "weight": "1.0:kg"}}, {"model": "product.product", "pk": 63, "fields": {"publication_date": null, "is_published": true, "private_metadata": {}, "metadata": {"vatlayer.code": "standard", "vatlayer.description": ""}, "seo_title": "", "seo_description": "", "product_type": 7, "name": "Red Dwarf Red Paint", "slug": "red-dwarf-red-paint", "description": "We are all connected to the universe, because every cell in our bodies was cooked in the hearts of dying stars. Red Dwarf Paint: the color of Carl Sagan\u2019s dreams.", "description_json": {"blocks": [{"key": "", "data": {}, "text": "We are all connected to the universe, because every cell in our bodies was cooked in the hearts of dying stars. Red Dwarf Paint: the color of Carl Sagan\u2019s dreams.", "type": "unstyled", "depth": 0, "entityRanges": [], "inlineStyleRanges": []}], "entityMap": {}}, "category": 20, "currency": "USD", "price_amount": "15.00", "minimal_variant_price_amount": "7.50", "updated_at": "2020-04-29T08:47:48.600Z", "charge_taxes": true, "weight": "0.0:kg"}}, {"model": "product.product", "pk": 64, "fields": {"publication_date": null, "is_published": true, "private_metadata": {}, "metadata": {"vatlayer.code": "standard", "vatlayer.description": ""}, "seo_title": "", "seo_description": "There is life in outer space. This vibrant light speed yellow paint brings life to any surface. Goes on easy and dries at light speed.", "product_type": 7, "name": "Light Speed Yellow Paint", "slug": "light-speed-yellow-paint", "description": "There is life in outer space. This vibrant light speed yellow paint brings life to any surface. Goes on easy and dries at light speed.", "description_json": {"blocks": [{"key": "", "data": {}, "text": "There is life in outer space. This vibrant light speed yellow paint brings life to any surface. Goes on easy and dries at light speed.", "type": "unstyled", "depth": 0, "entityRanges": [], "inlineStyleRanges": []}], "entityMap": {}}, "category": 20, "currency": "USD", "price_amount": "15.00", "minimal_variant_price_amount": "13.50", "updated_at": "2020-04-29T08:47:48.606Z", "charge_taxes": true, "weight": "0.0:kg"}}, {"model": "product.product", "pk": 65, "fields": {"publication_date": null, "is_published": true, "private_metadata": {}, "metadata": {"vatlayer.code": "standard", "vatlayer.description": ""}, "seo_title": "", "seo_description": "Turquoise is the new black. No more gloomy night skies, brighten up your evenings with hyperspace paint.", "product_type": 7, "name": "Hyperspace Turquoise Paint", "slug": "hyperspace-turquoise-paint", "description": "Turquoise is the new black. No more gloomy night skies, brighten up your evenings with hyperspace paint.", "description_json": {"blocks": [{"key": "", "data": {}, "text": "Turquoise is the new black. No more gloomy night skies, brighten up your evenings with hyperspace paint.", "type": "unstyled", "depth": 0, "entityRanges": [], "inlineStyleRanges": []}], "entityMap": {}}, "category": 20, "currency": "USD", "price_amount": "15.00", "minimal_variant_price_amount": "15.00", "updated_at": "2020-04-29T08:47:48.613Z", "charge_taxes": true, "weight": "1.0:kg"}}, {"model": "product.product", "pk": 71, "fields": {"publication_date": null, "is_published": true, "private_metadata": {}, "metadata": {"vatlayer.code": "standard", "vatlayer.description": ""}, "seo_title": "", "seo_description": "Fell from a tree straight into the bottle. No additives, no preservatives, just the refreshing taste of pure sun-kissed Californian oranges.", "product_type": 9, "name": "Orange Juice", "slug": "orange-juice", "description": "Fell from a tree straight into the bottle. No additives, no preservatives, just the refreshing taste of pure sun-kissed Californian oranges.", "description_json": {"blocks": [{"key": "", "data": {}, "text": "Fell from a tree straight into the bottle. No additives, no preservatives, just the refreshing taste of pure sun-kissed Californian oranges.", "type": "unstyled", "depth": 0, "entityRanges": [], "inlineStyleRanges": []}], "entityMap": {}}, "category": 14, "currency": "USD", "price_amount": "3.00", "minimal_variant_price_amount": "3.00", "updated_at": "2020-04-29T08:47:48.619Z", "charge_taxes": true, "weight": "1.0:kg"}}, {"model": "product.product", "pk": 72, "fields": {"publication_date": null, "is_published": true, "private_metadata": {}, "metadata": {"vatlayer.code": "standard", "vatlayer.description": ""}, "seo_title": "", "seo_description": "Fell straight from the tree, on to Newton\u2019s head, then into the bottle. The autumn taste of English apples. Brought to you by gravity.", "product_type": 9, "name": "Apple Juice", "slug": "apple-juice", "description": "Fell straight from the tree, on to Newton\u2019s head, then into the bottle. The autumn taste of English apples. Brought to you by gravity.", "description_json": {"blocks": [{"key": "", "data": {}, "text": "Fell straight from the tree, on to Newton\u2019s head, then into the bottle. The autumn taste of English apples. Brought to you by gravity.", "type": "unstyled", "depth": 0, "entityRanges": [], "inlineStyleRanges": []}], "entityMap": {}}, "category": 14, "currency": "USD", "price_amount": "3.00", "minimal_variant_price_amount": "1.80", "updated_at": "2020-04-29T08:47:48.625Z", "charge_taxes": true, "weight": "1.0:kg"}}, {"model": "product.product", "pk": 73, "fields": {"publication_date": null, "is_published": true, "private_metadata": {}, "metadata": {"vatlayer.code": "standard", "vatlayer.description": ""}, "seo_title": "", "seo_description": "Improve your eyesight the natural way with 100% pure, squeezed carrot juice. The sweet, orange nectar of Mother Earth.", "product_type": 9, "name": "Carrot Juice", "slug": "carrot-juice", "description": "Improve your eyesight the natural way with 100% pure, squeezed carrot juice. The sweet, orange nectar of Mother Earth.", "description_json": {"blocks": [{"key": "", "data": {}, "text": "Improve your eyesight the natural way with 100% pure, squeezed carrot juice. The sweet, orange nectar of Mother Earth.", "type": "unstyled", "depth": 0, "entityRanges": [], "inlineStyleRanges": []}], "entityMap": {}}, "category": 14, "currency": "USD", "price_amount": "3.00", "minimal_variant_price_amount": "3.00", "updated_at": "2020-04-29T08:47:48.631Z", "charge_taxes": true, "weight": "1.0:kg"}}, {"model": "product.product", "pk": 74, "fields": {"publication_date": null, "is_published": true, "private_metadata": {}, "metadata": {"vatlayer.code": "standard", "vatlayer.description": ""}, "seo_title": "", "seo_description": "Build your protein the natural way, with exotic banana juice made from ripe fruit and packed with all the goodness of the tropical sun.", "product_type": 9, "name": "Banana Juice", "slug": "banana-juice", "description": "Build your protein the natural way, with exotic banana juice made from ripe fruit and packed with all the goodness of the tropical sun.", "description_json": {"blocks": [{"key": "", "data": {}, "text": "Build your protein the natural way, with exotic banana juice made from ripe fruit and packed with all the goodness of the tropical sun.", "type": "unstyled", "depth": 0, "entityRanges": [], "inlineStyleRanges": []}], "entityMap": {}}, "category": 14, "currency": "USD", "price_amount": "3.00", "minimal_variant_price_amount": "2.70", "updated_at": "2020-04-29T08:47:48.639Z", "charge_taxes": true, "weight": "1.0:kg"}}, {"model": "product.product", "pk": 75, "fields": {"publication_date": null, "is_published": true, "private_metadata": {}, "metadata": {"vatlayer.code": "standard", "vatlayer.description": ""}, "seo_title": "", "seo_description": "I can\u2019t stand pineapples, so this one is not for me. They have a weird, fluffy, tangy taste. But if it is your kind of thing, then knock yourself out.", "product_type": 9, "name": "Pineapple Juice", "slug": "pineapple-juice", "description": "I can\u2019t stand pineapples, so this one is not for me. They have a weird, fluffy, tangy taste. But if it is your kind of thing, then knock yourself out.", "description_json": {"blocks": [{"key": "", "data": {}, "text": "I can\u2019t stand pineapples, so this one is not for me. They have a weird, fluffy, tangy taste. But if it is your kind of thing, then knock yourself out.", "type": "unstyled", "depth": 0, "entityRanges": [], "inlineStyleRanges": []}], "entityMap": {}}, "category": 14, "currency": "USD", "price_amount": "3.00", "minimal_variant_price_amount": "1.50", "updated_at": "2020-04-29T08:47:48.646Z", "charge_taxes": true, "weight": "1.0:kg"}}, {"model": "product.product", "pk": 76, "fields": {"publication_date": null, "is_published": true, "private_metadata": {}, "metadata": {"vatlayer.code": "standard", "vatlayer.description": ""}, "seo_title": "", "seo_description": "Did you know falling coconuts kill 150 people a year? But did you know that coconut juice is the new superfood? You win some, you lose some.", "product_type": 9, "name": "Coconut Juice", "slug": "coconut-juice", "description": "Did you know falling coconuts kill 150 people a year? But did you know that coconut juice is the new superfood? You win some, you lose some.", "description_json": {"blocks": [{"key": "", "data": {}, "text": "Did you know falling coconuts kill 150 people a year? But did you know that coconut juice is the new superfood? You win some, you lose some.", "type": "unstyled", "depth": 0, "entityRanges": [], "inlineStyleRanges": []}], "entityMap": {}}, "category": 14, "currency": "USD", "price_amount": "3.00", "minimal_variant_price_amount": "1.80", "updated_at": "2020-04-29T08:47:48.654Z", "charge_taxes": true, "weight": "1.0:kg"}}, {"model": "product.product", "pk": 77, "fields": {"publication_date": null, "is_published": true, "private_metadata": {}, "metadata": {"vatlayer.code": "standard", "vatlayer.description": ""}, "seo_title": "", "seo_description": "Is it a bird? Is it a plane? No! It\u2019s some jacked dude who just sucked down a bottle of our brand new power juice! Look at him go!", "product_type": 9, "name": "Power Juice", "slug": "power-juice", "description": "Is it a bird? Is a plane? No! It\u2019s some jacked dude who just sucked down a bottle of our brand new power juice! Look at him go!", "description_json": {"blocks": [{"key": "", "data": {}, "text": "Is it a bird? Is a plane? No! It\u2019s some jacked dude who just sucked down a bottle of our brand new power juice! Look at him go!", "type": "unstyled", "depth": 0, "entityRanges": [], "inlineStyleRanges": []}], "entityMap": {}}, "category": 14, "currency": "USD", "price_amount": "3.00", "minimal_variant_price_amount": "2.10", "updated_at": "2020-04-29T08:47:48.661Z", "charge_taxes": true, "weight": "1.0:kg"}}, {"model": "product.product", "pk": 78, "fields": {"publication_date": null, "is_published": true, "private_metadata": {}, "metadata": {"vatlayer.code": "standard", "vatlayer.description": ""}, "seo_title": "", "seo_description": "Brussel sprouts, spinach, peas, kale, lettuce, cabbage, zucchini, more brussel sprouts. All the greens you\u2019ll ever need in one delicious juice.", "product_type": 9, "name": "Green Juice", "slug": "green-juice", "description": "Brussel sprouts, spinach, peas, kale, lettuce, cabbage, zucchini, more brussel sprouts. All the greens you\u2019ll ever need in one delicious juice.", "description_json": {"blocks": [{"key": "", "data": {}, "text": "Brussel sprouts, spinach, peas, kale, lettuce, cabbage, zucchini, more brussel sprouts. All the greens you\u2019ll ever need in one delicious juice.", "type": "unstyled", "depth": 0, "entityRanges": [], "inlineStyleRanges": []}], "entityMap": {}}, "category": 14, "currency": "USD", "price_amount": "3.00", "minimal_variant_price_amount": "1.80", "updated_at": "2020-04-29T08:47:48.667Z", "charge_taxes": true, "weight": "1.0:kg"}}, {"model": "product.product", "pk": 79, "fields": {"publication_date": null, "is_published": true, "private_metadata": {}, "metadata": {"vatlayer.code": "standard", "vatlayer.description": ""}, "seo_title": "", "seo_description": "Bean there, drunk that! The energy drink for the health-conscious. Brand new bean juice; from allotment to bottle in under 8 hours.", "product_type": 9, "name": "Bean Juice", "slug": "bean-juice", "description": "Bean there, drunk that! The energy drink for the health-conscious. Brand new bean juice; from allotment to bottle in under 8 hours.", "description_json": {"blocks": [{"key": "", "data": {}, "text": "Bean there, drunk that! The energy drink for the health-conscious. Brand new bean juice; from allotment to bottle in under 8 hours.", "type": "unstyled", "depth": 0, "entityRanges": [], "inlineStyleRanges": []}], "entityMap": {}}, "category": 14, "currency": "USD", "price_amount": "3.00", "minimal_variant_price_amount": "1.50", "updated_at": "2020-04-29T08:47:48.673Z", "charge_taxes": true, "weight": "1.0:kg"}}, {"model": "product.product", "pk": 81, "fields": {"publication_date": null, "is_published": true, "private_metadata": {}, "metadata": {"vatlayer.code": "standard", "vatlayer.description": ""}, "seo_title": "", "seo_description": "A fine, mature red with a hint of blackberry, an undertone of the alkaline Burgundy soil, a delicate aftertaste of burnt garlic, and a whole lot of grapes.", "product_type": 10, "name": "Red Wine", "slug": "red-wine", "description": "A fine, mature red with a hint of blackberry, an undertone of the alkaline Burgundy soil, a delicate aftertaste of burnt garlic, and a whole lot of grapes.", "description_json": {"blocks": [{"key": "", "data": {}, "text": "A fine, mature red with a hint of blackberry, an undertone of the alkaline Burgundy soil, a delicate aftertaste of burnt garlic, and a whole lot of grapes.", "type": "unstyled", "depth": 0, "entityRanges": [], "inlineStyleRanges": []}], "entityMap": {}}, "category": 15, "currency": "USD", "price_amount": "15.00", "minimal_variant_price_amount": "12.00", "updated_at": "2020-04-29T08:47:48.680Z", "charge_taxes": true, "weight": "0.0:kg"}}, {"model": "product.product", "pk": 82, "fields": {"publication_date": null, "is_published": true, "private_metadata": {}, "metadata": {"vatlayer.code": "standard", "vatlayer.description": ""}, "seo_title": "", "seo_description": "Watch the slow setting sun of a wild summer evening sink into the horizon as you sip white wine that tastes like bittersweet memories of halcyon days.", "product_type": 10, "name": "White Wine", "slug": "white-wine", "description": "Watch the slow setting sun of a wild summer evening sink into the horizon as you sip white wine that tastes like bittersweet memories of halcyon days.", "description_json": {"blocks": [{"key": "", "data": {}, "text": "Watch the slow setting sun of a wild summer evening sink into the horizon as you sip white wine that tastes like bittersweet memories of halcyon days.", "type": "unstyled", "depth": 0, "entityRanges": [], "inlineStyleRanges": []}], "entityMap": {}}, "category": 15, "currency": "USD", "price_amount": "15.00", "minimal_variant_price_amount": "15.00", "updated_at": "2020-04-29T08:47:48.686Z", "charge_taxes": true, "weight": "0.0:kg"}}, {"model": "product.product", "pk": 83, "fields": {"publication_date": null, "is_published": true, "private_metadata": {}, "metadata": {"vatlayer.code": "standard", "vatlayer.description": ""}, "seo_title": "", "seo_description": "Find your sea legs and then lose the power to use them with extra strong seaman\u2019s lager. Don\u2019t drink and sail, me hearties!", "product_type": 11, "name": "Seaman Lager", "slug": "seaman-lager", "description": "Find your sea legs and then lose the power to use them with extra strong seaman\u2019s lager. Don\u2019t drink and sail, me hearties!", "description_json": {"blocks": [{"key": "", "data": {}, "text": "Find your sea legs and then lose the power to use them with extra strong seaman\u2019s lager. Don\u2019t drink and sail, me hearties!", "type": "unstyled", "depth": 0, "entityRanges": [], "inlineStyleRanges": []}], "entityMap": {}}, "category": 15, "currency": "USD", "price_amount": "3.00", "minimal_variant_price_amount": "3.00", "updated_at": "2020-04-29T08:47:48.692Z", "charge_taxes": true, "weight": "1.0:kg"}}, {"model": "product.product", "pk": 84, "fields": {"publication_date": null, "is_published": true, "private_metadata": {}, "metadata": {"vatlayer.code": "standard", "vatlayer.description": ""}, "seo_title": "", "seo_description": "Best beer on the seven seas. A dark ale for when the dark clouds gather overhead. The nutty nautical taste that sailors love.", "product_type": 11, "name": "Seaman Beer", "slug": "seaman-beer", "description": "Best beer on the seven seas. A dark ale for when the dark clouds gather overhead. The nutty nautical taste that sailors love.", "description_json": {"blocks": [{"key": "", "data": {}, "text": "Best beer on the seven seas. A dark ale for when the dark clouds gather overhead. The nutty nautical taste that sailors love.", "type": "unstyled", "depth": 0, "entityRanges": [], "inlineStyleRanges": []}], "entityMap": {}}, "category": 15, "currency": "USD", "price_amount": "3.20", "minimal_variant_price_amount": "1.60", "updated_at": "2020-04-29T08:47:48.700Z", "charge_taxes": true, "weight": "1.0:kg"}}, {"model": "product.product", "pk": 85, "fields": {"publication_date": null, "is_published": true, "private_metadata": {}, "metadata": {"vatlayer.code": "standard", "vatlayer.description": ""}, "seo_title": "", "seo_description": "Add a little color to your life with a Saleor parrot cushion. Turns any old sofa into a rainbow of classy interior design.", "product_type": 12, "name": "Colored Parrot Cushion", "slug": "colored-parrot-cushion", "description": "Add a little color to your life with a Saleor parrot cushion. Turns any old sofa into a rainbow of classy interior design.", "description_json": {"blocks": [{"key": "", "data": {}, "text": "Add a little color to your life with a Saleor parrot cushion. Turns any old sofa into a rainbow of classy interior design.", "type": "unstyled", "depth": 0, "entityRanges": [], "inlineStyleRanges": []}], "entityMap": {}}, "category": 22, "currency": "USD", "price_amount": "20.00", "minimal_variant_price_amount": "12.00", "updated_at": "2020-04-29T08:47:48.708Z", "charge_taxes": true, "weight": "0.0:kg"}}, {"model": "product.product", "pk": 86, "fields": {"publication_date": null, "is_published": true, "private_metadata": {}, "metadata": {"vatlayer.code": "standard", "vatlayer.description": ""}, "seo_title": "", "seo_description": "Minimalist interiors need simple, sleek soft furnishings. Don\u2019t parrot what others do, set your own monochrome trends with Saleor designs.", "product_type": 12, "name": "White Parrot Cushion", "slug": "white-parrot-cushion", "description": "Minimalist interiors need simple, sleek soft furnishings. Don\u2019t parrot what others do, set your own monochrome trends with Saleor designs.", "description_json": {"blocks": [{"key": "", "data": {}, "text": "Minimalist interiors need simple, sleek soft furnishings. Don\u2019t parrot what others do, set your own monochrome trends with Saleor designs.", "type": "unstyled", "depth": 0, "entityRanges": [], "inlineStyleRanges": []}], "entityMap": {}}, "category": 22, "currency": "USD", "price_amount": "20.00", "minimal_variant_price_amount": "10.00", "updated_at": "2020-04-29T08:47:48.715Z", "charge_taxes": true, "weight": "0.0:kg"}}, {"model": "product.product", "pk": 87, "fields": {"publication_date": null, "is_published": true, "private_metadata": {}, "metadata": {"vatlayer.code": "standard", "vatlayer.description": ""}, "seo_title": "", "seo_description": "Mellow yellow. Step into summer with Saleor. Every time your head goes down, you see these beauties, and your mood bounces right back up.", "product_type": 13, "name": "Yellow Plimsolls", "slug": "yellow-plimsolls", "description": "Mellow yellow. Step into summer with Saleor. Every time your head goes down, you see these beauties, and your mood bounces right back up.", "description_json": {"blocks": [{"key": "", "data": {}, "text": "Mellow yellow. Step into summer with Saleor. Every time your head goes down, you see these beauties, and your mood bounces right back up.", "type": "unstyled", "depth": 0, "entityRanges": [], "inlineStyleRanges": []}], "entityMap": {}}, "category": 13, "currency": "USD", "price_amount": "59.00", "minimal_variant_price_amount": "59.00", "updated_at": "2020-04-29T08:47:48.721Z", "charge_taxes": true, "weight": "0.0:kg"}}, {"model": "product.product", "pk": 88, "fields": {"publication_date": null, "is_published": true, "private_metadata": {}, "metadata": {"vatlayer.code": "standard", "vatlayer.description": ""}, "seo_title": "", "seo_description": "PE at school wouldn\u2019t have been such a drag with these on your feet. Slip on the style and stride tall with Saleor branded plimsolls. PE now stands for pretty elegant.", "product_type": 13, "name": "White Plimsolls", "slug": "white-plimsolls", "description": "PE at school wouldn\u2019t have been such a drag with these on your feet. Slip on the style and stride tall with Saleor branded plimsolls. PE now stands for pretty elegant.", "description_json": {"blocks": [{"key": "", "data": {}, "text": "PE at school wouldn\u2019t have been such a drag with these on your feet. Slip on the style and stride tall with Saleor branded plimsolls. PE now stands for pretty elegant.", "type": "unstyled", "depth": 0, "entityRanges": [], "inlineStyleRanges": []}], "entityMap": {}}, "category": 13, "currency": "USD", "price_amount": "49.00", "minimal_variant_price_amount": "24.50", "updated_at": "2020-04-29T08:47:48.732Z", "charge_taxes": true, "weight": "1.0:kg"}}, {"model": "product.product", "pk": 89, "fields": {"publication_date": null, "is_published": true, "private_metadata": {}, "metadata": {"vatlayer.code": "standard", "vatlayer.description": ""}, "seo_title": "", "seo_description": "Pay homage to the music and art of Joy Division and Peter Saville, but with a Mirumee twist. Perfect live transmission apparel for dead souls.", "product_type": 14, "name": "Code Division T-shirt", "slug": "code-division-t-shirt", "description": "Pay homage to the music and art of a Joy Division and Peter Saville, but with a Mirumee twist. Perfect live transmission apparel for dead souls.", "description_json": {"blocks": [{"key": "", "data": {}, "text": "Pay homage to the music and art of a Joy Division and Peter Saville, but with a Mirumee twist. Perfect live transmission apparel for dead souls.", "type": "unstyled", "depth": 0, "entityRanges": [], "inlineStyleRanges": []}], "entityMap": {}}, "category": 10, "currency": "USD", "price_amount": "30.00", "minimal_variant_price_amount": "24.00", "updated_at": "2020-04-29T08:47:48.743Z", "charge_taxes": true, "weight": "0.0:kg"}}, {"model": "product.product", "pk": 107, "fields": {"publication_date": null, "is_published": true, "private_metadata": {}, "metadata": {"vatlayer.code": "standard", "vatlayer.description": ""}, "seo_title": "", "seo_description": "Ever have those days where you feel a bit geometric? Can't quite shape yourself up right? Show your different sides with a Saleor styles.", "product_type": 14, "name": "Polo Shirt", "slug": "polo-shirt", "description": "Ever have those days where you feel a bit geometric? Can't quite shape yourself up right? Show your different sides with a Saleor styles.", "description_json": {"blocks": [{"key": "", "data": {}, "text": "Ever have those days where you feel a bit geometric? Can't quite shape yourself up right? Show your different sides with a Saleor styles.", "type": "unstyled", "depth": 0, "entityRanges": [], "inlineStyleRanges": []}], "entityMap": {}}, "category": 11, "currency": "USD", "price_amount": "30.00", "minimal_variant_price_amount": "15.00", "updated_at": "2020-04-29T08:47:48.752Z", "charge_taxes": true, "weight": "0.0:kg"}}, {"model": "product.product", "pk": 108, "fields": {"publication_date": null, "is_published": true, "private_metadata": {}, "metadata": {"vatlayer.code": "standard", "vatlayer.description": ""}, "seo_title": "", "seo_description": "Polo? Yolo\u2026 so don\u2019t waste time on the wrong apparel. Choose a polo shirt that looks as good as you feel.", "product_type": 14, "name": "Polo Shirt", "slug": "polo-shirt-2", "description": "Polo? Yolo\u2026 so don\u2019t waste time on the wrong apparel. Choose a polo shirt that looks as good as you feel.", "description_json": {"blocks": [{"key": "", "data": {}, "text": "Polo? Yolo\u2026 so don\u2019t waste time on the wrong apparel. Choose a polo shirt that looks as good as you feel.", "type": "unstyled", "depth": 0, "entityRanges": [], "inlineStyleRanges": []}], "entityMap": {}}, "category": 11, "currency": "USD", "price_amount": "30.00", "minimal_variant_price_amount": "30.00", "updated_at": "2020-04-29T08:47:48.758Z", "charge_taxes": true, "weight": "0.0:kg"}}, {"model": "product.product", "pk": 109, "fields": {"publication_date": null, "is_published": true, "private_metadata": {}, "metadata": {"vatlayer.code": "standard", "vatlayer.description": ""}, "seo_title": "", "seo_description": "Wondering if this will look as good on you as it does on the screen? The answer is yes. A quality polo with smart styling.", "product_type": 14, "name": "Polo Shirt", "slug": "polo-shirt-3", "description": "Wondering if this will look as good on you as it does on the screen? The answer is yes. A quality polo with smart styling.", "description_json": {"blocks": [{"key": "", "data": {}, "text": "Wondering if this will look as good on you as it does on the screen? The answer is yes. A quality polo with smart styling.", "type": "unstyled", "depth": 0, "entityRanges": [], "inlineStyleRanges": []}], "entityMap": {}}, "category": 11, "currency": "USD", "price_amount": "30.00", "minimal_variant_price_amount": "18.00", "updated_at": "2020-04-29T08:47:48.765Z", "charge_taxes": true, "weight": "0.0:kg"}}, {"model": "product.product", "pk": 110, "fields": {"publication_date": null, "is_published": true, "private_metadata": {}, "metadata": {"vatlayer.code": "standard", "vatlayer.description": ""}, "seo_title": "", "seo_description": "They say polo is the sport of kings. Or was that stamp collecting? Either way, this shirt is fit for a king of Saturday night.", "product_type": 14, "name": "Polo Shirt", "slug": "polo-shirt-4", "description": "They say polo is the sport of kings. Or was that stamp collecting? Either way, this shirt is fit for a king of Saturday night.", "description_json": {"blocks": [{"key": "", "data": {}, "text": "They say polo is the sport of kings. Or was that stamp collecting? Either way, this shirt is fit for a king of Saturday night.", "type": "unstyled", "depth": 0, "entityRanges": [], "inlineStyleRanges": []}], "entityMap": {}}, "category": 11, "currency": "USD", "price_amount": "30.00", "minimal_variant_price_amount": "18.00", "updated_at": "2020-04-29T08:47:48.771Z", "charge_taxes": true, "weight": "0.0:kg"}}, {"model": "product.product", "pk": 111, "fields": {"publication_date": null, "is_published": true, "private_metadata": {}, "metadata": {"vatlayer.code": "standard", "vatlayer.description": ""}, "seo_title": "", "seo_description": "One style fits all. Get a look that works even when you are taking it easy. Relaxed wear for the masses.", "product_type": 14, "name": "T-shirt", "slug": "t-shirt-2", "description": "One style fits all. Get a look that works even when you are taking it easy. Relaxed wear for the masses.", "description_json": {"blocks": [{"key": "", "data": {}, "text": "One style fits all. Get a look that works even when you are taking it easy. Relaxed wear for the masses.", "type": "unstyled", "depth": 0, "entityRanges": [], "inlineStyleRanges": []}], "entityMap": {}}, "category": 10, "currency": "USD", "price_amount": "30.00", "minimal_variant_price_amount": "24.00", "updated_at": "2020-04-29T08:47:48.785Z", "charge_taxes": true, "weight": "0.0:kg"}}, {"model": "product.product", "pk": 112, "fields": {"publication_date": null, "is_published": true, "private_metadata": {}, "metadata": {"vatlayer.code": "standard", "vatlayer.description": ""}, "seo_title": "", "seo_description": "A classic tee for a timeless look, at a great price. Feel like a million bucks without breaking the bank.", "product_type": 14, "name": "T-shirt", "slug": "t-shirt", "description": "A classic tee for a timeless look, at a great price. Feel like a million bucks without breaking the bank.", "description_json": {"blocks": [{"key": "", "data": {}, "text": "A classic tee for a timeless look, at a great price. Feel like a million bucks without breaking the bank.", "type": "unstyled", "depth": 0, "entityRanges": [], "inlineStyleRanges": []}], "entityMap": {}}, "category": 10, "currency": "USD", "price_amount": "30.00", "minimal_variant_price_amount": "30.00", "updated_at": "2020-04-29T08:47:48.795Z", "charge_taxes": true, "weight": "0.0:kg"}}, {"model": "product.product", "pk": 113, "fields": {"publication_date": null, "is_published": true, "private_metadata": {}, "metadata": {"vatlayer.code": "standard", "vatlayer.description": ""}, "seo_title": "", "seo_description": "Want to look like you just fell out of bed? Sometimes style can be effortless. Throw it on get on with having a good day.", "product_type": 14, "name": "T-shirt", "slug": "t-shirt-4", "description": "Want to look like you just fell out of bed? Sometimes style can be effortless. Throw it on get on with having a good day.", "description_json": {"blocks": [{"key": "", "data": {}, "text": "Want to look like you just fell out of bed? Sometimes style can be effortless. Throw it on get on with having a good day.", "type": "unstyled", "depth": 0, "entityRanges": [], "inlineStyleRanges": []}], "entityMap": {}}, "category": 10, "currency": "USD", "price_amount": "30.00", "minimal_variant_price_amount": "24.00", "updated_at": "2020-04-29T08:47:48.803Z", "charge_taxes": true, "weight": "0.0:kg"}}, {"model": "product.product", "pk": 114, "fields": {"publication_date": null, "is_published": true, "private_metadata": {}, "metadata": {"vatlayer.code": "standard", "vatlayer.description": ""}, "seo_title": "", "seo_description": "Your t-shirt is your second skin. It\u2019s the version of you that you show to the world. Wear one that flows with your movements and is built to last.", "product_type": 14, "name": "T-shirt", "slug": "t-shirt-3", "description": "Your t-shirt is your second skin. It\u2019s the version of you that you show to the world. Wear one that flows with your movements and is built to last.", "description_json": {"blocks": [{"key": "", "data": {}, "text": "Your t-shirt is your second skin. It\u2019s the version of you that you show to the world. Wear one that flows with your movements and is built to last.", "type": "unstyled", "depth": 0, "entityRanges": [], "inlineStyleRanges": []}], "entityMap": {}}, "category": 10, "currency": "USD", "price_amount": "30.00", "minimal_variant_price_amount": "30.00", "updated_at": "2020-04-29T08:47:48.812Z", "charge_taxes": true, "weight": "0.0:kg"}}, {"model": "product.product", "pk": 115, "fields": {"publication_date": null, "is_published": true, "private_metadata": {}, "metadata": {"vatlayer.code": "standard", "vatlayer.description": ""}, "seo_title": "", "seo_description": "Special offer. Buy a hood and get a free jet black sweater attached. Perfect for when you are up to no good.", "product_type": 14, "name": "Black Hoodie", "slug": "black-hoodie", "description": "Special offer. Buy a hood and get a free jet black sweater attached. Perfect for when you are up to no good.", "description_json": {"blocks": [{"key": "", "data": {}, "text": "Special offer. Buy a hood and get a free jet black sweater attached. Perfect for when you are up to no good.", "type": "unstyled", "depth": 0, "entityRanges": [], "inlineStyleRanges": []}], "entityMap": {}}, "category": 12, "currency": "USD", "price_amount": "30.00", "minimal_variant_price_amount": "18.00", "updated_at": "2020-04-29T08:47:48.820Z", "charge_taxes": true, "weight": "0.0:kg"}}, {"model": "product.product", "pk": 116, "fields": {"publication_date": null, "is_published": true, "private_metadata": {}, "metadata": {"vatlayer.code": "standard", "vatlayer.description": ""}, "seo_title": "", "seo_description": "Special offer. Buy a superhero blue sweater and get a free hood attached. Ideal for when you are out saving the world.", "product_type": 14, "name": "Blue Hoodie", "slug": "blue-hoodie", "description": "Special offer. Buy a superhero blue sweater and get a free hood attached. Ideal for when you are out saving the world.", "description_json": {"blocks": [{"key": "", "data": {}, "text": "Special offer. Buy a superhero blue sweater and get a free hood attached. Ideal for when you are out saving the world.", "type": "unstyled", "depth": 0, "entityRanges": [], "inlineStyleRanges": []}], "entityMap": {}}, "category": 12, "currency": "USD", "price_amount": "30.00", "minimal_variant_price_amount": "30.00", "updated_at": "2020-04-29T08:47:48.826Z", "charge_taxes": true, "weight": "0.0:kg"}}, {"model": "product.product", "pk": 117, "fields": {"publication_date": null, "is_published": true, "private_metadata": {}, "metadata": {"vatlayer.code": "standard", "vatlayer.description": ""}, "seo_title": "", "seo_description": "Who dunnit? It was Colonel Mustard, in the dining room, with the lead piping, wearing this hot as mustard hoodie.", "product_type": 14, "name": "Mustard Hoodie", "slug": "mustard-hoodie", "description": "Who dunnit? It was Colonel Mustard, in the dining room, with the lead piping, wearing this hot as mustard hoodie.", "description_json": {"blocks": [{"key": "", "data": {}, "text": "Who dunnit? It was Colonel Mustard, in the dining room, with the lead piping, wearing this hot as mustard hoodie.", "type": "unstyled", "depth": 0, "entityRanges": [], "inlineStyleRanges": []}], "entityMap": {}}, "category": 12, "currency": "USD", "price_amount": "30.00", "minimal_variant_price_amount": "24.00", "updated_at": "2020-04-29T08:47:48.833Z", "charge_taxes": true, "weight": "0.0:kg"}}, {"model": "product.product", "pk": 118, "fields": {"publication_date": null, "is_published": true, "private_metadata": {}, "metadata": {"vatlayer.code": "standard", "vatlayer.description": ""}, "seo_title": "", "seo_description": "Get your slouch on and be seen with a whiter than white hoodie straight from the streets. Relaxed stylin\u2019 and profilin\u2019 with flair.", "product_type": 14, "name": "White Hoodie", "slug": "white-hoodie", "description": "Get your slouch on and be seen with a whiter than white hoodie straight from the streets. Relaxed stylin\u2019 and profilin\u2019 with flair.", "description_json": {"blocks": [{"key": "", "data": {}, "text": "Get your slouch on and be seen with a whiter than white hoodie straight from the streets. Relaxed stylin\u2019 and profilin\u2019 with flair.", "type": "unstyled", "depth": 0, "entityRanges": [], "inlineStyleRanges": []}], "entityMap": {}}, "category": 12, "currency": "USD", "price_amount": "30.00", "minimal_variant_price_amount": "18.00", "updated_at": "2020-04-29T08:47:48.839Z", "charge_taxes": true, "weight": "0.0:kg"}}, {"model": "product.productvariant", "pk": 171, "fields": {"private_metadata": {}, "metadata": {}, "sku": "546451996", "name": "1l", "currency": "USD", "price_override_amount": "15.00", "product": 61, "track_inventory": true, "cost_price_amount": "5.00", "weight": "1.0:kg"}}, {"model": "product.productvariant", "pk": 172, "fields": {"private_metadata": {}, "metadata": {}, "sku": "546451997", "name": "2.5l", "currency": "USD", "price_override_amount": "35.00", "product": 61, "track_inventory": true, "cost_price_amount": "10.00", "weight": "2.5:kg"}}, {"model": "product.productvariant", "pk": 173, "fields": {"private_metadata": {}, "metadata": {}, "sku": "546451999", "name": "5l", "currency": "USD", "price_override_amount": "49.00", "product": 61, "track_inventory": true, "cost_price_amount": "20.00", "weight": "5.0:kg"}}, {"model": "product.productvariant", "pk": 174, "fields": {"private_metadata": {}, "metadata": {}, "sku": "998223591", "name": "1l", "currency": "USD", "price_override_amount": "15.00", "product": 62, "track_inventory": true, "cost_price_amount": "5.00", "weight": "1.0:kg"}}, {"model": "product.productvariant", "pk": 175, "fields": {"private_metadata": {}, "metadata": {}, "sku": "998223599", "name": "2.5l", "currency": "USD", "price_override_amount": "25.00", "product": 62, "track_inventory": true, "cost_price_amount": "10.00", "weight": "0.0:kg"}}, {"model": "product.productvariant", "pk": 176, "fields": {"private_metadata": {}, "metadata": {}, "sku": "998223594", "name": "5l", "currency": "USD", "price_override_amount": "49.00", "product": 62, "track_inventory": true, "cost_price_amount": "25.00", "weight": "0.0:kg"}}, {"model": "product.productvariant", "pk": 177, "fields": {"private_metadata": {}, "metadata": {}, "sku": "998223582", "name": "1l", "currency": "USD", "price_override_amount": "15.00", "product": 63, "track_inventory": true, "cost_price_amount": "5.00", "weight": "1.0:kg"}}, {"model": "product.productvariant", "pk": 178, "fields": {"private_metadata": {}, "metadata": {}, "sku": "998223583", "name": "2.5l", "currency": "USD", "price_override_amount": "25.00", "product": 63, "track_inventory": true, "cost_price_amount": "10.00", "weight": "2.5:kg"}}, {"model": "product.productvariant", "pk": 179, "fields": {"private_metadata": {}, "metadata": {}, "sku": "998223584", "name": "5l", "currency": "USD", "price_override_amount": "49.00", "product": 63, "track_inventory": true, "cost_price_amount": "20.00", "weight": "5.0:kg"}}, {"model": "product.productvariant", "pk": 180, "fields": {"private_metadata": {}, "metadata": {}, "sku": "998323582", "name": "1l", "currency": "USD", "price_override_amount": "15.00", "product": 64, "track_inventory": true, "cost_price_amount": "5.00", "weight": "1.0:kg"}}, {"model": "product.productvariant", "pk": 181, "fields": {"private_metadata": {}, "metadata": {}, "sku": "998323583", "name": "2.5l", "currency": "USD", "price_override_amount": "30.00", "product": 64, "track_inventory": true, "cost_price_amount": "10.00", "weight": "2.5:kg"}}, {"model": "product.productvariant", "pk": 182, "fields": {"private_metadata": {}, "metadata": {}, "sku": "998323584", "name": "5l", "currency": "USD", "price_override_amount": "49.00", "product": 64, "track_inventory": true, "cost_price_amount": "15.00", "weight": "5.0:kg"}}, {"model": "product.productvariant", "pk": 183, "fields": {"private_metadata": {}, "metadata": {}, "sku": "998423582", "name": "1l", "currency": "USD", "price_override_amount": "15.00", "product": 65, "track_inventory": true, "cost_price_amount": "5.00", "weight": "1.0:kg"}}, {"model": "product.productvariant", "pk": 184, "fields": {"private_metadata": {}, "metadata": {}, "sku": "998423583", "name": "2.5l", "currency": "USD", "price_override_amount": "30.00", "product": 65, "track_inventory": true, "cost_price_amount": "10.00", "weight": "2.5:kg"}}, {"model": "product.productvariant", "pk": 185, "fields": {"private_metadata": {}, "metadata": {}, "sku": "998423585", "name": "5l", "currency": "USD", "price_override_amount": "49.00", "product": 65, "track_inventory": true, "cost_price_amount": "15.00", "weight": "5.0:kg"}}, {"model": "product.productvariant", "pk": 190, "fields": {"private_metadata": {}, "metadata": {}, "sku": "988323582", "name": "500ml", "currency": "USD", "price_override_amount": null, "product": 71, "track_inventory": true, "cost_price_amount": "1.00", "weight": "1.0:kg"}}, {"model": "product.productvariant", "pk": 191, "fields": {"private_metadata": {}, "metadata": {}, "sku": "938323582", "name": "1l", "currency": "USD", "price_override_amount": "5.00", "product": 71, "track_inventory": true, "cost_price_amount": "1.50", "weight": "1.0:kg"}}, {"model": "product.productvariant", "pk": 192, "fields": {"private_metadata": {}, "metadata": {}, "sku": "988323522", "name": "2l", "currency": "USD", "price_override_amount": "7.00", "product": 71, "track_inventory": true, "cost_price_amount": "2.00", "weight": "2.0:kg"}}, {"model": "product.productvariant", "pk": 193, "fields": {"private_metadata": {}, "metadata": {}, "sku": "12312312321", "name": "", "currency": "USD", "price_override_amount": null, "product": 81, "track_inventory": true, "cost_price_amount": null, "weight": "0.0:kg"}}, {"model": "product.productvariant", "pk": 194, "fields": {"private_metadata": {}, "metadata": {}, "sku": "1231998121", "name": "", "currency": "USD", "price_override_amount": null, "product": 82, "track_inventory": true, "cost_price_amount": null, "weight": "0.0:kg"}}, {"model": "product.productvariant", "pk": 195, "fields": {"private_metadata": {}, "metadata": {}, "sku": "98616712", "name": "", "currency": "USD", "price_override_amount": null, "product": 83, "track_inventory": true, "cost_price_amount": null, "weight": "0.0:kg"}}, {"model": "product.productvariant", "pk": 196, "fields": {"private_metadata": {}, "metadata": {}, "sku": "98616713", "name": "", "currency": "USD", "price_override_amount": null, "product": 84, "track_inventory": true, "cost_price_amount": null, "weight": "0.0:kg"}}, {"model": "product.productvariant", "pk": 197, "fields": {"private_metadata": {}, "metadata": {}, "sku": "698223582", "name": "45cm x 45cm", "currency": "USD", "price_override_amount": "20.00", "product": 85, "track_inventory": true, "cost_price_amount": "11.00", "weight": "0.0:kg"}}, {"model": "product.productvariant", "pk": 198, "fields": {"private_metadata": {}, "metadata": {}, "sku": "698223581", "name": "55cm x 55cm", "currency": "USD", "price_override_amount": null, "product": 85, "track_inventory": true, "cost_price_amount": "12.00", "weight": "0.0:kg"}}, {"model": "product.productvariant", "pk": 199, "fields": {"private_metadata": {}, "metadata": {}, "sku": "987126191", "name": "45cm x 45cm", "currency": "USD", "price_override_amount": null, "product": 86, "track_inventory": true, "cost_price_amount": "13.00", "weight": "0.0:kg"}}, {"model": "product.productvariant", "pk": 200, "fields": {"private_metadata": {}, "metadata": {}, "sku": "998223590", "name": "55cm x 55cm", "currency": "USD", "price_override_amount": null, "product": 86, "track_inventory": true, "cost_price_amount": "13.00", "weight": "0.0:kg"}}, {"model": "product.productvariant", "pk": 202, "fields": {"private_metadata": {}, "metadata": {}, "sku": "93855755", "name": "500ml", "currency": "USD", "price_override_amount": null, "product": 72, "track_inventory": true, "cost_price_amount": "1.00", "weight": "1.0:kg"}}, {"model": "product.productvariant", "pk": 203, "fields": {"private_metadata": {}, "metadata": {}, "sku": "43226647", "name": "1l", "currency": "USD", "price_override_amount": "5.00", "product": 72, "track_inventory": true, "cost_price_amount": "1.50", "weight": "1.0:kg"}}, {"model": "product.productvariant", "pk": 204, "fields": {"private_metadata": {}, "metadata": {}, "sku": "80884671", "name": "2l", "currency": "USD", "price_override_amount": "7.00", "product": 72, "track_inventory": true, "cost_price_amount": "2.00", "weight": "2.0:kg"}}, {"model": "product.productvariant", "pk": 205, "fields": {"private_metadata": {}, "metadata": {}, "sku": "67882967", "name": "500ml", "currency": "USD", "price_override_amount": null, "product": 73, "track_inventory": true, "cost_price_amount": "1.00", "weight": "1.0:kg"}}, {"model": "product.productvariant", "pk": 206, "fields": {"private_metadata": {}, "metadata": {}, "sku": "14925419", "name": "1l", "currency": "USD", "price_override_amount": "5.00", "product": 73, "track_inventory": true, "cost_price_amount": "1.50", "weight": "1.0:kg"}}, {"model": "product.productvariant", "pk": 207, "fields": {"private_metadata": {}, "metadata": {}, "sku": "62426105", "name": "2l", "currency": "USD", "price_override_amount": "7.00", "product": 73, "track_inventory": true, "cost_price_amount": "2.00", "weight": "2.0:kg"}}, {"model": "product.productvariant", "pk": 208, "fields": {"private_metadata": {}, "metadata": {}, "sku": "45328412", "name": "500ml", "currency": "USD", "price_override_amount": null, "product": 74, "track_inventory": true, "cost_price_amount": "1.00", "weight": "1.0:kg"}}, {"model": "product.productvariant", "pk": 209, "fields": {"private_metadata": {}, "metadata": {}, "sku": "27512590", "name": "1l", "currency": "USD", "price_override_amount": "5.00", "product": 74, "track_inventory": true, "cost_price_amount": "1.50", "weight": "1.0:kg"}}, {"model": "product.productvariant", "pk": 210, "fields": {"private_metadata": {}, "metadata": {}, "sku": "40636347", "name": "2l", "currency": "USD", "price_override_amount": "7.00", "product": 74, "track_inventory": true, "cost_price_amount": "2.00", "weight": "2.0:kg"}}, {"model": "product.productvariant", "pk": 211, "fields": {"private_metadata": {}, "metadata": {}, "sku": "43200242", "name": "500ml", "currency": "USD", "price_override_amount": null, "product": 75, "track_inventory": true, "cost_price_amount": "1.00", "weight": "1.0:kg"}}, {"model": "product.productvariant", "pk": 212, "fields": {"private_metadata": {}, "metadata": {}, "sku": "79129513", "name": "1l", "currency": "USD", "price_override_amount": "5.00", "product": 75, "track_inventory": true, "cost_price_amount": "1.50", "weight": "1.0:kg"}}, {"model": "product.productvariant", "pk": 213, "fields": {"private_metadata": {}, "metadata": {}, "sku": "75799450", "name": "2l", "currency": "USD", "price_override_amount": "7.00", "product": 75, "track_inventory": true, "cost_price_amount": "2.00", "weight": "2.0:kg"}}, {"model": "product.productvariant", "pk": 214, "fields": {"private_metadata": {}, "metadata": {}, "sku": "3944859", "name": "500ml", "currency": "USD", "price_override_amount": null, "product": 76, "track_inventory": true, "cost_price_amount": "1.00", "weight": "1.0:kg"}}, {"model": "product.productvariant", "pk": 215, "fields": {"private_metadata": {}, "metadata": {}, "sku": "5829405", "name": "1l", "currency": "USD", "price_override_amount": "5.00", "product": 76, "track_inventory": true, "cost_price_amount": "1.50", "weight": "1.0:kg"}}, {"model": "product.productvariant", "pk": 216, "fields": {"private_metadata": {}, "metadata": {}, "sku": "84725784", "name": "2l", "currency": "USD", "price_override_amount": "7.00", "product": 76, "track_inventory": true, "cost_price_amount": "2.00", "weight": "2.0:kg"}}, {"model": "product.productvariant", "pk": 217, "fields": {"private_metadata": {}, "metadata": {}, "sku": "70058446", "name": "500ml", "currency": "USD", "price_override_amount": null, "product": 77, "track_inventory": true, "cost_price_amount": "1.00", "weight": "1.0:kg"}}, {"model": "product.productvariant", "pk": 218, "fields": {"private_metadata": {}, "metadata": {}, "sku": "94044081", "name": "1l", "currency": "USD", "price_override_amount": "5.00", "product": 77, "track_inventory": true, "cost_price_amount": "1.50", "weight": "1.0:kg"}}, {"model": "product.productvariant", "pk": 219, "fields": {"private_metadata": {}, "metadata": {}, "sku": "80696397", "name": "2l", "currency": "USD", "price_override_amount": "7.00", "product": 77, "track_inventory": true, "cost_price_amount": "2.00", "weight": "2.0:kg"}}, {"model": "product.productvariant", "pk": 220, "fields": {"private_metadata": {}, "metadata": {}, "sku": "60752428", "name": "500ml", "currency": "USD", "price_override_amount": null, "product": 78, "track_inventory": true, "cost_price_amount": "1.00", "weight": "1.0:kg"}}, {"model": "product.productvariant", "pk": 221, "fields": {"private_metadata": {}, "metadata": {}, "sku": "81470859", "name": "1l", "currency": "USD", "price_override_amount": "5.00", "product": 78, "track_inventory": true, "cost_price_amount": "1.50", "weight": "1.0:kg"}}, {"model": "product.productvariant", "pk": 222, "fields": {"private_metadata": {}, "metadata": {}, "sku": "30635751", "name": "2l", "currency": "USD", "price_override_amount": "7.00", "product": 78, "track_inventory": true, "cost_price_amount": "2.00", "weight": "2.0:kg"}}, {"model": "product.productvariant", "pk": 223, "fields": {"private_metadata": {}, "metadata": {}, "sku": "57211177", "name": "500ml", "currency": "USD", "price_override_amount": null, "product": 79, "track_inventory": true, "cost_price_amount": "1.00", "weight": "1.0:kg"}}, {"model": "product.productvariant", "pk": 224, "fields": {"private_metadata": {}, "metadata": {}, "sku": "57423879", "name": "1l", "currency": "USD", "price_override_amount": "5.00", "product": 79, "track_inventory": true, "cost_price_amount": "1.50", "weight": "1.0:kg"}}, {"model": "product.productvariant", "pk": 225, "fields": {"private_metadata": {}, "metadata": {}, "sku": "21438542", "name": "2l", "currency": "USD", "price_override_amount": "7.00", "product": 79, "track_inventory": true, "cost_price_amount": "2.00", "weight": "2.0:kg"}}, {"model": "product.productvariant", "pk": 242, "fields": {"private_metadata": {}, "metadata": {}, "sku": "398323583", "name": "39", "currency": "USD", "price_override_amount": null, "product": 87, "track_inventory": true, "cost_price_amount": "20.00", "weight": "0.0:kg"}}, {"model": "product.productvariant", "pk": 243, "fields": {"private_metadata": {}, "metadata": {}, "sku": "398323584", "name": "40", "currency": "USD", "price_override_amount": null, "product": 87, "track_inventory": true, "cost_price_amount": "20.00", "weight": "0.0:kg"}}, {"model": "product.productvariant", "pk": 244, "fields": {"private_metadata": {}, "metadata": {}, "sku": "398323585", "name": "41", "currency": "USD", "price_override_amount": null, "product": 87, "track_inventory": true, "cost_price_amount": "20.00", "weight": "0.0:kg"}}, {"model": "product.productvariant", "pk": 245, "fields": {"private_metadata": {}, "metadata": {}, "sku": "398323586", "name": "42", "currency": "USD", "price_override_amount": null, "product": 87, "track_inventory": true, "cost_price_amount": "20.00", "weight": "0.0:kg"}}, {"model": "product.productvariant", "pk": 246, "fields": {"private_metadata": {}, "metadata": {}, "sku": "398323588", "name": "43", "currency": "USD", "price_override_amount": null, "product": 87, "track_inventory": true, "cost_price_amount": "20.00", "weight": "0.0:kg"}}, {"model": "product.productvariant", "pk": 247, "fields": {"private_metadata": {}, "metadata": {}, "sku": "993223583", "name": "40", "currency": "USD", "price_override_amount": null, "product": 88, "track_inventory": true, "cost_price_amount": "10.00", "weight": "1.0:kg"}}, {"model": "product.productvariant", "pk": 248, "fields": {"private_metadata": {}, "metadata": {}, "sku": "978223582", "name": "41", "currency": "USD", "price_override_amount": null, "product": 88, "track_inventory": true, "cost_price_amount": "20.00", "weight": "1.0:kg"}}, {"model": "product.productvariant", "pk": 249, "fields": {"private_metadata": {}, "metadata": {}, "sku": "918323583", "name": "40", "currency": "USD", "price_override_amount": null, "product": 88, "track_inventory": true, "cost_price_amount": null, "weight": "2.0:kg"}}, {"model": "product.productvariant", "pk": 250, "fields": {"private_metadata": {}, "metadata": {}, "sku": "918223582", "name": "45", "currency": "USD", "price_override_amount": null, "product": 88, "track_inventory": true, "cost_price_amount": "20.00", "weight": "2.0:kg"}}, {"model": "product.productvariant", "pk": 251, "fields": {"private_metadata": {}, "metadata": {}, "sku": "988323583", "name": "S", "currency": "USD", "price_override_amount": null, "product": 89, "track_inventory": true, "cost_price_amount": "10.00", "weight": "0.0:kg"}}, {"model": "product.productvariant", "pk": 252, "fields": {"private_metadata": {}, "metadata": {}, "sku": "338223582", "name": "M", "currency": "USD", "price_override_amount": null, "product": 89, "track_inventory": true, "cost_price_amount": "10.00", "weight": "0.0:kg"}}, {"model": "product.productvariant", "pk": 253, "fields": {"private_metadata": {}, "metadata": {}, "sku": "118223591", "name": "L", "currency": "USD", "price_override_amount": null, "product": 89, "track_inventory": true, "cost_price_amount": "10.00", "weight": "0.0:kg"}}, {"model": "product.productvariant", "pk": 254, "fields": {"private_metadata": {}, "metadata": {}, "sku": "448323583", "name": "XL", "currency": "USD", "price_override_amount": null, "product": 89, "track_inventory": true, "cost_price_amount": "10.00", "weight": "0.0:kg"}}, {"model": "product.productvariant", "pk": 255, "fields": {"private_metadata": {}, "metadata": {}, "sku": "3128223583", "name": "XXL", "currency": "USD", "price_override_amount": null, "product": 89, "track_inventory": true, "cost_price_amount": "10.00", "weight": "0.0:kg"}}, {"model": "product.productvariant", "pk": 256, "fields": {"private_metadata": {}, "metadata": {}, "sku": "29716755", "name": "S", "currency": "USD", "price_override_amount": null, "product": 107, "track_inventory": true, "cost_price_amount": "10.00", "weight": "0.0:kg"}}, {"model": "product.productvariant", "pk": 257, "fields": {"private_metadata": {}, "metadata": {}, "sku": "66594736", "name": "M", "currency": "USD", "price_override_amount": null, "product": 107, "track_inventory": true, "cost_price_amount": "10.00", "weight": "0.0:kg"}}, {"model": "product.productvariant", "pk": 258, "fields": {"private_metadata": {}, "metadata": {}, "sku": "50269944", "name": "L", "currency": "USD", "price_override_amount": null, "product": 107, "track_inventory": true, "cost_price_amount": "10.00", "weight": "0.0:kg"}}, {"model": "product.productvariant", "pk": 259, "fields": {"private_metadata": {}, "metadata": {}, "sku": "31352185", "name": "XL", "currency": "USD", "price_override_amount": null, "product": 107, "track_inventory": true, "cost_price_amount": "10.00", "weight": "0.0:kg"}}, {"model": "product.productvariant", "pk": 260, "fields": {"private_metadata": {}, "metadata": {}, "sku": "85364796", "name": "XXL", "currency": "USD", "price_override_amount": null, "product": 107, "track_inventory": true, "cost_price_amount": "10.00", "weight": "0.0:kg"}}, {"model": "product.productvariant", "pk": 261, "fields": {"private_metadata": {}, "metadata": {}, "sku": "44026421", "name": "S", "currency": "USD", "price_override_amount": null, "product": 108, "track_inventory": true, "cost_price_amount": "10.00", "weight": "0.0:kg"}}, {"model": "product.productvariant", "pk": 262, "fields": {"private_metadata": {}, "metadata": {}, "sku": "90892602", "name": "M", "currency": "USD", "price_override_amount": null, "product": 108, "track_inventory": true, "cost_price_amount": "10.00", "weight": "0.0:kg"}}, {"model": "product.productvariant", "pk": 263, "fields": {"private_metadata": {}, "metadata": {}, "sku": "59014392", "name": "L", "currency": "USD", "price_override_amount": null, "product": 108, "track_inventory": true, "cost_price_amount": "10.00", "weight": "0.0:kg"}}, {"model": "product.productvariant", "pk": 264, "fields": {"private_metadata": {}, "metadata": {}, "sku": "43659438", "name": "XL", "currency": "USD", "price_override_amount": null, "product": 108, "track_inventory": true, "cost_price_amount": "10.00", "weight": "0.0:kg"}}, {"model": "product.productvariant", "pk": 265, "fields": {"private_metadata": {}, "metadata": {}, "sku": "60597697", "name": "XXL", "currency": "USD", "price_override_amount": null, "product": 108, "track_inventory": true, "cost_price_amount": "10.00", "weight": "0.0:kg"}}, {"model": "product.productvariant", "pk": 266, "fields": {"private_metadata": {}, "metadata": {}, "sku": "26592266", "name": "S", "currency": "USD", "price_override_amount": null, "product": 109, "track_inventory": true, "cost_price_amount": "10.00", "weight": "0.0:kg"}}, {"model": "product.productvariant", "pk": 267, "fields": {"private_metadata": {}, "metadata": {}, "sku": "36260498", "name": "M", "currency": "USD", "price_override_amount": null, "product": 109, "track_inventory": true, "cost_price_amount": "10.00", "weight": "0.0:kg"}}, {"model": "product.productvariant", "pk": 268, "fields": {"private_metadata": {}, "metadata": {}, "sku": "37558859", "name": "L", "currency": "USD", "price_override_amount": null, "product": 109, "track_inventory": true, "cost_price_amount": "10.00", "weight": "0.0:kg"}}, {"model": "product.productvariant", "pk": 269, "fields": {"private_metadata": {}, "metadata": {}, "sku": "19402012", "name": "XL", "currency": "USD", "price_override_amount": null, "product": 109, "track_inventory": true, "cost_price_amount": "10.00", "weight": "0.0:kg"}}, {"model": "product.productvariant", "pk": 270, "fields": {"private_metadata": {}, "metadata": {}, "sku": "17570141", "name": "XXL", "currency": "USD", "price_override_amount": null, "product": 109, "track_inventory": true, "cost_price_amount": "10.00", "weight": "0.0:kg"}}, {"model": "product.productvariant", "pk": 271, "fields": {"private_metadata": {}, "metadata": {}, "sku": "98530976", "name": "S", "currency": "USD", "price_override_amount": null, "product": 110, "track_inventory": true, "cost_price_amount": "10.00", "weight": "0.0:kg"}}, {"model": "product.productvariant", "pk": 272, "fields": {"private_metadata": {}, "metadata": {}, "sku": "46806935", "name": "M", "currency": "USD", "price_override_amount": null, "product": 110, "track_inventory": true, "cost_price_amount": "10.00", "weight": "0.0:kg"}}, {"model": "product.productvariant", "pk": 273, "fields": {"private_metadata": {}, "metadata": {}, "sku": "71103052", "name": "L", "currency": "USD", "price_override_amount": null, "product": 110, "track_inventory": true, "cost_price_amount": "10.00", "weight": "0.0:kg"}}, {"model": "product.productvariant", "pk": 274, "fields": {"private_metadata": {}, "metadata": {}, "sku": "84812015", "name": "XL", "currency": "USD", "price_override_amount": null, "product": 110, "track_inventory": true, "cost_price_amount": "10.00", "weight": "0.0:kg"}}, {"model": "product.productvariant", "pk": 275, "fields": {"private_metadata": {}, "metadata": {}, "sku": "89820261", "name": "XXL", "currency": "USD", "price_override_amount": null, "product": 110, "track_inventory": true, "cost_price_amount": "10.00", "weight": "0.0:kg"}}, {"model": "product.productvariant", "pk": 276, "fields": {"private_metadata": {}, "metadata": {}, "sku": "81115323", "name": "S", "currency": "USD", "price_override_amount": null, "product": 111, "track_inventory": true, "cost_price_amount": "10.00", "weight": "0.0:kg"}}, {"model": "product.productvariant", "pk": 277, "fields": {"private_metadata": {}, "metadata": {}, "sku": "38254631", "name": "M", "currency": "USD", "price_override_amount": null, "product": 111, "track_inventory": true, "cost_price_amount": "10.00", "weight": "0.0:kg"}}, {"model": "product.productvariant", "pk": 278, "fields": {"private_metadata": {}, "metadata": {}, "sku": "11511539", "name": "L", "currency": "USD", "price_override_amount": null, "product": 111, "track_inventory": true, "cost_price_amount": "10.00", "weight": "0.0:kg"}}, {"model": "product.productvariant", "pk": 279, "fields": {"private_metadata": {}, "metadata": {}, "sku": "84192227", "name": "XL", "currency": "USD", "price_override_amount": null, "product": 111, "track_inventory": true, "cost_price_amount": "10.00", "weight": "0.0:kg"}}, {"model": "product.productvariant", "pk": 280, "fields": {"private_metadata": {}, "metadata": {}, "sku": "91642659", "name": "XXL", "currency": "USD", "price_override_amount": null, "product": 111, "track_inventory": true, "cost_price_amount": "10.00", "weight": "0.0:kg"}}, {"model": "product.productvariant", "pk": 281, "fields": {"private_metadata": {}, "metadata": {}, "sku": "76491340", "name": "S", "currency": "USD", "price_override_amount": null, "product": 112, "track_inventory": true, "cost_price_amount": "10.00", "weight": "0.0:kg"}}, {"model": "product.productvariant", "pk": 282, "fields": {"private_metadata": {}, "metadata": {}, "sku": "55101176", "name": "M", "currency": "USD", "price_override_amount": null, "product": 112, "track_inventory": true, "cost_price_amount": "10.00", "weight": "0.0:kg"}}, {"model": "product.productvariant", "pk": 283, "fields": {"private_metadata": {}, "metadata": {}, "sku": "28094954", "name": "L", "currency": "USD", "price_override_amount": null, "product": 112, "track_inventory": true, "cost_price_amount": "10.00", "weight": "0.0:kg"}}, {"model": "product.productvariant", "pk": 284, "fields": {"private_metadata": {}, "metadata": {}, "sku": "40232182", "name": "XL", "currency": "USD", "price_override_amount": null, "product": 112, "track_inventory": true, "cost_price_amount": "10.00", "weight": "0.0:kg"}}, {"model": "product.productvariant", "pk": 285, "fields": {"private_metadata": {}, "metadata": {}, "sku": "21522631", "name": "XXL", "currency": "USD", "price_override_amount": null, "product": 112, "track_inventory": true, "cost_price_amount": "10.00", "weight": "0.0:kg"}}, {"model": "product.productvariant", "pk": 286, "fields": {"private_metadata": {}, "metadata": {}, "sku": "29810068", "name": "S", "currency": "USD", "price_override_amount": null, "product": 113, "track_inventory": true, "cost_price_amount": "10.00", "weight": "0.0:kg"}}, {"model": "product.productvariant", "pk": 287, "fields": {"private_metadata": {}, "metadata": {}, "sku": "57917658", "name": "M", "currency": "USD", "price_override_amount": null, "product": 113, "track_inventory": true, "cost_price_amount": "10.00", "weight": "0.0:kg"}}, {"model": "product.productvariant", "pk": 288, "fields": {"private_metadata": {}, "metadata": {}, "sku": "42680611", "name": "L", "currency": "USD", "price_override_amount": null, "product": 113, "track_inventory": true, "cost_price_amount": "10.00", "weight": "0.0:kg"}}, {"model": "product.productvariant", "pk": 289, "fields": {"private_metadata": {}, "metadata": {}, "sku": "72289815", "name": "XL", "currency": "USD", "price_override_amount": null, "product": 113, "track_inventory": true, "cost_price_amount": "10.00", "weight": "0.0:kg"}}, {"model": "product.productvariant", "pk": 290, "fields": {"private_metadata": {}, "metadata": {}, "sku": "98653891", "name": "XXL", "currency": "USD", "price_override_amount": null, "product": 113, "track_inventory": true, "cost_price_amount": "10.00", "weight": "0.0:kg"}}, {"model": "product.productvariant", "pk": 291, "fields": {"private_metadata": {}, "metadata": {}, "sku": "77306807", "name": "S", "currency": "USD", "price_override_amount": null, "product": 114, "track_inventory": true, "cost_price_amount": "10.00", "weight": "0.0:kg"}}, {"model": "product.productvariant", "pk": 292, "fields": {"private_metadata": {}, "metadata": {}, "sku": "68848129", "name": "M", "currency": "USD", "price_override_amount": null, "product": 114, "track_inventory": true, "cost_price_amount": "10.00", "weight": "0.0:kg"}}, {"model": "product.productvariant", "pk": 293, "fields": {"private_metadata": {}, "metadata": {}, "sku": "35342696", "name": "L", "currency": "USD", "price_override_amount": null, "product": 114, "track_inventory": true, "cost_price_amount": "10.00", "weight": "0.0:kg"}}, {"model": "product.productvariant", "pk": 294, "fields": {"private_metadata": {}, "metadata": {}, "sku": "98935349", "name": "XL", "currency": "USD", "price_override_amount": null, "product": 114, "track_inventory": true, "cost_price_amount": "10.00", "weight": "0.0:kg"}}, {"model": "product.productvariant", "pk": 295, "fields": {"private_metadata": {}, "metadata": {}, "sku": "45179543", "name": "XXL", "currency": "USD", "price_override_amount": null, "product": 114, "track_inventory": true, "cost_price_amount": "10.00", "weight": "0.0:kg"}}, {"model": "product.productvariant", "pk": 296, "fields": {"private_metadata": {}, "metadata": {}, "sku": "62783187", "name": "S", "currency": "USD", "price_override_amount": null, "product": 115, "track_inventory": true, "cost_price_amount": "10.00", "weight": "0.0:kg"}}, {"model": "product.productvariant", "pk": 297, "fields": {"private_metadata": {}, "metadata": {}, "sku": "91406604", "name": "M", "currency": "USD", "price_override_amount": null, "product": 115, "track_inventory": true, "cost_price_amount": "10.00", "weight": "0.0:kg"}}, {"model": "product.productvariant", "pk": 298, "fields": {"private_metadata": {}, "metadata": {}, "sku": "22119503", "name": "L", "currency": "USD", "price_override_amount": null, "product": 115, "track_inventory": true, "cost_price_amount": "10.00", "weight": "0.0:kg"}}, {"model": "product.productvariant", "pk": 299, "fields": {"private_metadata": {}, "metadata": {}, "sku": "19230637", "name": "XL", "currency": "USD", "price_override_amount": null, "product": 115, "track_inventory": true, "cost_price_amount": "10.00", "weight": "0.0:kg"}}, {"model": "product.productvariant", "pk": 300, "fields": {"private_metadata": {}, "metadata": {}, "sku": "61630747", "name": "XXL", "currency": "USD", "price_override_amount": null, "product": 115, "track_inventory": true, "cost_price_amount": "10.00", "weight": "0.0:kg"}}, {"model": "product.productvariant", "pk": 301, "fields": {"private_metadata": {}, "metadata": {}, "sku": "15744278", "name": "S", "currency": "USD", "price_override_amount": null, "product": 116, "track_inventory": true, "cost_price_amount": "10.00", "weight": "0.0:kg"}}, {"model": "product.productvariant", "pk": 302, "fields": {"private_metadata": {}, "metadata": {}, "sku": "21599567", "name": "M", "currency": "USD", "price_override_amount": null, "product": 116, "track_inventory": true, "cost_price_amount": "10.00", "weight": "0.0:kg"}}, {"model": "product.productvariant", "pk": 303, "fields": {"private_metadata": {}, "metadata": {}, "sku": "65363253", "name": "L", "currency": "USD", "price_override_amount": null, "product": 116, "track_inventory": true, "cost_price_amount": "10.00", "weight": "0.0:kg"}}, {"model": "product.productvariant", "pk": 304, "fields": {"private_metadata": {}, "metadata": {}, "sku": "51987722", "name": "XL", "currency": "USD", "price_override_amount": null, "product": 116, "track_inventory": true, "cost_price_amount": "10.00", "weight": "0.0:kg"}}, {"model": "product.productvariant", "pk": 305, "fields": {"private_metadata": {}, "metadata": {}, "sku": "43313080", "name": "XXL", "currency": "USD", "price_override_amount": null, "product": 116, "track_inventory": true, "cost_price_amount": "10.00", "weight": "0.0:kg"}}, {"model": "product.productvariant", "pk": 306, "fields": {"private_metadata": {}, "metadata": {}, "sku": "33963052", "name": "S", "currency": "USD", "price_override_amount": null, "product": 117, "track_inventory": true, "cost_price_amount": "10.00", "weight": "0.0:kg"}}, {"model": "product.productvariant", "pk": 307, "fields": {"private_metadata": {}, "metadata": {}, "sku": "66846240", "name": "M", "currency": "USD", "price_override_amount": null, "product": 117, "track_inventory": true, "cost_price_amount": "10.00", "weight": "0.0:kg"}}, {"model": "product.productvariant", "pk": 308, "fields": {"private_metadata": {}, "metadata": {}, "sku": "55365141", "name": "L", "currency": "USD", "price_override_amount": null, "product": 117, "track_inventory": true, "cost_price_amount": "10.00", "weight": "0.0:kg"}}, {"model": "product.productvariant", "pk": 309, "fields": {"private_metadata": {}, "metadata": {}, "sku": "73186143", "name": "XL", "currency": "USD", "price_override_amount": null, "product": 117, "track_inventory": true, "cost_price_amount": "10.00", "weight": "0.0:kg"}}, {"model": "product.productvariant", "pk": 310, "fields": {"private_metadata": {}, "metadata": {}, "sku": "42651772", "name": "XXL", "currency": "USD", "price_override_amount": null, "product": 117, "track_inventory": true, "cost_price_amount": "10.00", "weight": "0.0:kg"}}, {"model": "product.productvariant", "pk": 311, "fields": {"private_metadata": {}, "metadata": {}, "sku": "70760297", "name": "S", "currency": "USD", "price_override_amount": null, "product": 118, "track_inventory": true, "cost_price_amount": "10.00", "weight": "0.0:kg"}}, {"model": "product.productvariant", "pk": 312, "fields": {"private_metadata": {}, "metadata": {}, "sku": "36334412", "name": "M", "currency": "USD", "price_override_amount": null, "product": 118, "track_inventory": true, "cost_price_amount": "10.00", "weight": "0.0:kg"}}, {"model": "product.productvariant", "pk": 313, "fields": {"private_metadata": {}, "metadata": {}, "sku": "35994675", "name": "L", "currency": "USD", "price_override_amount": null, "product": 118, "track_inventory": true, "cost_price_amount": "10.00", "weight": "0.0:kg"}}, {"model": "product.productvariant", "pk": 314, "fields": {"private_metadata": {}, "metadata": {}, "sku": "10404946", "name": "XL", "currency": "USD", "price_override_amount": null, "product": 118, "track_inventory": true, "cost_price_amount": "10.00", "weight": "0.0:kg"}}, {"model": "product.productvariant", "pk": 315, "fields": {"private_metadata": {}, "metadata": {}, "sku": "45507483", "name": "XXL", "currency": "USD", "price_override_amount": null, "product": 118, "track_inventory": true, "cost_price_amount": "10.00", "weight": "0.0:kg"}}, {"model": "product.assignedproductattribute", "pk": 1, "fields": {"product": 72, "assignment": 1, "values": [3]}}, {"model": "product.assignedproductattribute", "pk": 2, "fields": {"product": 74, "assignment": 1, "values": [50]}}, {"model": "product.assignedproductattribute", "pk": 3, "fields": {"product": 79, "assignment": 1, "values": [51]}}, {"model": "product.assignedproductattribute", "pk": 4, "fields": {"product": 115, "assignment": 5, "values": [72]}}, {"model": "product.assignedproductattribute", "pk": 5, "fields": {"product": 116, "assignment": 5, "values": [72]}}, {"model": "product.assignedproductattribute", "pk": 6, "fields": {"product": 73, "assignment": 1, "values": [52]}}, {"model": "product.assignedproductattribute", "pk": 7, "fields": {"product": 76, "assignment": 1, "values": [2]}}, {"model": "product.assignedproductattribute", "pk": 8, "fields": {"product": 89, "assignment": 5, "values": [72]}}, {"model": "product.assignedproductattribute", "pk": 9, "fields": {"product": 85, "assignment": 4, "values": [72]}}, {"model": "product.assignedproductattribute", "pk": 10, "fields": {"product": 78, "assignment": 1, "values": [53]}}, {"model": "product.assignedproductattribute", "pk": 11, "fields": {"product": 117, "assignment": 5, "values": [72]}}, {"model": "product.assignedproductattribute", "pk": 12, "fields": {"product": 71, "assignment": 1, "values": [49]}}, {"model": "product.assignedproductattribute", "pk": 13, "fields": {"product": 75, "assignment": 1, "values": [1]}}, {"model": "product.assignedproductattribute", "pk": 14, "fields": {"product": 107, "assignment": 5, "values": [72]}}, {"model": "product.assignedproductattribute", "pk": 15, "fields": {"product": 110, "assignment": 5, "values": [72]}}, {"model": "product.assignedproductattribute", "pk": 16, "fields": {"product": 109, "assignment": 5, "values": [72]}}, {"model": "product.assignedproductattribute", "pk": 17, "fields": {"product": 108, "assignment": 5, "values": [72]}}, {"model": "product.assignedproductattribute", "pk": 18, "fields": {"product": 77, "assignment": 1, "values": [54]}}, {"model": "product.assignedproductattribute", "pk": 19, "fields": {"product": 81, "assignment": 2, "values": [67]}}, {"model": "product.assignedproductattribute", "pk": 20, "fields": {"product": 84, "assignment": 3, "values": [69]}}, {"model": "product.assignedproductattribute", "pk": 21, "fields": {"product": 83, "assignment": 3, "values": [68]}}, {"model": "product.assignedproductattribute", "pk": 22, "fields": {"product": 114, "assignment": 5, "values": [72]}}, {"model": "product.assignedproductattribute", "pk": 23, "fields": {"product": 111, "assignment": 5, "values": [72]}}, {"model": "product.assignedproductattribute", "pk": 24, "fields": {"product": 112, "assignment": 5, "values": [72]}}, {"model": "product.assignedproductattribute", "pk": 25, "fields": {"product": 113, "assignment": 5, "values": [72]}}, {"model": "product.assignedproductattribute", "pk": 26, "fields": {"product": 118, "assignment": 5, "values": [72]}}, {"model": "product.assignedproductattribute", "pk": 27, "fields": {"product": 86, "assignment": 4, "values": [72]}}, {"model": "product.assignedproductattribute", "pk": 28, "fields": {"product": 82, "assignment": 2, "values": [67]}}, {"model": "product.assignedvariantattribute", "pk": 1, "fields": {"variant": 172, "assignment": 3, "values": [61]}}, {"model": "product.assignedvariantattribute", "pk": 2, "fields": {"variant": 173, "assignment": 3, "values": [62]}}, {"model": "product.assignedvariantattribute", "pk": 3, "fields": {"variant": 174, "assignment": 3, "values": [60]}}, {"model": "product.assignedvariantattribute", "pk": 4, "fields": {"variant": 175, "assignment": 3, "values": [61]}}, {"model": "product.assignedvariantattribute", "pk": 5, "fields": {"variant": 176, "assignment": 3, "values": [62]}}, {"model": "product.assignedvariantattribute", "pk": 6, "fields": {"variant": 177, "assignment": 3, "values": [60]}}, {"model": "product.assignedvariantattribute", "pk": 7, "fields": {"variant": 178, "assignment": 3, "values": [61]}}, {"model": "product.assignedvariantattribute", "pk": 8, "fields": {"variant": 179, "assignment": 3, "values": [62]}}, {"model": "product.assignedvariantattribute", "pk": 9, "fields": {"variant": 181, "assignment": 3, "values": [61]}}, {"model": "product.assignedvariantattribute", "pk": 10, "fields": {"variant": 183, "assignment": 3, "values": [60]}}, {"model": "product.assignedvariantattribute", "pk": 11, "fields": {"variant": 184, "assignment": 3, "values": [61]}}, {"model": "product.assignedvariantattribute", "pk": 12, "fields": {"variant": 190, "assignment": 2, "values": [46]}}, {"model": "product.assignedvariantattribute", "pk": 13, "fields": {"variant": 191, "assignment": 2, "values": [47]}}, {"model": "product.assignedvariantattribute", "pk": 14, "fields": {"variant": 192, "assignment": 2, "values": [48]}}, {"model": "product.assignedvariantattribute", "pk": 15, "fields": {"variant": 197, "assignment": 5, "values": [70]}}, {"model": "product.assignedvariantattribute", "pk": 16, "fields": {"variant": 198, "assignment": 5, "values": [71]}}, {"model": "product.assignedvariantattribute", "pk": 17, "fields": {"variant": 199, "assignment": 5, "values": [70]}}, {"model": "product.assignedvariantattribute", "pk": 18, "fields": {"variant": 200, "assignment": 5, "values": [71]}}, {"model": "product.assignedvariantattribute", "pk": 19, "fields": {"variant": 205, "assignment": 2, "values": [46]}}, {"model": "product.assignedvariantattribute", "pk": 20, "fields": {"variant": 206, "assignment": 2, "values": [47]}}, {"model": "product.assignedvariantattribute", "pk": 21, "fields": {"variant": 207, "assignment": 2, "values": [48]}}, {"model": "product.assignedvariantattribute", "pk": 22, "fields": {"variant": 208, "assignment": 2, "values": [46]}}, {"model": "product.assignedvariantattribute", "pk": 23, "fields": {"variant": 209, "assignment": 2, "values": [47]}}, {"model": "product.assignedvariantattribute", "pk": 24, "fields": {"variant": 210, "assignment": 2, "values": [48]}}, {"model": "product.assignedvariantattribute", "pk": 25, "fields": {"variant": 211, "assignment": 2, "values": [46]}}, {"model": "product.assignedvariantattribute", "pk": 26, "fields": {"variant": 213, "assignment": 2, "values": [48]}}, {"model": "product.assignedvariantattribute", "pk": 27, "fields": {"variant": 214, "assignment": 2, "values": [46]}}, {"model": "product.assignedvariantattribute", "pk": 28, "fields": {"variant": 216, "assignment": 2, "values": [48]}}, {"model": "product.assignedvariantattribute", "pk": 29, "fields": {"variant": 217, "assignment": 2, "values": [46]}}, {"model": "product.assignedvariantattribute", "pk": 30, "fields": {"variant": 218, "assignment": 2, "values": [47]}}, {"model": "product.assignedvariantattribute", "pk": 31, "fields": {"variant": 220, "assignment": 2, "values": [46]}}, {"model": "product.assignedvariantattribute", "pk": 32, "fields": {"variant": 221, "assignment": 2, "values": [47]}}, {"model": "product.assignedvariantattribute", "pk": 33, "fields": {"variant": 223, "assignment": 2, "values": [46]}}, {"model": "product.assignedvariantattribute", "pk": 34, "fields": {"variant": 224, "assignment": 2, "values": [47]}}, {"model": "product.assignedvariantattribute", "pk": 35, "fields": {"variant": 225, "assignment": 2, "values": [48]}}, {"model": "product.assignedvariantattribute", "pk": 36, "fields": {"variant": 242, "assignment": 6, "values": [75]}}, {"model": "product.assignedvariantattribute", "pk": 37, "fields": {"variant": 243, "assignment": 6, "values": [76]}}, {"model": "product.assignedvariantattribute", "pk": 38, "fields": {"variant": 248, "assignment": 6, "values": [77]}}, {"model": "product.assignedvariantattribute", "pk": 39, "fields": {"variant": 249, "assignment": 6, "values": [76]}}, {"model": "product.assignedvariantattribute", "pk": 40, "fields": {"variant": 251, "assignment": 1, "values": [36]}}, {"model": "product.assignedvariantattribute", "pk": 41, "fields": {"variant": 252, "assignment": 1, "values": [37]}}, {"model": "product.assignedvariantattribute", "pk": 42, "fields": {"variant": 253, "assignment": 1, "values": [38]}}, {"model": "product.assignedvariantattribute", "pk": 43, "fields": {"variant": 180, "assignment": 3, "values": [60]}}, {"model": "product.assignedvariantattribute", "pk": 44, "fields": {"variant": 202, "assignment": 2, "values": [46]}}, {"model": "product.assignedvariantattribute", "pk": 45, "fields": {"variant": 250, "assignment": 6, "values": [81]}}, {"model": "product.assignedvariantattribute", "pk": 46, "fields": {"variant": 212, "assignment": 2, "values": [47]}}, {"model": "product.assignedvariantattribute", "pk": 47, "fields": {"variant": 244, "assignment": 6, "values": [77]}}, {"model": "product.assignedvariantattribute", "pk": 48, "fields": {"variant": 204, "assignment": 2, "values": [48]}}, {"model": "product.assignedvariantattribute", "pk": 49, "fields": {"variant": 215, "assignment": 2, "values": [47]}}, {"model": "product.assignedvariantattribute", "pk": 50, "fields": {"variant": 171, "assignment": 3, "values": [60]}}, {"model": "product.assignedvariantattribute", "pk": 51, "fields": {"variant": 245, "assignment": 6, "values": [78]}}, {"model": "product.assignedvariantattribute", "pk": 52, "fields": {"variant": 247, "assignment": 6, "values": [76]}}, {"model": "product.assignedvariantattribute", "pk": 53, "fields": {"variant": 203, "assignment": 2, "values": [47]}}, {"model": "product.assignedvariantattribute", "pk": 54, "fields": {"variant": 219, "assignment": 2, "values": [48]}}, {"model": "product.assignedvariantattribute", "pk": 55, "fields": {"variant": 255, "assignment": 1, "values": [40]}}, {"model": "product.assignedvariantattribute", "pk": 56, "fields": {"variant": 256, "assignment": 1, "values": [36]}}, {"model": "product.assignedvariantattribute", "pk": 57, "fields": {"variant": 259, "assignment": 1, "values": [39]}}, {"model": "product.assignedvariantattribute", "pk": 58, "fields": {"variant": 261, "assignment": 1, "values": [36]}}, {"model": "product.assignedvariantattribute", "pk": 59, "fields": {"variant": 263, "assignment": 1, "values": [38]}}, {"model": "product.assignedvariantattribute", "pk": 60, "fields": {"variant": 264, "assignment": 1, "values": [39]}}, {"model": "product.assignedvariantattribute", "pk": 61, "fields": {"variant": 265, "assignment": 1, "values": [40]}}, {"model": "product.assignedvariantattribute", "pk": 62, "fields": {"variant": 266, "assignment": 1, "values": [36]}}, {"model": "product.assignedvariantattribute", "pk": 63, "fields": {"variant": 267, "assignment": 1, "values": [37]}}, {"model": "product.assignedvariantattribute", "pk": 64, "fields": {"variant": 270, "assignment": 1, "values": [40]}}, {"model": "product.assignedvariantattribute", "pk": 65, "fields": {"variant": 271, "assignment": 1, "values": [36]}}, {"model": "product.assignedvariantattribute", "pk": 66, "fields": {"variant": 272, "assignment": 1, "values": [37]}}, {"model": "product.assignedvariantattribute", "pk": 67, "fields": {"variant": 273, "assignment": 1, "values": [38]}}, {"model": "product.assignedvariantattribute", "pk": 68, "fields": {"variant": 275, "assignment": 1, "values": [40]}}, {"model": "product.assignedvariantattribute", "pk": 69, "fields": {"variant": 277, "assignment": 1, "values": [37]}}, {"model": "product.assignedvariantattribute", "pk": 70, "fields": {"variant": 278, "assignment": 1, "values": [38]}}, {"model": "product.assignedvariantattribute", "pk": 71, "fields": {"variant": 280, "assignment": 1, "values": [40]}}, {"model": "product.assignedvariantattribute", "pk": 72, "fields": {"variant": 281, "assignment": 1, "values": [36]}}, {"model": "product.assignedvariantattribute", "pk": 73, "fields": {"variant": 282, "assignment": 1, "values": [37]}}, {"model": "product.assignedvariantattribute", "pk": 74, "fields": {"variant": 283, "assignment": 1, "values": [38]}}, {"model": "product.assignedvariantattribute", "pk": 75, "fields": {"variant": 284, "assignment": 1, "values": [39]}}, {"model": "product.assignedvariantattribute", "pk": 76, "fields": {"variant": 286, "assignment": 1, "values": [36]}}, {"model": "product.assignedvariantattribute", "pk": 77, "fields": {"variant": 287, "assignment": 1, "values": [37]}}, {"model": "product.assignedvariantattribute", "pk": 78, "fields": {"variant": 288, "assignment": 1, "values": [38]}}, {"model": "product.assignedvariantattribute", "pk": 79, "fields": {"variant": 290, "assignment": 1, "values": [40]}}, {"model": "product.assignedvariantattribute", "pk": 80, "fields": {"variant": 291, "assignment": 1, "values": [36]}}, {"model": "product.assignedvariantattribute", "pk": 81, "fields": {"variant": 292, "assignment": 1, "values": [37]}}, {"model": "product.assignedvariantattribute", "pk": 82, "fields": {"variant": 293, "assignment": 1, "values": [38]}}, {"model": "product.assignedvariantattribute", "pk": 83, "fields": {"variant": 296, "assignment": 1, "values": [36]}}, {"model": "product.assignedvariantattribute", "pk": 84, "fields": {"variant": 297, "assignment": 1, "values": [37]}}, {"model": "product.assignedvariantattribute", "pk": 85, "fields": {"variant": 299, "assignment": 1, "values": [39]}}, {"model": "product.assignedvariantattribute", "pk": 86, "fields": {"variant": 302, "assignment": 1, "values": [37]}}, {"model": "product.assignedvariantattribute", "pk": 87, "fields": {"variant": 305, "assignment": 1, "values": [40]}}, {"model": "product.assignedvariantattribute", "pk": 88, "fields": {"variant": 306, "assignment": 1, "values": [36]}}, {"model": "product.assignedvariantattribute", "pk": 89, "fields": {"variant": 308, "assignment": 1, "values": [38]}}, {"model": "product.assignedvariantattribute", "pk": 90, "fields": {"variant": 309, "assignment": 1, "values": [39]}}, {"model": "product.assignedvariantattribute", "pk": 91, "fields": {"variant": 311, "assignment": 1, "values": [36]}}, {"model": "product.assignedvariantattribute", "pk": 92, "fields": {"variant": 312, "assignment": 1, "values": [37]}}, {"model": "product.assignedvariantattribute", "pk": 93, "fields": {"variant": 313, "assignment": 1, "values": [38]}}, {"model": "product.assignedvariantattribute", "pk": 94, "fields": {"variant": 314, "assignment": 1, "values": [39]}}, {"model": "product.assignedvariantattribute", "pk": 95, "fields": {"variant": 315, "assignment": 1, "values": [40]}}, {"model": "product.assignedvariantattribute", "pk": 96, "fields": {"variant": 185, "assignment": 3, "values": [62]}}, {"model": "product.assignedvariantattribute", "pk": 97, "fields": {"variant": 254, "assignment": 1, "values": [39]}}, {"model": "product.assignedvariantattribute", "pk": 98, "fields": {"variant": 260, "assignment": 1, "values": [40]}}, {"model": "product.assignedvariantattribute", "pk": 99, "fields": {"variant": 274, "assignment": 1, "values": [39]}}, {"model": "product.assignedvariantattribute", "pk": 100, "fields": {"variant": 262, "assignment": 1, "values": [37]}}, {"model": "product.assignedvariantattribute", "pk": 101, "fields": {"variant": 310, "assignment": 1, "values": [40]}}, {"model": "product.assignedvariantattribute", "pk": 102, "fields": {"variant": 289, "assignment": 1, "values": [39]}}, {"model": "product.assignedvariantattribute", "pk": 103, "fields": {"variant": 304, "assignment": 1, "values": [39]}}, {"model": "product.assignedvariantattribute", "pk": 104, "fields": {"variant": 268, "assignment": 1, "values": [38]}}, {"model": "product.assignedvariantattribute", "pk": 105, "fields": {"variant": 301, "assignment": 1, "values": [36]}}, {"model": "product.assignedvariantattribute", "pk": 106, "fields": {"variant": 269, "assignment": 1, "values": [39]}}, {"model": "product.assignedvariantattribute", "pk": 107, "fields": {"variant": 303, "assignment": 1, "values": [38]}}, {"model": "product.assignedvariantattribute", "pk": 108, "fields": {"variant": 279, "assignment": 1, "values": [39]}}, {"model": "product.assignedvariantattribute", "pk": 109, "fields": {"variant": 294, "assignment": 1, "values": [39]}}, {"model": "product.assignedvariantattribute", "pk": 110, "fields": {"variant": 300, "assignment": 1, "values": [40]}}, {"model": "product.assignedvariantattribute", "pk": 111, "fields": {"variant": 257, "assignment": 1, "values": [37]}}, {"model": "product.assignedvariantattribute", "pk": 112, "fields": {"variant": 276, "assignment": 1, "values": [36]}}, {"model": "product.assignedvariantattribute", "pk": 113, "fields": {"variant": 298, "assignment": 1, "values": [38]}}, {"model": "product.assignedvariantattribute", "pk": 114, "fields": {"variant": 307, "assignment": 1, "values": [37]}}, {"model": "product.assignedvariantattribute", "pk": 115, "fields": {"variant": 258, "assignment": 1, "values": [38]}}, {"model": "product.assignedvariantattribute", "pk": 116, "fields": {"variant": 285, "assignment": 1, "values": [40]}}, {"model": "product.assignedvariantattribute", "pk": 117, "fields": {"variant": 295, "assignment": 1, "values": [40]}}, {"model": "product.assignedvariantattribute", "pk": 118, "fields": {"variant": 246, "assignment": 6, "values": [79]}}, {"model": "product.assignedvariantattribute", "pk": 119, "fields": {"variant": 222, "assignment": 2, "values": [48]}}, {"model": "product.assignedvariantattribute", "pk": 120, "fields": {"variant": 182, "assignment": 3, "values": [62]}}, {"model": "product.attributeproduct", "pk": 1, "fields": {"sort_order": null, "attribute": 16, "product_type": 9}}, {"model": "product.attributeproduct", "pk": 2, "fields": {"sort_order": null, "attribute": 20, "product_type": 10}}, {"model": "product.attributeproduct", "pk": 3, "fields": {"sort_order": null, "attribute": 21, "product_type": 11}}, {"model": "product.attributeproduct", "pk": 4, "fields": {"sort_order": null, "attribute": 23, "product_type": 12}}, {"model": "product.attributeproduct", "pk": 5, "fields": {"sort_order": null, "attribute": 23, "product_type": 14}}, {"model": "product.attributevariant", "pk": 1, "fields": {"sort_order": null, "attribute": 13, "product_type": 14}}, {"model": "product.attributevariant", "pk": 2, "fields": {"sort_order": null, "attribute": 15, "product_type": 9}}, {"model": "product.attributevariant", "pk": 3, "fields": {"sort_order": null, "attribute": 18, "product_type": 7}}, {"model": "product.attributevariant", "pk": 4, "fields": {"sort_order": null, "attribute": 19, "product_type": 8}}, {"model": "product.attributevariant", "pk": 5, "fields": {"sort_order": null, "attribute": 22, "product_type": 12}}, {"model": "product.attributevariant", "pk": 6, "fields": {"sort_order": null, "attribute": 24, "product_type": 13}}, {"model": "product.attribute", "pk": 13, "fields": {"private_metadata": {}, "metadata": {}, "slug": "size", "name": "Size", "input_type": "dropdown", "value_required": false, "is_variant_only": false, "visible_in_storefront": true, "filterable_in_storefront": true, "filterable_in_dashboard": false, "storefront_search_position": 0, "available_in_grid": true}}, {"model": "product.attribute", "pk": 14, "fields": {"private_metadata": {}, "metadata": {}, "slug": "color", "name": "Color", "input_type": "dropdown", "value_required": false, "is_variant_only": false, "visible_in_storefront": true, "filterable_in_storefront": true, "filterable_in_dashboard": false, "storefront_search_position": 0, "available_in_grid": true}}, {"model": "product.attribute", "pk": 15, "fields": {"private_metadata": {}, "metadata": {}, "slug": "bottle-size", "name": "Bottle Size", "input_type": "dropdown", "value_required": false, "is_variant_only": false, "visible_in_storefront": true, "filterable_in_storefront": true, "filterable_in_dashboard": true, "storefront_search_position": 0, "available_in_grid": true}}, {"model": "product.attribute", "pk": 16, "fields": {"private_metadata": {}, "metadata": {}, "slug": "flavor", "name": "Flavor", "input_type": "dropdown", "value_required": false, "is_variant_only": false, "visible_in_storefront": true, "filterable_in_storefront": true, "filterable_in_dashboard": false, "storefront_search_position": 0, "available_in_grid": true}}, {"model": "product.attribute", "pk": 18, "fields": {"private_metadata": {}, "metadata": {}, "slug": "bucket-size", "name": "Bucket Size", "input_type": "dropdown", "value_required": false, "is_variant_only": false, "visible_in_storefront": true, "filterable_in_storefront": true, "filterable_in_dashboard": false, "storefront_search_position": 0, "available_in_grid": true}}, {"model": "product.attribute", "pk": 19, "fields": {"private_metadata": {}, "metadata": {}, "slug": "medium", "name": "Medium", "input_type": "dropdown", "value_required": false, "is_variant_only": false, "visible_in_storefront": true, "filterable_in_storefront": true, "filterable_in_dashboard": false, "storefront_search_position": 0, "available_in_grid": true}}, {"model": "product.attribute", "pk": 20, "fields": {"private_metadata": {}, "metadata": {}, "slug": "volume", "name": "Volume", "input_type": "dropdown", "value_required": false, "is_variant_only": false, "visible_in_storefront": true, "filterable_in_storefront": true, "filterable_in_dashboard": false, "storefront_search_position": 0, "available_in_grid": true}}, {"model": "product.attribute", "pk": 21, "fields": {"private_metadata": {}, "metadata": {}, "slug": "abv", "name": "ABV", "input_type": "dropdown", "value_required": false, "is_variant_only": false, "visible_in_storefront": true, "filterable_in_storefront": true, "filterable_in_dashboard": false, "storefront_search_position": 0, "available_in_grid": true}}, {"model": "product.attribute", "pk": 22, "fields": {"private_metadata": {}, "metadata": {}, "slug": "cushion-size", "name": "Cushion Size", "input_type": "dropdown", "value_required": false, "is_variant_only": false, "visible_in_storefront": true, "filterable_in_storefront": true, "filterable_in_dashboard": false, "storefront_search_position": 0, "available_in_grid": true}}, {"model": "product.attribute", "pk": 23, "fields": {"private_metadata": {}, "metadata": {}, "slug": "material", "name": "Material", "input_type": "dropdown", "value_required": false, "is_variant_only": false, "visible_in_storefront": true, "filterable_in_storefront": true, "filterable_in_dashboard": true, "storefront_search_position": 0, "available_in_grid": true}}, {"model": "product.attribute", "pk": 24, "fields": {"private_metadata": {}, "metadata": {}, "slug": "shoe-size", "name": "Shoe size", "input_type": "dropdown", "value_required": false, "is_variant_only": false, "visible_in_storefront": true, "filterable_in_storefront": true, "filterable_in_dashboard": false, "storefront_search_position": 0, "available_in_grid": true}}, {"model": "product.attribute", "pk": 25, "fields": {"private_metadata": {}, "metadata": {}, "slug": "dfdfdfs", "name": "dfdfdfs", "input_type": "multiselect", "value_required": true, "is_variant_only": false, "visible_in_storefront": true, "filterable_in_storefront": true, "filterable_in_dashboard": true, "storefront_search_position": 0, "available_in_grid": true}}, {"model": "product.attribute", "pk": 26, "fields": {"private_metadata": {}, "metadata": {}, "slug": "admin123", "name": "admin", "input_type": "multiselect", "value_required": true, "is_variant_only": false, "visible_in_storefront": true, "filterable_in_storefront": true, "filterable_in_dashboard": true, "storefront_search_position": 0, "available_in_grid": true}}, {"model": "product.attributevalue", "pk": 1, "fields": {"sort_order": 6, "name": "Pineapple", "value": "", "slug": "pineapple", "attribute": 16}}, {"model": "product.attributevalue", "pk": 2, "fields": {"sort_order": 7, "name": "Coconut", "value": "", "slug": "coconut", "attribute": 16}}, {"model": "product.attributevalue", "pk": 3, "fields": {"sort_order": 8, "name": "Apple", "value": "", "slug": "apple", "attribute": 16}}, {"model": "product.attributevalue", "pk": 36, "fields": {"sort_order": 0, "name": "S", "value": "", "slug": "s", "attribute": 13}}, {"model": "product.attributevalue", "pk": 37, "fields": {"sort_order": 1, "name": "M", "value": "", "slug": "m", "attribute": 13}}, {"model": "product.attributevalue", "pk": 38, "fields": {"sort_order": 2, "name": "L", "value": "", "slug": "l", "attribute": 13}}, {"model": "product.attributevalue", "pk": 39, "fields": {"sort_order": 3, "name": "XL", "value": "", "slug": "xl", "attribute": 13}}, {"model": "product.attributevalue", "pk": 40, "fields": {"sort_order": 4, "name": "XXL", "value": "", "slug": "xxl", "attribute": 13}}, {"model": "product.attributevalue", "pk": 41, "fields": {"sort_order": 0, "name": "White", "value": "", "slug": "white", "attribute": 14}}, {"model": "product.attributevalue", "pk": 42, "fields": {"sort_order": 1, "name": "Blue", "value": "", "slug": "blue", "attribute": 14}}, {"model": "product.attributevalue", "pk": 43, "fields": {"sort_order": 2, "name": "Orange", "value": "", "slug": "orange", "attribute": 14}}, {"model": "product.attributevalue", "pk": 44, "fields": {"sort_order": 3, "name": "Black", "value": "", "slug": "black", "attribute": 14}}, {"model": "product.attributevalue", "pk": 45, "fields": {"sort_order": 4, "name": "Cyan", "value": "", "slug": "cyan", "attribute": 14}}, {"model": "product.attributevalue", "pk": 46, "fields": {"sort_order": 0, "name": "500ml", "value": "", "slug": "500ml", "attribute": 15}}, {"model": "product.attributevalue", "pk": 47, "fields": {"sort_order": 1, "name": "1l", "value": "", "slug": "1l", "attribute": 15}}, {"model": "product.attributevalue", "pk": 48, "fields": {"sort_order": 2, "name": "2l", "value": "", "slug": "2l", "attribute": 15}}, {"model": "product.attributevalue", "pk": 49, "fields": {"sort_order": 0, "name": "Orange", "value": "", "slug": "orange", "attribute": 16}}, {"model": "product.attributevalue", "pk": 50, "fields": {"sort_order": 1, "name": "Banana", "value": "", "slug": "banana", "attribute": 16}}, {"model": "product.attributevalue", "pk": 51, "fields": {"sort_order": 2, "name": "Bean", "value": "", "slug": "bean", "attribute": 16}}, {"model": "product.attributevalue", "pk": 52, "fields": {"sort_order": 3, "name": "Carrot", "value": "", "slug": "carrot", "attribute": 16}}, {"model": "product.attributevalue", "pk": 53, "fields": {"sort_order": 4, "name": "Sprouty", "value": "", "slug": "sprouty", "attribute": 16}}, {"model": "product.attributevalue", "pk": 54, "fields": {"sort_order": 5, "name": "Salty, like the tears of your enemy", "value": "", "slug": "salty-like-the-tears-of-your-enemy", "attribute": 16}}, {"model": "product.attributevalue", "pk": 60, "fields": {"sort_order": 0, "name": "1l", "value": "", "slug": "1l", "attribute": 18}}, {"model": "product.attributevalue", "pk": 61, "fields": {"sort_order": 1, "name": "2.5l", "value": "", "slug": "25l", "attribute": 18}}, {"model": "product.attributevalue", "pk": 62, "fields": {"sort_order": 2, "name": "5l", "value": "", "slug": "5l", "attribute": 18}}, {"model": "product.attributevalue", "pk": 63, "fields": {"sort_order": 0, "name": "Vinyl", "value": "", "slug": "vinyl", "attribute": 19}}, {"model": "product.attributevalue", "pk": 64, "fields": {"sort_order": 1, "name": "DVD", "value": "", "slug": "dvd", "attribute": 19}}, {"model": "product.attributevalue", "pk": 65, "fields": {"sort_order": 2, "name": "VHS", "value": "", "slug": "vhs", "attribute": 19}}, {"model": "product.attributevalue", "pk": 66, "fields": {"sort_order": 3, "name": "iTunes", "value": "", "slug": "itunes", "attribute": 19}}, {"model": "product.attributevalue", "pk": 67, "fields": {"sort_order": 0, "name": "700ml", "value": "", "slug": "700ml", "attribute": 20}}, {"model": "product.attributevalue", "pk": 68, "fields": {"sort_order": 0, "name": "5.1%", "value": "", "slug": "51", "attribute": 21}}, {"model": "product.attributevalue", "pk": 69, "fields": {"sort_order": 1, "name": "6.7%", "value": "", "slug": "67", "attribute": 21}}, {"model": "product.attributevalue", "pk": 70, "fields": {"sort_order": 0, "name": "45cm x 45cm", "value": "", "slug": "45cm-x-45cm", "attribute": 22}}, {"model": "product.attributevalue", "pk": 71, "fields": {"sort_order": 1, "name": "55cm x 55cm", "value": "", "slug": "55cm-x-55cm", "attribute": 22}}, {"model": "product.attributevalue", "pk": 72, "fields": {"sort_order": 0, "name": "Cotton", "value": "", "slug": "cotton", "attribute": 23}}, {"model": "product.attributevalue", "pk": 73, "fields": {"sort_order": 1, "name": "Elastane", "value": "", "slug": "elastane", "attribute": 23}}, {"model": "product.attributevalue", "pk": 74, "fields": {"sort_order": 2, "name": "Polyester", "value": "", "slug": "polyester", "attribute": 23}}, {"model": "product.attributevalue", "pk": 75, "fields": {"sort_order": 0, "name": "39", "value": "", "slug": "39", "attribute": 24}}, {"model": "product.attributevalue", "pk": 76, "fields": {"sort_order": 1, "name": "40", "value": "", "slug": "40", "attribute": 24}}, {"model": "product.attributevalue", "pk": 77, "fields": {"sort_order": 2, "name": "41", "value": "", "slug": "41", "attribute": 24}}, {"model": "product.attributevalue", "pk": 78, "fields": {"sort_order": 3, "name": "42", "value": "", "slug": "42", "attribute": 24}}, {"model": "product.attributevalue", "pk": 79, "fields": {"sort_order": 4, "name": "43", "value": "", "slug": "43", "attribute": 24}}, {"model": "product.attributevalue", "pk": 80, "fields": {"sort_order": 5, "name": "44", "value": "", "slug": "44", "attribute": 24}}, {"model": "product.attributevalue", "pk": 81, "fields": {"sort_order": 6, "name": "45", "value": "", "slug": "45", "attribute": 24}}, {"model": "product.productimage", "pk": 1, "fields": {"sort_order": 0, "product": 61, "image": "products/saleordemoproduct_paints_01.png", "ppoi": "0.5x0.5", "alt": ""}}, {"model": "product.productimage", "pk": 2, "fields": {"sort_order": 0, "product": 62, "image": "products/saleordemoproduct_paints_02.png", "ppoi": "0.5x0.5", "alt": ""}}, {"model": "product.productimage", "pk": 3, "fields": {"sort_order": 0, "product": 63, "image": "products/saleordemoproduct_paints_03.png", "ppoi": "0.5x0.5", "alt": ""}}, {"model": "product.productimage", "pk": 4, "fields": {"sort_order": 0, "product": 64, "image": "products/saleordemoproduct_paints_04.png", "ppoi": "0.5x0.5", "alt": ""}}, {"model": "product.productimage", "pk": 5, "fields": {"sort_order": 0, "product": 65, "image": "products/saleordemoproduct_paints_05.png", "ppoi": "0.5x0.5", "alt": ""}}, {"model": "product.productimage", "pk": 6, "fields": {"sort_order": 0, "product": 71, "image": "products/saleordemoproduct_fd_juice_06.png", "ppoi": "0.5x0.5", "alt": ""}}, {"model": "product.productimage", "pk": 7, "fields": {"sort_order": 0, "product": 72, "image": "products/saleordemoproduct_fd_juice_06_K83fRGs.png", "ppoi": "0.5x0.5", "alt": ""}}, {"model": "product.productimage", "pk": 8, "fields": {"sort_order": 0, "product": 73, "image": "products/saleordemoproduct_fd_juice_05.png", "ppoi": "0.5x0.5", "alt": ""}}, {"model": "product.productimage", "pk": 9, "fields": {"sort_order": 0, "product": 74, "image": "products/saleordemoproduct_fd_juice_01.png", "ppoi": "0.5x0.5", "alt": ""}}, {"model": "product.productimage", "pk": 10, "fields": {"sort_order": 0, "product": 75, "image": "products/saleordemoproduct_fd_juice_03.png", "ppoi": "0.5x0.5", "alt": ""}}, {"model": "product.productimage", "pk": 11, "fields": {"sort_order": 0, "product": 76, "image": "products/saleordemoproduct_fd_juice_02.png", "ppoi": "0.5x0.5", "alt": ""}}, {"model": "product.productimage", "pk": 12, "fields": {"sort_order": 0, "product": 77, "image": "products/saleordemoproduct_fd_juice_03_qF6sRpj.png", "ppoi": "0.5x0.5", "alt": ""}}, {"model": "product.productimage", "pk": 13, "fields": {"sort_order": 0, "product": 78, "image": "products/saleordemoproduct_fd_juice_04.png", "ppoi": "0.5x0.5", "alt": ""}}, {"model": "product.productimage", "pk": 14, "fields": {"sort_order": 0, "product": 79, "image": "products/saleordemoproduct_fd_juice_02_L2azKKi.png", "ppoi": "0.5x0.5", "alt": ""}}, {"model": "product.productimage", "pk": 15, "fields": {"sort_order": 0, "product": 81, "image": "products/saleordemoproduct_wine-red.png", "ppoi": "0.5x0.5", "alt": ""}}, {"model": "product.productimage", "pk": 16, "fields": {"sort_order": 0, "product": 82, "image": "products/saleordemoproduct_wine-white.png", "ppoi": "0.5x0.5", "alt": ""}}, {"model": "product.productimage", "pk": 17, "fields": {"sort_order": 0, "product": 83, "image": "products/saleordemoproduct_beer-02_1.png", "ppoi": "0.5x0.5", "alt": ""}}, {"model": "product.productimage", "pk": 18, "fields": {"sort_order": 1, "product": 83, "image": "products/saleordemoproduct_beer-02_2.png", "ppoi": "0.5x0.5", "alt": ""}}, {"model": "product.productimage", "pk": 19, "fields": {"sort_order": 0, "product": 84, "image": "products/saleordemoproduct_beer-01_1.png", "ppoi": "0.5x0.5", "alt": ""}}, {"model": "product.productimage", "pk": 20, "fields": {"sort_order": 1, "product": 84, "image": "products/saleordemoproduct_beer-01_2.png", "ppoi": "0.5x0.5", "alt": ""}}, {"model": "product.productimage", "pk": 21, "fields": {"sort_order": 0, "product": 85, "image": "products/saleordemoproduct_cuschion01.png", "ppoi": "0.5x0.5", "alt": ""}}, {"model": "product.productimage", "pk": 22, "fields": {"sort_order": 0, "product": 86, "image": "products/saleordemoproduct_cuschion02.png", "ppoi": "0.5x0.5", "alt": ""}}, {"model": "product.productimage", "pk": 23, "fields": {"sort_order": 0, "product": 87, "image": "products/saleordemoproduct_sneakers_01_1.png", "ppoi": "0.5x0.5", "alt": ""}}, {"model": "product.productimage", "pk": 24, "fields": {"sort_order": 1, "product": 87, "image": "products/saleordemoproduct_sneakers_01_2.png", "ppoi": "0.5x0.5", "alt": ""}}, {"model": "product.productimage", "pk": 25, "fields": {"sort_order": 2, "product": 87, "image": "products/saleordemoproduct_sneakers_01_3.png", "ppoi": "0.5x0.5", "alt": ""}}, {"model": "product.productimage", "pk": 26, "fields": {"sort_order": 3, "product": 87, "image": "products/saleordemoproduct_sneakers_01_4.png", "ppoi": "0.5x0.5", "alt": ""}}, {"model": "product.productimage", "pk": 27, "fields": {"sort_order": 0, "product": 88, "image": "products/saleordemoproduct_sneakers_02_1.png", "ppoi": "0.5x0.5", "alt": ""}}, {"model": "product.productimage", "pk": 28, "fields": {"sort_order": 1, "product": 88, "image": "products/saleordemoproduct_sneakers_02_2.png", "ppoi": "0.5x0.5", "alt": ""}}, {"model": "product.productimage", "pk": 29, "fields": {"sort_order": 2, "product": 88, "image": "products/saleordemoproduct_sneakers_02_3.png", "ppoi": "0.5x0.5", "alt": ""}}, {"model": "product.productimage", "pk": 30, "fields": {"sort_order": 3, "product": 88, "image": "products/saleordemoproduct_sneakers_02_4.png", "ppoi": "0.5x0.5", "alt": ""}}, {"model": "product.productimage", "pk": 31, "fields": {"sort_order": 0, "product": 89, "image": "products/saleordemoproduct_cl_boot07_1.png", "ppoi": "0.5x0.5", "alt": ""}}, {"model": "product.productimage", "pk": 32, "fields": {"sort_order": 1, "product": 89, "image": "products/saleordemoproduct_cl_boot07_2.png", "ppoi": "0.5x0.5", "alt": ""}}, {"model": "product.productimage", "pk": 33, "fields": {"sort_order": 0, "product": 107, "image": "products/saleordemoproduct_cl_polo01.png", "ppoi": "0.5x0.5", "alt": ""}}, {"model": "product.productimage", "pk": 34, "fields": {"sort_order": 0, "product": 108, "image": "products/saleordemoproduct_cl_polo02.png", "ppoi": "0.5x0.5", "alt": ""}}, {"model": "product.productimage", "pk": 35, "fields": {"sort_order": 0, "product": 109, "image": "products/saleordemoproduct_cl_polo03-woman.png", "ppoi": "0.5x0.5", "alt": ""}}, {"model": "product.productimage", "pk": 36, "fields": {"sort_order": 0, "product": 110, "image": "products/saleordemoproduct_cl_polo04-woman.png", "ppoi": "0.5x0.5", "alt": ""}}, {"model": "product.productimage", "pk": 37, "fields": {"sort_order": 0, "product": 111, "image": "products/saleordemoproduct_cl_boot01_1.png", "ppoi": "0.5x0.5", "alt": ""}}, {"model": "product.productimage", "pk": 38, "fields": {"sort_order": 1, "product": 111, "image": "products/saleordemoproduct_cl_boot01_2.png", "ppoi": "0.5x0.5", "alt": ""}}, {"model": "product.productimage", "pk": 39, "fields": {"sort_order": 2, "product": 111, "image": "products/saleordemoproduct_cl_boot01_3.png", "ppoi": "0.5x0.5", "alt": ""}}, {"model": "product.productimage", "pk": 40, "fields": {"sort_order": 0, "product": 112, "image": "products/saleordemoproduct_cl_boot03_1.png", "ppoi": "0.5x0.5", "alt": ""}}, {"model": "product.productimage", "pk": 41, "fields": {"sort_order": 1, "product": 112, "image": "products/saleordemoproduct_cl_boot03_2.png", "ppoi": "0.5x0.5", "alt": ""}}, {"model": "product.productimage", "pk": 42, "fields": {"sort_order": 0, "product": 113, "image": "products/saleordemoproduct_cl_boot06_1.png", "ppoi": "0.5x0.5", "alt": ""}}, {"model": "product.productimage", "pk": 43, "fields": {"sort_order": 1, "product": 113, "image": "products/saleordemoproduct_cl_boot06_2.png", "ppoi": "0.5x0.5", "alt": ""}}, {"model": "product.productimage", "pk": 44, "fields": {"sort_order": 0, "product": 114, "image": "products/saleordemoproduct_cl_boot06_1_4aKPzeB.png", "ppoi": "0.5x0.5", "alt": ""}}, {"model": "product.productimage", "pk": 45, "fields": {"sort_order": 1, "product": 114, "image": "products/saleordemoproduct_cl_boot06_2_tA157RW.png", "ppoi": "0.5x0.5", "alt": ""}}, {"model": "product.productimage", "pk": 46, "fields": {"sort_order": 0, "product": 115, "image": "products/saleordemoproduct_cl_bogo01_1.png", "ppoi": "0.5x0.5", "alt": ""}}, {"model": "product.productimage", "pk": 47, "fields": {"sort_order": 0, "product": 116, "image": "products/saleordemoproduct_cl_bogo02_1.png", "ppoi": "0.5x0.5", "alt": ""}}, {"model": "product.productimage", "pk": 48, "fields": {"sort_order": 0, "product": 117, "image": "products/saleordemoproduct_cl_bogo03_1.png", "ppoi": "0.5x0.5", "alt": ""}}, {"model": "product.productimage", "pk": 49, "fields": {"sort_order": 0, "product": 118, "image": "products/saleordemoproduct_cl_bogo04_1.png", "ppoi": "0.5x0.5", "alt": ""}}, {"model": "product.productimage", "pk": 50, "fields": {"sort_order": 1, "product": 118, "image": "products/saleordemoproduct_cl_bogo04_2.png", "ppoi": "0.5x0.5", "alt": ""}}, {"model": "product.collectionproduct", "pk": 1, "fields": {"sort_order": null, "collection": 1, "product": 73}}, {"model": "product.collectionproduct", "pk": 2, "fields": {"sort_order": null, "collection": 1, "product": 83}}, {"model": "product.collectionproduct", "pk": 3, "fields": {"sort_order": null, "collection": 1, "product": 110}}, {"model": "product.collectionproduct", "pk": 4, "fields": {"sort_order": null, "collection": 1, "product": 86}}, {"model": "product.collectionproduct", "pk": 5, "fields": {"sort_order": null, "collection": 2, "product": 83}}, {"model": "product.collectionproduct", "pk": 6, "fields": {"sort_order": null, "collection": 2, "product": 84}}, {"model": "product.collectionproduct", "pk": 7, "fields": {"sort_order": null, "collection": 2, "product": 61}}, {"model": "product.collectionproduct", "pk": 8, "fields": {"sort_order": null, "collection": 2, "product": 110}}, {"model": "product.collection", "pk": 1, "fields": {"publication_date": null, "is_published": true, "private_metadata": {}, "metadata": {}, "seo_title": null, "seo_description": null, "name": "Summer collection", "slug": "summer-collection", "background_image": "collection-backgrounds/summer_ncQXi8L.jpg", "background_image_alt": "", "description": "The Saleor Summer Collection features a range of products that feel the heat of the market. A demo store for all seasons. Saleor captures the open source, e-commerce sun.", "description_json": {"blocks": [{"key": "", "data": {}, "text": "The Saleor Summer Collection features a range of products that feel the heat of the market. A demo store for all seasons. Saleor captures the open source, e-commerce sun.", "type": "unstyled", "depth": 0, "entityRanges": [], "inlineStyleRanges": []}], "entityMap": {}}}}, {"model": "product.collection", "pk": 2, "fields": {"publication_date": null, "is_published": true, "private_metadata": {}, "metadata": {}, "seo_title": null, "seo_description": null, "name": "Winter sale", "slug": "winter-sale", "background_image": "collection-backgrounds/clothing_STCyig5.jpg", "background_image_alt": "", "description": "The Saleor Winter Sale is snowed under with seasonal offers. Unreal products at unreal prices. Literally, they are not real products, but the Saleor demo store is a genuine e-commerce leader.", "description_json": {"blocks": [{"key": "", "data": {}, "text": "The Saleor Winter Sale is snowed under with seasonal offers. Unreal products at unreal prices. Literally, they are not real products, but the Saleor demo store is a genuine e-commerce leader.", "type": "unstyled", "depth": 0, "entityRanges": [], "inlineStyleRanges": []}], "entityMap": {}}}}, {"model": "menu.menu", "pk": 1, "fields": {"name": "navbar", "json_content": [{"url": "", "name": "Accessories", "child_items": [{"url": "", "name": "Paints", "child_items": [], "translations": {}}, {"url": "", "name": "Homewares", "child_items": [], "translations": {}}], "translations": {}}, {"url": "", "name": "Groceries", "child_items": [{"url": "", "name": "Juices", "child_items": [], "translations": {}}, {"url": "", "name": "Alcohol", "child_items": [], "translations": {}}], "translations": {}}, {"url": "", "name": "Apparel", "child_items": [{"url": "", "name": "T-shirts", "child_items": [], "translations": {}}, {"url": "", "name": "Polo Shirts", "child_items": [], "translations": {}}, {"url": "", "name": "Hoodies", "child_items": [], "translations": {}}, {"url": "", "name": "Footwear", "child_items": [], "translations": {}}], "translations": {}}]}}, {"model": "menu.menu", "pk": 2, "fields": {"name": "footer", "json_content": [{"url": "", "name": "Collections", "child_items": [{"url": "", "name": "Summer collection", "child_items": [], "translations": {}}, {"url": "", "name": "Winter sale", "child_items": [], "translations": {}}], "translations": {}}, {"url": "/", "name": "Saleor", "child_items": [{"url": "", "name": "About", "child_items": [], "translations": {}}, {"url": "http://example.com/graphql/", "name": "GraphQL API", "child_items": [], "translations": {}}], "translations": {}}]}}, {"model": "menu.menuitem", "pk": 18, "fields": {"sort_order": 0, "menu": 1, "name": "Accessories", "parent": null, "url": null, "category": 7, "collection": null, "page": null, "lft": 1, "rght": 6, "tree_id": 6, "level": 0}}, {"model": "menu.menuitem", "pk": 19, "fields": {"sort_order": 0, "menu": 1, "name": "Paints", "parent": 18, "url": null, "category": 20, "collection": null, "page": null, "lft": 2, "rght": 3, "tree_id": 6, "level": 1}}, {"model": "menu.menuitem", "pk": 20, "fields": {"sort_order": 1, "menu": 1, "name": "Homewares", "parent": 18, "url": null, "category": 22, "collection": null, "page": null, "lft": 4, "rght": 5, "tree_id": 6, "level": 1}}, {"model": "menu.menuitem", "pk": 21, "fields": {"sort_order": 2, "menu": 1, "name": "Groceries", "parent": null, "url": null, "category": 8, "collection": null, "page": null, "lft": 1, "rght": 6, "tree_id": 7, "level": 0}}, {"model": "menu.menuitem", "pk": 22, "fields": {"sort_order": 0, "menu": 1, "name": "Juices", "parent": 21, "url": null, "category": 14, "collection": null, "page": null, "lft": 2, "rght": 3, "tree_id": 7, "level": 1}}, {"model": "menu.menuitem", "pk": 23, "fields": {"sort_order": 1, "menu": 1, "name": "Alcohol", "parent": 21, "url": null, "category": 15, "collection": null, "page": null, "lft": 4, "rght": 5, "tree_id": 7, "level": 1}}, {"model": "menu.menuitem", "pk": 24, "fields": {"sort_order": 3, "menu": 1, "name": "Apparel", "parent": null, "url": null, "category": 9, "collection": null, "page": null, "lft": 1, "rght": 10, "tree_id": 8, "level": 0}}, {"model": "menu.menuitem", "pk": 25, "fields": {"sort_order": 0, "menu": 1, "name": "T-shirts", "parent": 24, "url": null, "category": 10, "collection": null, "page": null, "lft": 2, "rght": 3, "tree_id": 8, "level": 1}}, {"model": "menu.menuitem", "pk": 26, "fields": {"sort_order": 1, "menu": 1, "name": "Polo Shirts", "parent": 24, "url": null, "category": 11, "collection": null, "page": null, "lft": 4, "rght": 5, "tree_id": 8, "level": 1}}, {"model": "menu.menuitem", "pk": 27, "fields": {"sort_order": 2, "menu": 1, "name": "Hoodies", "parent": 24, "url": null, "category": 12, "collection": null, "page": null, "lft": 6, "rght": 7, "tree_id": 8, "level": 1}}, {"model": "menu.menuitem", "pk": 28, "fields": {"sort_order": 3, "menu": 1, "name": "Footwear", "parent": 24, "url": null, "category": 13, "collection": null, "page": null, "lft": 8, "rght": 9, "tree_id": 8, "level": 1}}, {"model": "menu.menuitem", "pk": 29, "fields": {"sort_order": 0, "menu": 2, "name": "Collections", "parent": null, "url": null, "category": null, "collection": 2, "page": null, "lft": 1, "rght": 6, "tree_id": 9, "level": 0}}, {"model": "menu.menuitem", "pk": 30, "fields": {"sort_order": 0, "menu": 2, "name": "Summer collection", "parent": 29, "url": null, "category": null, "collection": 1, "page": null, "lft": 2, "rght": 3, "tree_id": 9, "level": 1}}, {"model": "menu.menuitem", "pk": 31, "fields": {"sort_order": 1, "menu": 2, "name": "Winter sale", "parent": 29, "url": null, "category": null, "collection": 2, "page": null, "lft": 4, "rght": 5, "tree_id": 9, "level": 1}}, {"model": "menu.menuitem", "pk": 32, "fields": {"sort_order": 2, "menu": 2, "name": "Saleor", "parent": null, "url": "/", "category": null, "collection": null, "page": null, "lft": 1, "rght": 6, "tree_id": 10, "level": 0}}, {"model": "menu.menuitem", "pk": 33, "fields": {"sort_order": 0, "menu": 2, "name": "About", "parent": 32, "url": null, "category": null, "collection": null, "page": 1, "lft": 2, "rght": 3, "tree_id": 10, "level": 1}}, {"model": "menu.menuitem", "pk": 34, "fields": {"sort_order": 1, "menu": 2, "name": "GraphQL API", "parent": 32, "url": "http://example.com/graphql/", "category": null, "collection": null, "page": null, "lft": 4, "rght": 5, "tree_id": 10, "level": 1}}, {"model": "order.order", "pk": 1, "fields": {"private_metadata": {}, "metadata": {}, "created": "2020-04-29T04:24:57.141Z", "status": "partially fulfilled", "user": null, "language_code": "en", "tracking_client_id": "", "billing_address": 26, "shipping_address": 26, "user_email": "jennifer.hayes@example.com", "currency": "USD", "shipping_method": 13, "shipping_method_name": "UPS", "shipping_price_net_amount": "40.57", "shipping_price_gross_amount": "40.57", "token": "e62489ea-9809-402d-8ace-39a11742bc56", "checkout_token": "", "total_net_amount": "233.57", "total_gross_amount": "233.57", "voucher": null, "discount_amount": "0.00", "discount_name": null, "translated_discount_name": null, "display_gross_prices": true, "customer_note": "", "weight": "5.0:kg", "gift_cards": []}}, {"model": "order.order", "pk": 2, "fields": {"private_metadata": {}, "metadata": {}, "created": "2020-04-29T04:24:57.396Z", "status": "partially fulfilled", "user": null, "language_code": "en", "tracking_client_id": "", "billing_address": 27, "shipping_address": 27, "user_email": "carl.bernard@example.com", "currency": "USD", "shipping_method": 14, "shipping_method_name": "FedEx", "shipping_price_net_amount": "65.29", "shipping_price_gross_amount": "65.29", "token": "f0a838fa-3d44-4170-bf94-40e59e179f30", "checkout_token": "", "total_net_amount": "187.49", "total_gross_amount": "187.49", "voucher": null, "discount_amount": "0.00", "discount_name": null, "translated_discount_name": null, "display_gross_prices": true, "customer_note": "", "weight": "6.0:kg", "gift_cards": []}}, {"model": "order.order", "pk": 3, "fields": {"private_metadata": {}, "metadata": {}, "created": "2020-04-29T04:24:57.532Z", "status": "fulfilled", "user": 15, "language_code": "en", "tracking_client_id": "", "billing_address": 19, "shipping_address": 19, "user_email": "", "currency": "USD", "shipping_method": 15, "shipping_method_name": "EMS", "shipping_price_net_amount": "25.88", "shipping_price_gross_amount": "25.88", "token": "9d19a5fc-01f0-4cf8-a563-13ee970c0895", "checkout_token": "", "total_net_amount": "27.68", "total_gross_amount": "27.68", "voucher": null, "discount_amount": "0.00", "discount_name": null, "translated_discount_name": null, "display_gross_prices": true, "customer_note": "", "weight": "1.0:kg", "gift_cards": []}}, {"model": "order.order", "pk": 4, "fields": {"private_metadata": {}, "metadata": {}, "created": "2020-04-29T04:24:57.623Z", "status": "partially fulfilled", "user": null, "language_code": "en", "tracking_client_id": "", "billing_address": 28, "shipping_address": 28, "user_email": "dawn.turner@example.com", "currency": "USD", "shipping_method": 15, "shipping_method_name": "EMS", "shipping_price_net_amount": "25.88", "shipping_price_gross_amount": "25.88", "token": "4f7e7577-e32b-43d3-8935-29b24dfbb7cf", "checkout_token": "", "total_net_amount": "73.88", "total_gross_amount": "73.88", "voucher": null, "discount_amount": "0.00", "discount_name": null, "translated_discount_name": null, "display_gross_prices": true, "customer_note": "", "weight": "0.5:kg", "gift_cards": []}}, {"model": "order.order", "pk": 5, "fields": {"private_metadata": {}, "metadata": {}, "created": "2020-04-29T04:24:57.784Z", "status": "partially fulfilled", "user": null, "language_code": "en", "tracking_client_id": "", "billing_address": 29, "shipping_address": 29, "user_email": "kevin.cooper@example.com", "currency": "USD", "shipping_method": 9, "shipping_method_name": "TNT", "shipping_price_net_amount": "60.65", "shipping_price_gross_amount": "60.65", "token": "76b5dc57-09ee-43d8-b1b7-0bef92e91d9c", "checkout_token": "", "total_net_amount": "294.65", "total_gross_amount": "294.65", "voucher": null, "discount_amount": "0.00", "discount_name": null, "translated_discount_name": null, "display_gross_prices": true, "customer_note": "", "weight": "4.0:kg", "gift_cards": []}}, {"model": "order.order", "pk": 6, "fields": {"private_metadata": {}, "metadata": {}, "created": "2020-04-29T04:24:57.955Z", "status": "partially fulfilled", "user": 15, "language_code": "en", "tracking_client_id": "", "billing_address": 19, "shipping_address": 19, "user_email": "", "currency": "USD", "shipping_method": 12, "shipping_method_name": "DHL", "shipping_price_net_amount": "33.20", "shipping_price_gross_amount": "33.20", "token": "e2f7de7a-8e33-4e12-a034-70b024f8c97c", "checkout_token": "", "total_net_amount": "138.20", "total_gross_amount": "138.20", "voucher": null, "discount_amount": "0.00", "discount_name": null, "translated_discount_name": null, "display_gross_prices": true, "customer_note": "", "weight": "5.0:kg", "gift_cards": []}}, {"model": "order.order", "pk": 7, "fields": {"private_metadata": {}, "metadata": {}, "created": "2020-04-29T04:24:58.165Z", "status": "partially fulfilled", "user": 10, "language_code": "en", "tracking_client_id": "", "billing_address": 14, "shipping_address": 14, "user_email": "", "currency": "USD", "shipping_method": 16, "shipping_method_name": "Royale International", "shipping_price_net_amount": "15.94", "shipping_price_gross_amount": "15.94", "token": "9017e3c6-7a3c-4a0d-b628-2781b15e1324", "checkout_token": "", "total_net_amount": "302.74", "total_gross_amount": "302.74", "voucher": null, "discount_amount": "0.00", "discount_name": null, "translated_discount_name": null, "display_gross_prices": true, "customer_note": "", "weight": "5.0:kg", "gift_cards": []}}, {"model": "order.order", "pk": 8, "fields": {"private_metadata": {}, "metadata": {}, "created": "2020-04-29T04:24:58.312Z", "status": "unfulfilled", "user": 15, "language_code": "en", "tracking_client_id": "", "billing_address": 19, "shipping_address": 19, "user_email": "", "currency": "USD", "shipping_method": 18, "shipping_method_name": "fastway couriers", "shipping_price_net_amount": "9.35", "shipping_price_gross_amount": "9.35", "token": "9b086341-c7b2-43df-abfa-4ca0d4ffe9f8", "checkout_token": "", "total_net_amount": "24.35", "total_gross_amount": "24.35", "voucher": null, "discount_amount": "0.00", "discount_name": null, "translated_discount_name": null, "display_gross_prices": true, "customer_note": "", "weight": "1.0:kg", "gift_cards": []}}, {"model": "order.order", "pk": 9, "fields": {"private_metadata": {}, "metadata": {}, "created": "2020-04-29T04:24:58.457Z", "status": "fulfilled", "user": null, "language_code": "en", "tracking_client_id": "", "billing_address": 30, "shipping_address": 30, "user_email": "renee.fletcher@example.com", "currency": "USD", "shipping_method": 14, "shipping_method_name": "FedEx", "shipping_price_net_amount": "65.29", "shipping_price_gross_amount": "65.29", "token": "2239645b-fde4-4f6b-ade1-0b4be597b6e9", "checkout_token": "", "total_net_amount": "107.29", "total_gross_amount": "107.29", "voucher": null, "discount_amount": "0.00", "discount_name": null, "translated_discount_name": null, "display_gross_prices": true, "customer_note": "", "weight": "0.5:kg", "gift_cards": []}}, {"model": "order.order", "pk": 10, "fields": {"private_metadata": {}, "metadata": {}, "created": "2020-04-29T04:24:58.549Z", "status": "partially fulfilled", "user": 12, "language_code": "en", "tracking_client_id": "", "billing_address": 16, "shipping_address": 16, "user_email": "", "currency": "USD", "shipping_method": 14, "shipping_method_name": "FedEx", "shipping_price_net_amount": "65.29", "shipping_price_gross_amount": "65.29", "token": "cab11591-c226-4fcd-bd45-2348ffaa0e16", "checkout_token": "", "total_net_amount": "237.29", "total_gross_amount": "237.29", "voucher": null, "discount_amount": "0.00", "discount_name": null, "translated_discount_name": null, "display_gross_prices": true, "customer_note": "", "weight": "4.0:kg", "gift_cards": []}}, {"model": "order.order", "pk": 11, "fields": {"private_metadata": {}, "metadata": {}, "created": "2020-04-29T04:24:58.687Z", "status": "partially fulfilled", "user": null, "language_code": "en", "tracking_client_id": "", "billing_address": 31, "shipping_address": 31, "user_email": "timothy.gordon@example.com", "currency": "USD", "shipping_method": 5, "shipping_method_name": "FBA", "shipping_price_net_amount": "50.88", "shipping_price_gross_amount": "50.88", "token": "82697871-e500-49cb-b129-ee688a7b2019", "checkout_token": "", "total_net_amount": "230.88", "total_gross_amount": "230.88", "voucher": null, "discount_amount": "0.00", "discount_name": null, "translated_discount_name": null, "display_gross_prices": true, "customer_note": "", "weight": "3.0:kg", "gift_cards": []}}, {"model": "order.order", "pk": 12, "fields": {"private_metadata": {}, "metadata": {}, "created": "2020-04-29T04:24:58.798Z", "status": "unfulfilled", "user": null, "language_code": "en", "tracking_client_id": "", "billing_address": 32, "shipping_address": 32, "user_email": "jeffrey.wolfe@example.com", "currency": "USD", "shipping_method": 7, "shipping_method_name": "Oceania Air Mail", "shipping_price_net_amount": "93.88", "shipping_price_gross_amount": "93.88", "token": "5e9fec0a-2cfc-4021-83f4-b754cd94b7ce", "checkout_token": "", "total_net_amount": "123.88", "total_gross_amount": "123.88", "voucher": null, "discount_amount": "0.00", "discount_name": null, "translated_discount_name": null, "display_gross_prices": true, "customer_note": "", "weight": "1.0:kg", "gift_cards": []}}, {"model": "order.order", "pk": 13, "fields": {"private_metadata": {}, "metadata": {}, "created": "2020-04-29T04:24:58.914Z", "status": "unfulfilled", "user": 14, "language_code": "en", "tracking_client_id": "", "billing_address": 18, "shipping_address": 18, "user_email": "", "currency": "USD", "shipping_method": 12, "shipping_method_name": "DHL", "shipping_price_net_amount": "33.20", "shipping_price_gross_amount": "33.20", "token": "ca715eab-6dea-4ea5-ae52-bc16f1675539", "checkout_token": "", "total_net_amount": "93.20", "total_gross_amount": "93.20", "voucher": null, "discount_amount": "0.00", "discount_name": null, "translated_discount_name": null, "display_gross_prices": true, "customer_note": "", "weight": "1.0:kg", "gift_cards": []}}, {"model": "order.order", "pk": 14, "fields": {"private_metadata": {}, "metadata": {}, "created": "2020-04-29T04:24:59.016Z", "status": "partially fulfilled", "user": 6, "language_code": "en", "tracking_client_id": "", "billing_address": 10, "shipping_address": 10, "user_email": "", "currency": "USD", "shipping_method": 12, "shipping_method_name": "DHL", "shipping_price_net_amount": "33.20", "shipping_price_gross_amount": "33.20", "token": "aa9e0d74-01bc-4058-ae20-672bb72b17de", "checkout_token": "", "total_net_amount": "403.20", "total_gross_amount": "403.20", "voucher": null, "discount_amount": "0.00", "discount_name": null, "translated_discount_name": null, "display_gross_prices": true, "customer_note": "", "weight": "4.0:kg", "gift_cards": []}}, {"model": "order.order", "pk": 15, "fields": {"private_metadata": {}, "metadata": {}, "created": "2020-04-29T04:24:59.132Z", "status": "partially fulfilled", "user": null, "language_code": "en", "tracking_client_id": "", "billing_address": 33, "shipping_address": 33, "user_email": "jessica.brown@example.com", "currency": "USD", "shipping_method": 6, "shipping_method_name": "FedEx Express", "shipping_price_net_amount": "10.10", "shipping_price_gross_amount": "10.10", "token": "1e4e2408-7690-4c47-aa26-d282a96a5110", "checkout_token": "", "total_net_amount": "190.10", "total_gross_amount": "190.10", "voucher": null, "discount_amount": "0.00", "discount_name": null, "translated_discount_name": null, "display_gross_prices": true, "customer_note": "", "weight": "2.0:kg", "gift_cards": []}}, {"model": "order.order", "pk": 16, "fields": {"private_metadata": {}, "metadata": {}, "created": "2020-04-29T04:24:59.281Z", "status": "partially fulfilled", "user": 7, "language_code": "en", "tracking_client_id": "", "billing_address": 11, "shipping_address": 11, "user_email": "", "currency": "USD", "shipping_method": 11, "shipping_method_name": "EMS", "shipping_price_net_amount": "82.59", "shipping_price_gross_amount": "82.59", "token": "daaed952-fe95-4f77-b73d-f23cfc0a42a9", "checkout_token": "", "total_net_amount": "184.59", "total_gross_amount": "184.59", "voucher": null, "discount_amount": "0.00", "discount_name": null, "translated_discount_name": null, "display_gross_prices": true, "customer_note": "", "weight": "2.0:kg", "gift_cards": []}}, {"model": "order.order", "pk": 17, "fields": {"private_metadata": {}, "metadata": {}, "created": "2020-04-29T04:24:59.447Z", "status": "partially fulfilled", "user": 12, "language_code": "en", "tracking_client_id": "", "billing_address": 16, "shipping_address": 16, "user_email": "", "currency": "USD", "shipping_method": null, "shipping_method_name": "Registered priority", "shipping_price_net_amount": "21.40", "shipping_price_gross_amount": "21.40", "token": "63e3ab8a-9c8f-414b-b62d-bed59b311547", "checkout_token": "", "total_net_amount": "230.60", "total_gross_amount": "230.60", "voucher": null, "discount_amount": "0.00", "discount_name": null, "translated_discount_name": null, "display_gross_prices": true, "customer_note": "", "weight": "6.0:kg", "gift_cards": []}}, {"model": "order.order", "pk": 18, "fields": {"private_metadata": {}, "metadata": {}, "created": "2020-04-29T04:24:59.551Z", "status": "partially fulfilled", "user": 15, "language_code": "en", "tracking_client_id": "", "billing_address": 19, "shipping_address": 19, "user_email": "", "currency": "USD", "shipping_method": 16, "shipping_method_name": "Royale International", "shipping_price_net_amount": "15.94", "shipping_price_gross_amount": "15.94", "token": "79ee3c15-7000-4f17-be9a-f490348cd741", "checkout_token": "", "total_net_amount": "344.74", "total_gross_amount": "344.74", "voucher": null, "discount_amount": "0.00", "discount_name": null, "translated_discount_name": null, "display_gross_prices": true, "customer_note": "", "weight": "8.0:kg", "gift_cards": []}}, {"model": "order.order", "pk": 19, "fields": {"private_metadata": {}, "metadata": {}, "created": "2020-04-29T04:24:59.761Z", "status": "unfulfilled", "user": null, "language_code": "en", "tracking_client_id": "", "billing_address": 34, "shipping_address": 34, "user_email": "steven.mendoza@example.com", "currency": "USD", "shipping_method": 16, "shipping_method_name": "Royale International", "shipping_price_net_amount": "15.94", "shipping_price_gross_amount": "15.94", "token": "b473e461-4f75-4ca2-ba87-db49ca4e21be", "checkout_token": "", "total_net_amount": "71.84", "total_gross_amount": "71.84", "voucher": null, "discount_amount": "0.00", "discount_name": null, "translated_discount_name": null, "display_gross_prices": true, "customer_note": "", "weight": "4.0:kg", "gift_cards": []}}, {"model": "order.order", "pk": 20, "fields": {"private_metadata": {}, "metadata": {}, "created": "2020-04-29T04:24:59.852Z", "status": "partially fulfilled", "user": null, "language_code": "en", "tracking_client_id": "", "billing_address": 35, "shipping_address": 35, "user_email": "gary.villegas@example.com", "currency": "USD", "shipping_method": null, "shipping_method_name": "UPS", "shipping_price_net_amount": "11.79", "shipping_price_gross_amount": "11.79", "token": "982e6122-e6d6-436c-9167-39d2686c6ea1", "checkout_token": "", "total_net_amount": "212.79", "total_gross_amount": "212.79", "voucher": null, "discount_amount": "0.00", "discount_name": null, "translated_discount_name": null, "display_gross_prices": true, "customer_note": "", "weight": "4.0:kg", "gift_cards": []}}, {"model": "order.order", "pk": 21, "fields": {"private_metadata": {}, "metadata": {}, "created": "2020-04-29T08:47:55.091Z", "status": "partially fulfilled", "user": 41, "language_code": "en", "tracking_client_id": "", "billing_address": 60, "shipping_address": 60, "user_email": "", "currency": "USD", "shipping_method": 38, "shipping_method_name": "Post Office", "shipping_price_net_amount": "56.80", "shipping_price_gross_amount": "56.80", "token": "bc343ecf-2558-46c9-b133-8401f9076e31", "checkout_token": "", "total_net_amount": "293.80", "total_gross_amount": "293.80", "voucher": null, "discount_amount": "0.00", "discount_name": null, "translated_discount_name": null, "display_gross_prices": true, "customer_note": "", "weight": "2.5:kg", "gift_cards": []}}, {"model": "order.order", "pk": 22, "fields": {"private_metadata": {}, "metadata": {}, "created": "2020-04-29T08:47:55.387Z", "status": "unfulfilled", "user": 41, "language_code": "en", "tracking_client_id": "", "billing_address": 60, "shipping_address": 60, "user_email": "", "currency": "USD", "shipping_method": 6, "shipping_method_name": "FedEx Express", "shipping_price_net_amount": "10.10", "shipping_price_gross_amount": "10.10", "token": "2620f7c2-7132-416f-9f18-456a2ee247eb", "checkout_token": "", "total_net_amount": "290.30", "total_gross_amount": "290.30", "voucher": null, "discount_amount": "0.00", "discount_name": null, "translated_discount_name": null, "display_gross_prices": true, "customer_note": "", "weight": "5.0:kg", "gift_cards": []}}, {"model": "order.order", "pk": 23, "fields": {"private_metadata": {}, "metadata": {}, "created": "2020-04-29T08:47:55.521Z", "status": "unfulfilled", "user": 32, "language_code": "en", "tracking_client_id": "", "billing_address": 51, "shipping_address": 51, "user_email": "", "currency": "USD", "shipping_method": 19, "shipping_method_name": "Post Office", "shipping_price_net_amount": "52.73", "shipping_price_gross_amount": "52.73", "token": "ce35d871-283c-48c3-9436-b951ee5a9fe3", "checkout_token": "", "total_net_amount": "142.73", "total_gross_amount": "142.73", "voucher": null, "discount_amount": "0.00", "discount_name": null, "translated_discount_name": null, "display_gross_prices": true, "customer_note": "", "weight": "1.0:kg", "gift_cards": []}}, {"model": "order.order", "pk": 24, "fields": {"private_metadata": {}, "metadata": {}, "created": "2020-04-29T08:47:55.628Z", "status": "partially fulfilled", "user": null, "language_code": "en", "tracking_client_id": "", "billing_address": 65, "shipping_address": 65, "user_email": "maria.baxter@example.com", "currency": "USD", "shipping_method": 27, "shipping_method_name": "China Post", "shipping_price_net_amount": "93.78", "shipping_price_gross_amount": "93.78", "token": "e373550c-e7b2-4e83-8f56-06c0d1012547", "checkout_token": "", "total_net_amount": "237.78", "total_gross_amount": "237.78", "voucher": null, "discount_amount": "0.00", "discount_name": null, "translated_discount_name": null, "display_gross_prices": true, "customer_note": "", "weight": "2.0:kg", "gift_cards": []}}, {"model": "order.order", "pk": 25, "fields": {"private_metadata": {}, "metadata": {}, "created": "2020-04-29T08:47:55.757Z", "status": "unfulfilled", "user": null, "language_code": "en", "tracking_client_id": "", "billing_address": 66, "shipping_address": 66, "user_email": "susan.mcdaniel@example.com", "currency": "USD", "shipping_method": 33, "shipping_method_name": "FedEx", "shipping_price_net_amount": "12.79", "shipping_price_gross_amount": "12.79", "token": "b2cc46d4-6352-4392-b6fc-10e3e2ff28f1", "checkout_token": "", "total_net_amount": "90.79", "total_gross_amount": "90.79", "voucher": null, "discount_amount": "0.00", "discount_name": null, "translated_discount_name": null, "display_gross_prices": true, "customer_note": "", "weight": "2.0:kg", "gift_cards": []}}, {"model": "order.order", "pk": 26, "fields": {"private_metadata": {}, "metadata": {}, "created": "2020-04-29T08:47:55.879Z", "status": "partially fulfilled", "user": 8, "language_code": "en", "tracking_client_id": "", "billing_address": 12, "shipping_address": 12, "user_email": "", "currency": "USD", "shipping_method": null, "shipping_method_name": "Registered priority", "shipping_price_net_amount": "85.65", "shipping_price_gross_amount": "85.65", "token": "c0c91da5-c1af-4ebb-8665-cc929289aaab", "checkout_token": "", "total_net_amount": "219.65", "total_gross_amount": "219.65", "voucher": null, "discount_amount": "0.00", "discount_name": null, "translated_discount_name": null, "display_gross_prices": true, "customer_note": "", "weight": "2.0:kg", "gift_cards": []}}, {"model": "order.order", "pk": 27, "fields": {"private_metadata": {}, "metadata": {}, "created": "2020-04-29T08:47:56.007Z", "status": "unfulfilled", "user": 12, "language_code": "en", "tracking_client_id": "", "billing_address": 16, "shipping_address": 16, "user_email": "", "currency": "USD", "shipping_method": null, "shipping_method_name": "Registered priority", "shipping_price_net_amount": "85.65", "shipping_price_gross_amount": "85.65", "token": "bc855189-567c-4e05-ab80-d583a1c0ee15", "checkout_token": "", "total_net_amount": "139.65", "total_gross_amount": "139.65", "voucher": null, "discount_amount": "0.00", "discount_name": null, "translated_discount_name": null, "display_gross_prices": true, "customer_note": "", "weight": "1.0:kg", "gift_cards": []}}, {"model": "order.order", "pk": 28, "fields": {"private_metadata": {}, "metadata": {}, "created": "2020-04-29T08:47:56.191Z", "status": "partially fulfilled", "user": 5, "language_code": "en", "tracking_client_id": "", "billing_address": 9, "shipping_address": 9, "user_email": "", "currency": "USD", "shipping_method": 33, "shipping_method_name": "FedEx", "shipping_price_net_amount": "12.79", "shipping_price_gross_amount": "12.79", "token": "01d8d6cc-57b2-44a9-865d-0d751c4b51d4", "checkout_token": "", "total_net_amount": "358.79", "total_gross_amount": "358.79", "voucher": null, "discount_amount": "0.00", "discount_name": null, "translated_discount_name": null, "display_gross_prices": true, "customer_note": "", "weight": "4.0:kg", "gift_cards": []}}, {"model": "order.order", "pk": 29, "fields": {"private_metadata": {}, "metadata": {}, "created": "2020-04-29T08:47:56.476Z", "status": "unfulfilled", "user": 5, "language_code": "en", "tracking_client_id": "", "billing_address": 9, "shipping_address": 9, "user_email": "", "currency": "USD", "shipping_method": 28, "shipping_method_name": "TNT", "shipping_price_net_amount": "38.39", "shipping_price_gross_amount": "38.39", "token": "f8932b21-6bcb-44ee-8894-6d927dc640b9", "checkout_token": "", "total_net_amount": "110.39", "total_gross_amount": "110.39", "voucher": null, "discount_amount": "0.00", "discount_name": null, "translated_discount_name": null, "display_gross_prices": true, "customer_note": "", "weight": "1.0:kg", "gift_cards": []}}, {"model": "order.order", "pk": 30, "fields": {"private_metadata": {}, "metadata": {}, "created": "2020-04-29T08:47:56.632Z", "status": "partially fulfilled", "user": 2, "language_code": "en", "tracking_client_id": "", "billing_address": 6, "shipping_address": 6, "user_email": "", "currency": "USD", "shipping_method": 31, "shipping_method_name": "DHL", "shipping_price_net_amount": "63.78", "shipping_price_gross_amount": "63.78", "token": "439f607e-bebc-4e23-819b-14498188aaab", "checkout_token": "", "total_net_amount": "183.78", "total_gross_amount": "183.78", "voucher": null, "discount_amount": "0.00", "discount_name": null, "translated_discount_name": null, "display_gross_prices": true, "customer_note": "", "weight": "1.0:kg", "gift_cards": []}}, {"model": "order.order", "pk": 31, "fields": {"private_metadata": {}, "metadata": {}, "created": "2020-04-29T08:47:56.740Z", "status": "partially fulfilled", "user": 11, "language_code": "en", "tracking_client_id": "", "billing_address": 15, "shipping_address": 15, "user_email": "", "currency": "USD", "shipping_method": null, "shipping_method_name": "UPS", "shipping_price_net_amount": "26.66", "shipping_price_gross_amount": "26.66", "token": "76ce915a-de62-4a22-ac5b-0f9cc7a65c65", "checkout_token": "", "total_net_amount": "68.66", "total_gross_amount": "68.66", "voucher": null, "discount_amount": "0.00", "discount_name": null, "translated_discount_name": null, "display_gross_prices": true, "customer_note": "", "weight": "3.0:kg", "gift_cards": []}}, {"model": "order.order", "pk": 32, "fields": {"private_metadata": {}, "metadata": {}, "created": "2020-04-29T08:47:57.018Z", "status": "unfulfilled", "user": null, "language_code": "en", "tracking_client_id": "", "billing_address": 67, "shipping_address": 67, "user_email": "shawn.espinoza@example.com", "currency": "USD", "shipping_method": 12, "shipping_method_name": "DHL", "shipping_price_net_amount": "33.20", "shipping_price_gross_amount": "33.20", "token": "1c8f1e1a-184c-4c1b-8c38-c60a58b07181", "checkout_token": "", "total_net_amount": "54.20", "total_gross_amount": "54.20", "voucher": null, "discount_amount": "0.00", "discount_name": null, "translated_discount_name": null, "display_gross_prices": true, "customer_note": "", "weight": "1.0:kg", "gift_cards": []}}, {"model": "order.order", "pk": 33, "fields": {"private_metadata": {}, "metadata": {}, "created": "2020-04-29T08:47:57.185Z", "status": "partially fulfilled", "user": 5, "language_code": "en", "tracking_client_id": "", "billing_address": 9, "shipping_address": 9, "user_email": "", "currency": "USD", "shipping_method": 37, "shipping_method_name": "fastway couriers", "shipping_price_net_amount": "29.75", "shipping_price_gross_amount": "29.75", "token": "35cfa60c-fac7-410a-b1bd-97d364832554", "checkout_token": "", "total_net_amount": "144.55", "total_gross_amount": "144.55", "voucher": null, "discount_amount": "0.00", "discount_name": null, "translated_discount_name": null, "display_gross_prices": true, "customer_note": "", "weight": "3.0:kg", "gift_cards": []}}, {"model": "order.order", "pk": 34, "fields": {"private_metadata": {}, "metadata": {}, "created": "2020-04-29T08:47:57.430Z", "status": "partially fulfilled", "user": null, "language_code": "en", "tracking_client_id": "", "billing_address": 68, "shipping_address": 68, "user_email": "deanna.boyd@example.com", "currency": "USD", "shipping_method": 26, "shipping_method_name": "Oceania Air Mail", "shipping_price_net_amount": "1.21", "shipping_price_gross_amount": "1.21", "token": "e3a758dc-d44c-4af9-bc77-ee727b7ac0b2", "checkout_token": "", "total_net_amount": "136.21", "total_gross_amount": "136.21", "voucher": null, "discount_amount": "0.00", "discount_name": null, "translated_discount_name": null, "display_gross_prices": true, "customer_note": "", "weight": "3.5:kg", "gift_cards": []}}, {"model": "order.order", "pk": 35, "fields": {"private_metadata": {}, "metadata": {}, "created": "2020-04-29T08:47:57.741Z", "status": "partially fulfilled", "user": 5, "language_code": "en", "tracking_client_id": "", "billing_address": 9, "shipping_address": 9, "user_email": "", "currency": "USD", "shipping_method": 24, "shipping_method_name": "FBA", "shipping_price_net_amount": "56.91", "shipping_price_gross_amount": "56.91", "token": "79b5171a-7c04-4209-b955-0eaf98c1f46e", "checkout_token": "", "total_net_amount": "135.71", "total_gross_amount": "135.71", "voucher": null, "discount_amount": "0.00", "discount_name": null, "translated_discount_name": null, "display_gross_prices": true, "customer_note": "", "weight": "4.0:kg", "gift_cards": []}}, {"model": "order.order", "pk": 36, "fields": {"private_metadata": {}, "metadata": {}, "created": "2020-04-29T08:47:57.913Z", "status": "unfulfilled", "user": 44, "language_code": "en", "tracking_client_id": "", "billing_address": 63, "shipping_address": 63, "user_email": "", "currency": "USD", "shipping_method": 26, "shipping_method_name": "Oceania Air Mail", "shipping_price_net_amount": "1.21", "shipping_price_gross_amount": "1.21", "token": "32d47ab8-4d2c-46b1-b7c7-91ad98dadd8d", "checkout_token": "", "total_net_amount": "55.21", "total_gross_amount": "55.21", "voucher": null, "discount_amount": "0.00", "discount_name": null, "translated_discount_name": null, "display_gross_prices": true, "customer_note": "", "weight": "1.0:kg", "gift_cards": []}}, {"model": "order.order", "pk": 37, "fields": {"private_metadata": {}, "metadata": {}, "created": "2020-04-29T08:47:58.066Z", "status": "partially fulfilled", "user": null, "language_code": "en", "tracking_client_id": "", "billing_address": 69, "shipping_address": 69, "user_email": "angela.dickson@example.com", "currency": "USD", "shipping_method": 11, "shipping_method_name": "EMS", "shipping_price_net_amount": "82.59", "shipping_price_gross_amount": "82.59", "token": "c4073a4e-ced6-4dc5-89b0-c8449dc0ab7c", "checkout_token": "", "total_net_amount": "178.59", "total_gross_amount": "178.59", "voucher": null, "discount_amount": "0.00", "discount_name": null, "translated_discount_name": null, "display_gross_prices": true, "customer_note": "", "weight": "2.0:kg", "gift_cards": []}}, {"model": "order.order", "pk": 38, "fields": {"private_metadata": {}, "metadata": {}, "created": "2020-04-29T08:47:58.275Z", "status": "unfulfilled", "user": 30, "language_code": "en", "tracking_client_id": "", "billing_address": 49, "shipping_address": 49, "user_email": "", "currency": "USD", "shipping_method": 18, "shipping_method_name": "fastway couriers", "shipping_price_net_amount": "9.35", "shipping_price_gross_amount": "9.35", "token": "287764df-1b58-4499-8c86-396009ee4713", "checkout_token": "", "total_net_amount": "130.85", "total_gross_amount": "130.85", "voucher": null, "discount_amount": "0.00", "discount_name": null, "translated_discount_name": null, "display_gross_prices": true, "customer_note": "", "weight": "4.5:kg", "gift_cards": []}}, {"model": "order.order", "pk": 39, "fields": {"private_metadata": {}, "metadata": {}, "created": "2020-04-29T08:47:58.494Z", "status": "fulfilled", "user": null, "language_code": "en", "tracking_client_id": "", "billing_address": 70, "shipping_address": 70, "user_email": "kylie.george@example.com", "currency": "USD", "shipping_method": 24, "shipping_method_name": "FBA", "shipping_price_net_amount": "56.91", "shipping_price_gross_amount": "56.91", "token": "c70b524e-3eaf-41b4-a465-8cb55353b63c", "checkout_token": "", "total_net_amount": "61.11", "total_gross_amount": "61.11", "voucher": null, "discount_amount": "0.00", "discount_name": null, "translated_discount_name": null, "display_gross_prices": true, "customer_note": "", "weight": "2.0:kg", "gift_cards": []}}, {"model": "order.order", "pk": 40, "fields": {"private_metadata": {}, "metadata": {}, "created": "2020-04-29T08:47:58.666Z", "status": "unfulfilled", "user": 7, "language_code": "en", "tracking_client_id": "", "billing_address": 11, "shipping_address": 11, "user_email": "", "currency": "USD", "shipping_method": 8, "shipping_method_name": "China Post", "shipping_price_net_amount": "15.26", "shipping_price_gross_amount": "15.26", "token": "02a65ebc-4e02-418e-b83c-abd4f1d8b0b6", "checkout_token": "", "total_net_amount": "17.36", "total_gross_amount": "17.36", "voucher": null, "discount_amount": "0.00", "discount_name": null, "translated_discount_name": null, "display_gross_prices": true, "customer_note": "", "weight": "1.0:kg", "gift_cards": []}}, {"model": "order.order", "pk": 42, "fields": {"private_metadata": {}, "metadata": {}, "created": "2020-05-07T11:54:08.938Z", "status": "draft", "user": null, "language_code": "en", "tracking_client_id": "", "billing_address": null, "shipping_address": null, "user_email": "", "currency": "USD", "shipping_method": null, "shipping_method_name": null, "shipping_price_net_amount": "0.00", "shipping_price_gross_amount": "0.00", "token": "60a37151-4a8d-47d6-9b90-08e6c4337cba", "checkout_token": "", "total_net_amount": "0.00", "total_gross_amount": "0.00", "voucher": null, "discount_amount": "0.00", "discount_name": null, "translated_discount_name": null, "display_gross_prices": true, "customer_note": "", "weight": "0.0:kg", "gift_cards": []}}, {"model": "order.order", "pk": 43, "fields": {"private_metadata": {}, "metadata": {}, "created": "2020-05-07T17:21:12.746Z", "status": "unfulfilled", "user": null, "language_code": "en", "tracking_client_id": "", "billing_address": null, "shipping_address": null, "user_email": "", "currency": "USD", "shipping_method": null, "shipping_method_name": null, "shipping_price_net_amount": "0.00", "shipping_price_gross_amount": "0.00", "token": "d708dd39-2349-43d2-bce2-bbfc95b91448", "checkout_token": "", "total_net_amount": "10.00", "total_gross_amount": "10.00", "voucher": null, "discount_amount": "0.00", "discount_name": null, "translated_discount_name": null, "display_gross_prices": true, "customer_note": "", "weight": "3.0:kg", "gift_cards": []}}, {"model": "order.order", "pk": 44, "fields": {"private_metadata": {}, "metadata": {}, "created": "2020-05-07T17:23:47.663Z", "status": "draft", "user": null, "language_code": "en", "tracking_client_id": "", "billing_address": null, "shipping_address": null, "user_email": "", "currency": "USD", "shipping_method": null, "shipping_method_name": null, "shipping_price_net_amount": "0.00", "shipping_price_gross_amount": "0.00", "token": "79a2fdd0-2ec0-483c-8d73-f2ff04a5b438", "checkout_token": "", "total_net_amount": "0.00", "total_gross_amount": "0.00", "voucher": null, "discount_amount": "0.00", "discount_name": null, "translated_discount_name": null, "display_gross_prices": true, "customer_note": "", "weight": "0.0:kg", "gift_cards": []}}, {"model": "order.orderline", "pk": 1, "fields": {"order": 1, "variant": 312, "product_name": "White Hoodie", "variant_name": "M", "translated_product_name": "", "translated_variant_name": "", "product_sku": "36334412", "is_shipping_required": true, "quantity": 3, "quantity_fulfilled": 2, "currency": "USD", "unit_price_net_amount": "18.00", "unit_price_gross_amount": "18.00", "tax_rate": "0.00"}}, {"model": "order.orderline", "pk": 2, "fields": {"order": 1, "variant": 314, "product_name": "White Hoodie", "variant_name": "XL", "translated_product_name": "", "translated_variant_name": "", "product_sku": "10404946", "is_shipping_required": true, "quantity": 1, "quantity_fulfilled": 1, "currency": "USD", "unit_price_net_amount": "18.00", "unit_price_gross_amount": "18.00", "tax_rate": "0.00"}}, {"model": "order.orderline", "pk": 3, "fields": {"order": 1, "variant": 281, "product_name": "T-shirt", "variant_name": "S", "translated_product_name": "", "translated_variant_name": "", "product_sku": "76491340", "is_shipping_required": true, "quantity": 3, "quantity_fulfilled": 0, "currency": "USD", "unit_price_net_amount": "24.00", "unit_price_gross_amount": "24.00", "tax_rate": "0.00"}}, {"model": "order.orderline", "pk": 4, "fields": {"order": 1, "variant": 250, "product_name": "White Plimsolls", "variant_name": "45", "translated_product_name": "", "translated_variant_name": "", "product_sku": "918223582", "is_shipping_required": true, "quantity": 1, "quantity_fulfilled": 1, "currency": "USD", "unit_price_net_amount": "49.00", "unit_price_gross_amount": "49.00", "tax_rate": "0.00"}}, {"model": "order.orderline", "pk": 5, "fields": {"order": 2, "variant": 216, "product_name": "Coconut Juice", "variant_name": "2l", "translated_product_name": "", "translated_variant_name": "", "product_sku": "84725784", "is_shipping_required": true, "quantity": 1, "quantity_fulfilled": 0, "currency": "USD", "unit_price_net_amount": "4.20", "unit_price_gross_amount": "4.20", "tax_rate": "0.00"}}, {"model": "order.orderline", "pk": 6, "fields": {"order": 2, "variant": 192, "product_name": "Orange Juice", "variant_name": "2l", "translated_product_name": "", "translated_variant_name": "", "product_sku": "988323522", "is_shipping_required": true, "quantity": 4, "quantity_fulfilled": 0, "currency": "USD", "unit_price_net_amount": "7.00", "unit_price_gross_amount": "7.00", "tax_rate": "0.00"}}, {"model": "order.orderline", "pk": 7, "fields": {"order": 2, "variant": 301, "product_name": "Blue Hoodie", "variant_name": "S", "translated_product_name": "", "translated_variant_name": "", "product_sku": "15744278", "is_shipping_required": true, "quantity": 2, "quantity_fulfilled": 0, "currency": "USD", "unit_price_net_amount": "30.00", "unit_price_gross_amount": "30.00", "tax_rate": "0.00"}}, {"model": "order.orderline", "pk": 8, "fields": {"order": 2, "variant": 303, "product_name": "Blue Hoodie", "variant_name": "L", "translated_product_name": "", "translated_variant_name": "", "product_sku": "65363253", "is_shipping_required": true, "quantity": 1, "quantity_fulfilled": 1, "currency": "USD", "unit_price_net_amount": "30.00", "unit_price_gross_amount": "30.00", "tax_rate": "0.00"}}, {"model": "order.orderline", "pk": 9, "fields": {"order": 3, "variant": 195, "product_name": "Seaman Lager", "variant_name": "98616712", "translated_product_name": "", "translated_variant_name": "", "product_sku": "98616712", "is_shipping_required": true, "quantity": 1, "quantity_fulfilled": 1, "currency": "USD", "unit_price_net_amount": "1.80", "unit_price_gross_amount": "1.80", "tax_rate": "0.00"}}, {"model": "order.orderline", "pk": 10, "fields": {"order": 4, "variant": 200, "product_name": "White Parrot Cushion", "variant_name": "55cm x 55cm", "translated_product_name": "", "translated_variant_name": "", "product_sku": "998223590", "is_shipping_required": true, "quantity": 4, "quantity_fulfilled": 2, "currency": "USD", "unit_price_net_amount": "12.00", "unit_price_gross_amount": "12.00", "tax_rate": "0.00"}}, {"model": "order.orderline", "pk": 11, "fields": {"order": 5, "variant": 308, "product_name": "Mustard Hoodie", "variant_name": "L", "translated_product_name": "", "translated_variant_name": "", "product_sku": "55365141", "is_shipping_required": true, "quantity": 1, "quantity_fulfilled": 1, "currency": "USD", "unit_price_net_amount": "24.00", "unit_price_gross_amount": "24.00", "tax_rate": "0.00"}}, {"model": "order.orderline", "pk": 12, "fields": {"order": 5, "variant": 263, "product_name": "Polo Shirt", "variant_name": "L", "translated_product_name": "", "translated_variant_name": "", "product_sku": "59014392", "is_shipping_required": true, "quantity": 1, "quantity_fulfilled": 1, "currency": "USD", "unit_price_net_amount": "30.00", "unit_price_gross_amount": "30.00", "tax_rate": "0.00"}}, {"model": "order.orderline", "pk": 13, "fields": {"order": 5, "variant": 271, "product_name": "Polo Shirt", "variant_name": "S", "translated_product_name": "", "translated_variant_name": "", "product_sku": "98530976", "is_shipping_required": true, "quantity": 4, "quantity_fulfilled": 0, "currency": "USD", "unit_price_net_amount": "30.00", "unit_price_gross_amount": "30.00", "tax_rate": "0.00"}}, {"model": "order.orderline", "pk": 14, "fields": {"order": 5, "variant": 252, "product_name": "Code Division T-shirt", "variant_name": "M", "translated_product_name": "", "translated_variant_name": "", "product_sku": "338223582", "is_shipping_required": true, "quantity": 2, "quantity_fulfilled": 0, "currency": "USD", "unit_price_net_amount": "30.00", "unit_price_gross_amount": "30.00", "tax_rate": "0.00"}}, {"model": "order.orderline", "pk": 15, "fields": {"order": 6, "variant": 192, "product_name": "Orange Juice", "variant_name": "2l", "translated_product_name": "", "translated_variant_name": "", "product_sku": "988323522", "is_shipping_required": true, "quantity": 3, "quantity_fulfilled": 0, "currency": "USD", "unit_price_net_amount": "7.00", "unit_price_gross_amount": "7.00", "tax_rate": "0.00"}}, {"model": "order.orderline", "pk": 16, "fields": {"order": 6, "variant": 309, "product_name": "Mustard Hoodie", "variant_name": "XL", "translated_product_name": "", "translated_variant_name": "", "product_sku": "73186143", "is_shipping_required": true, "quantity": 1, "quantity_fulfilled": 0, "currency": "USD", "unit_price_net_amount": "24.00", "unit_price_gross_amount": "24.00", "tax_rate": "0.00"}}, {"model": "order.orderline", "pk": 17, "fields": {"order": 6, "variant": 305, "product_name": "Blue Hoodie", "variant_name": "XXL", "translated_product_name": "", "translated_variant_name": "", "product_sku": "43313080", "is_shipping_required": true, "quantity": 1, "quantity_fulfilled": 1, "currency": "USD", "unit_price_net_amount": "30.00", "unit_price_gross_amount": "30.00", "tax_rate": "0.00"}}, {"model": "order.orderline", "pk": 18, "fields": {"order": 6, "variant": 262, "product_name": "Polo Shirt", "variant_name": "M", "translated_product_name": "", "translated_variant_name": "", "product_sku": "90892602", "is_shipping_required": true, "quantity": 1, "quantity_fulfilled": 0, "currency": "USD", "unit_price_net_amount": "30.00", "unit_price_gross_amount": "30.00", "tax_rate": "0.00"}}, {"model": "order.orderline", "pk": 19, "fields": {"order": 7, "variant": 265, "product_name": "Polo Shirt", "variant_name": "XXL", "translated_product_name": "", "translated_variant_name": "", "product_sku": "60597697", "is_shipping_required": true, "quantity": 2, "quantity_fulfilled": 0, "currency": "USD", "unit_price_net_amount": "30.00", "unit_price_gross_amount": "30.00", "tax_rate": "0.00"}}, {"model": "order.orderline", "pk": 20, "fields": {"order": 7, "variant": 286, "product_name": "T-shirt", "variant_name": "S", "translated_product_name": "", "translated_variant_name": "", "product_sku": "29810068", "is_shipping_required": true, "quantity": 4, "quantity_fulfilled": 2, "currency": "USD", "unit_price_net_amount": "30.00", "unit_price_gross_amount": "30.00", "tax_rate": "0.00"}}, {"model": "order.orderline", "pk": 21, "fields": {"order": 7, "variant": 222, "product_name": "Green Juice", "variant_name": "2l", "translated_product_name": "", "translated_variant_name": "", "product_sku": "30635751", "is_shipping_required": true, "quantity": 4, "quantity_fulfilled": 1, "currency": "USD", "unit_price_net_amount": "4.20", "unit_price_gross_amount": "4.20", "tax_rate": "0.00"}}, {"model": "order.orderline", "pk": 22, "fields": {"order": 7, "variant": 251, "product_name": "Code Division T-shirt", "variant_name": "S", "translated_product_name": "", "translated_variant_name": "", "product_sku": "988323583", "is_shipping_required": true, "quantity": 3, "quantity_fulfilled": 0, "currency": "USD", "unit_price_net_amount": "30.00", "unit_price_gross_amount": "30.00", "tax_rate": "0.00"}}, {"model": "order.orderline", "pk": 23, "fields": {"order": 8, "variant": 174, "product_name": "Space Dust Navy Paint", "variant_name": "1l", "translated_product_name": "", "translated_variant_name": "", "product_sku": "998223591", "is_shipping_required": true, "quantity": 1, "quantity_fulfilled": 0, "currency": "USD", "unit_price_net_amount": "15.00", "unit_price_gross_amount": "15.00", "tax_rate": "0.00"}}, {"model": "order.orderline", "pk": 24, "fields": {"order": 9, "variant": 198, "product_name": "Colored Parrot Cushion", "variant_name": "55cm x 55cm", "translated_product_name": "", "translated_variant_name": "", "product_sku": "698223581", "is_shipping_required": true, "quantity": 3, "quantity_fulfilled": 3, "currency": "USD", "unit_price_net_amount": "14.00", "unit_price_gross_amount": "14.00", "tax_rate": "0.00"}}, {"model": "order.orderline", "pk": 25, "fields": {"order": 10, "variant": 299, "product_name": "Black Hoodie", "variant_name": "XL", "translated_product_name": "", "translated_variant_name": "", "product_sku": "19230637", "is_shipping_required": true, "quantity": 2, "quantity_fulfilled": 0, "currency": "USD", "unit_price_net_amount": "30.00", "unit_price_gross_amount": "30.00", "tax_rate": "0.00"}}, {"model": "order.orderline", "pk": 26, "fields": {"order": 10, "variant": 255, "product_name": "Code Division T-shirt", "variant_name": "XXL", "translated_product_name": "", "translated_variant_name": "", "product_sku": "3128223583", "is_shipping_required": true, "quantity": 1, "quantity_fulfilled": 1, "currency": "USD", "unit_price_net_amount": "30.00", "unit_price_gross_amount": "30.00", "tax_rate": "0.00"}}, {"model": "order.orderline", "pk": 27, "fields": {"order": 10, "variant": 306, "product_name": "Mustard Hoodie", "variant_name": "S", "translated_product_name": "", "translated_variant_name": "", "product_sku": "33963052", "is_shipping_required": true, "quantity": 3, "quantity_fulfilled": 0, "currency": "USD", "unit_price_net_amount": "24.00", "unit_price_gross_amount": "24.00", "tax_rate": "0.00"}}, {"model": "order.orderline", "pk": 28, "fields": {"order": 10, "variant": 191, "product_name": "Orange Juice", "variant_name": "1l", "translated_product_name": "", "translated_variant_name": "", "product_sku": "938323582", "is_shipping_required": true, "quantity": 2, "quantity_fulfilled": 0, "currency": "USD", "unit_price_net_amount": "5.00", "unit_price_gross_amount": "5.00", "tax_rate": "0.00"}}, {"model": "order.orderline", "pk": 29, "fields": {"order": 11, "variant": 279, "product_name": "T-shirt", "variant_name": "XL", "translated_product_name": "", "translated_variant_name": "", "product_sku": "84192227", "is_shipping_required": true, "quantity": 1, "quantity_fulfilled": 1, "currency": "USD", "unit_price_net_amount": "30.00", "unit_price_gross_amount": "30.00", "tax_rate": "0.00"}}, {"model": "order.orderline", "pk": 30, "fields": {"order": 11, "variant": 263, "product_name": "Polo Shirt", "variant_name": "L", "translated_product_name": "", "translated_variant_name": "", "product_sku": "59014392", "is_shipping_required": true, "quantity": 3, "quantity_fulfilled": 0, "currency": "USD", "unit_price_net_amount": "30.00", "unit_price_gross_amount": "30.00", "tax_rate": "0.00"}}, {"model": "order.orderline", "pk": 31, "fields": {"order": 11, "variant": 275, "product_name": "Polo Shirt", "variant_name": "XXL", "translated_product_name": "", "translated_variant_name": "", "product_sku": "89820261", "is_shipping_required": true, "quantity": 2, "quantity_fulfilled": 0, "currency": "USD", "unit_price_net_amount": "30.00", "unit_price_gross_amount": "30.00", "tax_rate": "0.00"}}, {"model": "order.orderline", "pk": 32, "fields": {"order": 12, "variant": 302, "product_name": "Blue Hoodie", "variant_name": "M", "translated_product_name": "", "translated_variant_name": "", "product_sku": "21599567", "is_shipping_required": true, "quantity": 1, "quantity_fulfilled": 0, "currency": "USD", "unit_price_net_amount": "30.00", "unit_price_gross_amount": "30.00", "tax_rate": "0.00"}}, {"model": "order.orderline", "pk": 33, "fields": {"order": 13, "variant": 275, "product_name": "Polo Shirt", "variant_name": "XXL", "translated_product_name": "", "translated_variant_name": "", "product_sku": "89820261", "is_shipping_required": true, "quantity": 2, "quantity_fulfilled": 0, "currency": "USD", "unit_price_net_amount": "30.00", "unit_price_gross_amount": "30.00", "tax_rate": "0.00"}}, {"model": "order.orderline", "pk": 34, "fields": {"order": 14, "variant": 190, "product_name": "Orange Juice", "variant_name": "500ml", "translated_product_name": "", "translated_variant_name": "", "product_sku": "988323582", "is_shipping_required": true, "quantity": 3, "quantity_fulfilled": 0, "currency": "USD", "unit_price_net_amount": "3.00", "unit_price_gross_amount": "3.00", "tax_rate": "0.00"}}, {"model": "order.orderline", "pk": 35, "fields": {"order": 14, "variant": 191, "product_name": "Orange Juice", "variant_name": "1l", "translated_product_name": "", "translated_variant_name": "", "product_sku": "938323582", "is_shipping_required": true, "quantity": 1, "quantity_fulfilled": 0, "currency": "USD", "unit_price_net_amount": "5.00", "unit_price_gross_amount": "5.00", "tax_rate": "0.00"}}, {"model": "order.orderline", "pk": 36, "fields": {"order": 14, "variant": 244, "product_name": "Yellow Plimsolls", "variant_name": "41", "translated_product_name": "", "translated_variant_name": "", "product_sku": "398323585", "is_shipping_required": true, "quantity": 4, "quantity_fulfilled": 2, "currency": "USD", "unit_price_net_amount": "59.00", "unit_price_gross_amount": "59.00", "tax_rate": "0.00"}}, {"model": "order.orderline", "pk": 37, "fields": {"order": 14, "variant": 271, "product_name": "Polo Shirt", "variant_name": "S", "translated_product_name": "", "translated_variant_name": "", "product_sku": "98530976", "is_shipping_required": true, "quantity": 4, "quantity_fulfilled": 0, "currency": "USD", "unit_price_net_amount": "30.00", "unit_price_gross_amount": "30.00", "tax_rate": "0.00"}}, {"model": "order.orderline", "pk": 38, "fields": {"order": 15, "variant": 287, "product_name": "T-shirt", "variant_name": "M", "translated_product_name": "", "translated_variant_name": "", "product_sku": "57917658", "is_shipping_required": true, "quantity": 2, "quantity_fulfilled": 0, "currency": "USD", "unit_price_net_amount": "30.00", "unit_price_gross_amount": "30.00", "tax_rate": "0.00"}}, {"model": "order.orderline", "pk": 39, "fields": {"order": 15, "variant": 275, "product_name": "Polo Shirt", "variant_name": "XXL", "translated_product_name": "", "translated_variant_name": "", "product_sku": "89820261", "is_shipping_required": true, "quantity": 4, "quantity_fulfilled": 2, "currency": "USD", "unit_price_net_amount": "30.00", "unit_price_gross_amount": "30.00", "tax_rate": "0.00"}}, {"model": "order.orderline", "pk": 40, "fields": {"order": 16, "variant": 276, "product_name": "T-shirt", "variant_name": "S", "translated_product_name": "", "translated_variant_name": "", "product_sku": "81115323", "is_shipping_required": true, "quantity": 1, "quantity_fulfilled": 1, "currency": "USD", "unit_price_net_amount": "30.00", "unit_price_gross_amount": "30.00", "tax_rate": "0.00"}}, {"model": "order.orderline", "pk": 41, "fields": {"order": 16, "variant": 307, "product_name": "Mustard Hoodie", "variant_name": "M", "translated_product_name": "", "translated_variant_name": "", "product_sku": "66846240", "is_shipping_required": true, "quantity": 3, "quantity_fulfilled": 1, "currency": "USD", "unit_price_net_amount": "24.00", "unit_price_gross_amount": "24.00", "tax_rate": "0.00"}}, {"model": "order.orderline", "pk": 42, "fields": {"order": 17, "variant": 270, "product_name": "Polo Shirt", "variant_name": "XXL", "translated_product_name": "", "translated_variant_name": "", "product_sku": "17570141", "is_shipping_required": true, "quantity": 4, "quantity_fulfilled": 2, "currency": "USD", "unit_price_net_amount": "18.00", "unit_price_gross_amount": "18.00", "tax_rate": "0.00"}}, {"model": "order.orderline", "pk": 43, "fields": {"order": 17, "variant": 182, "product_name": "Light Speed Yellow Paint", "variant_name": "5l", "translated_product_name": "", "translated_variant_name": "", "product_sku": "998323584", "is_shipping_required": true, "quantity": 4, "quantity_fulfilled": 1, "currency": "USD", "unit_price_net_amount": "34.30", "unit_price_gross_amount": "34.30", "tax_rate": "0.00"}}, {"model": "order.orderline", "pk": 44, "fields": {"order": 18, "variant": 252, "product_name": "Code Division T-shirt", "variant_name": "M", "translated_product_name": "", "translated_variant_name": "", "product_sku": "338223582", "is_shipping_required": true, "quantity": 2, "quantity_fulfilled": 1, "currency": "USD", "unit_price_net_amount": "30.00", "unit_price_gross_amount": "30.00", "tax_rate": "0.00"}}, {"model": "order.orderline", "pk": 45, "fields": {"order": 18, "variant": 271, "product_name": "Polo Shirt", "variant_name": "S", "translated_product_name": "", "translated_variant_name": "", "product_sku": "98530976", "is_shipping_required": true, "quantity": 4, "quantity_fulfilled": 0, "currency": "USD", "unit_price_net_amount": "30.00", "unit_price_gross_amount": "30.00", "tax_rate": "0.00"}}, {"model": "order.orderline", "pk": 46, "fields": {"order": 18, "variant": 304, "product_name": "Blue Hoodie", "variant_name": "XL", "translated_product_name": "", "translated_variant_name": "", "product_sku": "51987722", "is_shipping_required": true, "quantity": 3, "quantity_fulfilled": 3, "currency": "USD", "unit_price_net_amount": "30.00", "unit_price_gross_amount": "30.00", "tax_rate": "0.00"}}, {"model": "order.orderline", "pk": 47, "fields": {"order": 18, "variant": 173, "product_name": "Nebula Night Sky Paint", "variant_name": "5l", "translated_product_name": "", "translated_variant_name": "", "product_sku": "546451999", "is_shipping_required": true, "quantity": 2, "quantity_fulfilled": 0, "currency": "USD", "unit_price_net_amount": "29.40", "unit_price_gross_amount": "29.40", "tax_rate": "0.00"}}, {"model": "order.orderline", "pk": 48, "fields": {"order": 19, "variant": 210, "product_name": "Banana Juice", "variant_name": "2l", "translated_product_name": "", "translated_variant_name": "", "product_sku": "40636347", "is_shipping_required": true, "quantity": 1, "quantity_fulfilled": 0, "currency": "USD", "unit_price_net_amount": "4.90", "unit_price_gross_amount": "4.90", "tax_rate": "0.00"}}, {"model": "order.orderline", "pk": 49, "fields": {"order": 19, "variant": 309, "product_name": "Mustard Hoodie", "variant_name": "XL", "translated_product_name": "", "translated_variant_name": "", "product_sku": "73186143", "is_shipping_required": true, "quantity": 2, "quantity_fulfilled": 0, "currency": "USD", "unit_price_net_amount": "24.00", "unit_price_gross_amount": "24.00", "tax_rate": "0.00"}}, {"model": "order.orderline", "pk": 50, "fields": {"order": 19, "variant": 215, "product_name": "Coconut Juice", "variant_name": "1l", "translated_product_name": "", "translated_variant_name": "", "product_sku": "5829405", "is_shipping_required": true, "quantity": 1, "quantity_fulfilled": 0, "currency": "USD", "unit_price_net_amount": "3.00", "unit_price_gross_amount": "3.00", "tax_rate": "0.00"}}, {"model": "order.orderline", "pk": 51, "fields": {"order": 20, "variant": 262, "product_name": "Polo Shirt", "variant_name": "M", "translated_product_name": "", "translated_variant_name": "", "product_sku": "90892602", "is_shipping_required": true, "quantity": 3, "quantity_fulfilled": 3, "currency": "USD", "unit_price_net_amount": "30.00", "unit_price_gross_amount": "30.00", "tax_rate": "0.00"}}, {"model": "order.orderline", "pk": 52, "fields": {"order": 20, "variant": 190, "product_name": "Orange Juice", "variant_name": "500ml", "translated_product_name": "", "translated_variant_name": "", "product_sku": "988323582", "is_shipping_required": true, "quantity": 3, "quantity_fulfilled": 3, "currency": "USD", "unit_price_net_amount": "3.00", "unit_price_gross_amount": "3.00", "tax_rate": "0.00"}}, {"model": "order.orderline", "pk": 53, "fields": {"order": 20, "variant": 211, "product_name": "Pineapple Juice", "variant_name": "500ml", "translated_product_name": "", "translated_variant_name": "", "product_sku": "43200242", "is_shipping_required": true, "quantity": 4, "quantity_fulfilled": 3, "currency": "USD", "unit_price_net_amount": "3.00", "unit_price_gross_amount": "3.00", "tax_rate": "0.00"}}, {"model": "order.orderline", "pk": 54, "fields": {"order": 20, "variant": 271, "product_name": "Polo Shirt", "variant_name": "S", "translated_product_name": "", "translated_variant_name": "", "product_sku": "98530976", "is_shipping_required": true, "quantity": 3, "quantity_fulfilled": 2, "currency": "USD", "unit_price_net_amount": "30.00", "unit_price_gross_amount": "30.00", "tax_rate": "0.00"}}, {"model": "order.orderline", "pk": 55, "fields": {"order": 21, "variant": 197, "product_name": "Colored Parrot Cushion", "variant_name": "45cm x 45cm", "translated_product_name": "", "translated_variant_name": "", "product_sku": "698223582", "is_shipping_required": true, "quantity": 4, "quantity_fulfilled": 1, "currency": "USD", "unit_price_net_amount": "12.00", "unit_price_gross_amount": "12.00", "tax_rate": "0.00"}}, {"model": "order.orderline", "pk": 56, "fields": {"order": 21, "variant": 246, "product_name": "Yellow Plimsolls", "variant_name": "43", "translated_product_name": "", "translated_variant_name": "", "product_sku": "398323588", "is_shipping_required": true, "quantity": 3, "quantity_fulfilled": 0, "currency": "USD", "unit_price_net_amount": "59.00", "unit_price_gross_amount": "59.00", "tax_rate": "0.00"}}, {"model": "order.orderline", "pk": 57, "fields": {"order": 21, "variant": 215, "product_name": "Coconut Juice", "variant_name": "1l", "translated_product_name": "", "translated_variant_name": "", "product_sku": "5829405", "is_shipping_required": true, "quantity": 4, "quantity_fulfilled": 3, "currency": "USD", "unit_price_net_amount": "3.00", "unit_price_gross_amount": "3.00", "tax_rate": "0.00"}}, {"model": "order.orderline", "pk": 58, "fields": {"order": 22, "variant": 291, "product_name": "T-shirt", "variant_name": "S", "translated_product_name": "", "translated_variant_name": "", "product_sku": "77306807", "is_shipping_required": true, "quantity": 3, "quantity_fulfilled": 0, "currency": "USD", "unit_price_net_amount": "30.00", "unit_price_gross_amount": "30.00", "tax_rate": "0.00"}}, {"model": "order.orderline", "pk": 59, "fields": {"order": 22, "variant": 302, "product_name": "Blue Hoodie", "variant_name": "M", "translated_product_name": "", "translated_variant_name": "", "product_sku": "21599567", "is_shipping_required": true, "quantity": 3, "quantity_fulfilled": 0, "currency": "USD", "unit_price_net_amount": "30.00", "unit_price_gross_amount": "30.00", "tax_rate": "0.00"}}, {"model": "order.orderline", "pk": 60, "fields": {"order": 22, "variant": 251, "product_name": "Code Division T-shirt", "variant_name": "S", "translated_product_name": "", "translated_variant_name": "", "product_sku": "988323583", "is_shipping_required": true, "quantity": 4, "quantity_fulfilled": 0, "currency": "USD", "unit_price_net_amount": "24.00", "unit_price_gross_amount": "24.00", "tax_rate": "0.00"}}, {"model": "order.orderline", "pk": 61, "fields": {"order": 22, "variant": 204, "product_name": "Apple Juice", "variant_name": "2l", "translated_product_name": "", "translated_variant_name": "", "product_sku": "80884671", "is_shipping_required": true, "quantity": 1, "quantity_fulfilled": 0, "currency": "USD", "unit_price_net_amount": "4.20", "unit_price_gross_amount": "4.20", "tax_rate": "0.00"}}, {"model": "order.orderline", "pk": 62, "fields": {"order": 23, "variant": 292, "product_name": "T-shirt", "variant_name": "M", "translated_product_name": "", "translated_variant_name": "", "product_sku": "68848129", "is_shipping_required": true, "quantity": 3, "quantity_fulfilled": 0, "currency": "USD", "unit_price_net_amount": "30.00", "unit_price_gross_amount": "30.00", "tax_rate": "0.00"}}, {"model": "order.orderline", "pk": 63, "fields": {"order": 24, "variant": 255, "product_name": "Code Division T-shirt", "variant_name": "XXL", "translated_product_name": "", "translated_variant_name": "", "product_sku": "3128223583", "is_shipping_required": true, "quantity": 2, "quantity_fulfilled": 0, "currency": "USD", "unit_price_net_amount": "24.00", "unit_price_gross_amount": "24.00", "tax_rate": "0.00"}}, {"model": "order.orderline", "pk": 64, "fields": {"order": 24, "variant": 290, "product_name": "T-shirt", "variant_name": "XXL", "translated_product_name": "", "translated_variant_name": "", "product_sku": "98653891", "is_shipping_required": true, "quantity": 4, "quantity_fulfilled": 4, "currency": "USD", "unit_price_net_amount": "24.00", "unit_price_gross_amount": "24.00", "tax_rate": "0.00"}}, {"model": "order.orderline", "pk": 65, "fields": {"order": 25, "variant": 281, "product_name": "T-shirt", "variant_name": "S", "translated_product_name": "", "translated_variant_name": "", "product_sku": "76491340", "is_shipping_required": true, "quantity": 1, "quantity_fulfilled": 0, "currency": "USD", "unit_price_net_amount": "24.00", "unit_price_gross_amount": "24.00", "tax_rate": "0.00"}}, {"model": "order.orderline", "pk": 66, "fields": {"order": 25, "variant": 296, "product_name": "Black Hoodie", "variant_name": "S", "translated_product_name": "", "translated_variant_name": "", "product_sku": "62783187", "is_shipping_required": true, "quantity": 3, "quantity_fulfilled": 0, "currency": "USD", "unit_price_net_amount": "18.00", "unit_price_gross_amount": "18.00", "tax_rate": "0.00"}}, {"model": "order.orderline", "pk": 67, "fields": {"order": 26, "variant": 247, "product_name": "White Plimsolls", "variant_name": "40", "translated_product_name": "", "translated_variant_name": "", "product_sku": "993223583", "is_shipping_required": true, "quantity": 2, "quantity_fulfilled": 2, "currency": "USD", "unit_price_net_amount": "49.00", "unit_price_gross_amount": "49.00", "tax_rate": "0.00"}}, {"model": "order.orderline", "pk": 68, "fields": {"order": 26, "variant": 296, "product_name": "Black Hoodie", "variant_name": "S", "translated_product_name": "", "translated_variant_name": "", "product_sku": "62783187", "is_shipping_required": true, "quantity": 2, "quantity_fulfilled": 0, "currency": "USD", "unit_price_net_amount": "18.00", "unit_price_gross_amount": "18.00", "tax_rate": "0.00"}}, {"model": "order.orderline", "pk": 69, "fields": {"order": 27, "variant": 258, "product_name": "Polo Shirt", "variant_name": "L", "translated_product_name": "", "translated_variant_name": "", "product_sku": "50269944", "is_shipping_required": true, "quantity": 3, "quantity_fulfilled": 0, "currency": "USD", "unit_price_net_amount": "18.00", "unit_price_gross_amount": "18.00", "tax_rate": "0.00"}}, {"model": "order.orderline", "pk": 70, "fields": {"order": 28, "variant": 247, "product_name": "White Plimsolls", "variant_name": "40", "translated_product_name": "", "translated_variant_name": "", "product_sku": "993223583", "is_shipping_required": true, "quantity": 4, "quantity_fulfilled": 1, "currency": "USD", "unit_price_net_amount": "49.00", "unit_price_gross_amount": "49.00", "tax_rate": "0.00"}}, {"model": "order.orderline", "pk": 71, "fields": {"order": 28, "variant": 193, "product_name": "Red Wine", "variant_name": "12312312321", "translated_product_name": "", "translated_variant_name": "", "product_sku": "12312312321", "is_shipping_required": true, "quantity": 2, "quantity_fulfilled": 1, "currency": "USD", "unit_price_net_amount": "12.00", "unit_price_gross_amount": "12.00", "tax_rate": "0.00"}}, {"model": "order.orderline", "pk": 72, "fields": {"order": 28, "variant": 275, "product_name": "Polo Shirt", "variant_name": "XXL", "translated_product_name": "", "translated_variant_name": "", "product_sku": "89820261", "is_shipping_required": true, "quantity": 3, "quantity_fulfilled": 0, "currency": "USD", "unit_price_net_amount": "18.00", "unit_price_gross_amount": "18.00", "tax_rate": "0.00"}}, {"model": "order.orderline", "pk": 73, "fields": {"order": 28, "variant": 270, "product_name": "Polo Shirt", "variant_name": "XXL", "translated_product_name": "", "translated_variant_name": "", "product_sku": "17570141", "is_shipping_required": true, "quantity": 4, "quantity_fulfilled": 0, "currency": "USD", "unit_price_net_amount": "18.00", "unit_price_gross_amount": "18.00", "tax_rate": "0.00"}}, {"model": "order.orderline", "pk": 74, "fields": {"order": 29, "variant": 298, "product_name": "Black Hoodie", "variant_name": "L", "translated_product_name": "", "translated_variant_name": "", "product_sku": "22119503", "is_shipping_required": true, "quantity": 4, "quantity_fulfilled": 0, "currency": "USD", "unit_price_net_amount": "18.00", "unit_price_gross_amount": "18.00", "tax_rate": "0.00"}}, {"model": "order.orderline", "pk": 75, "fields": {"order": 30, "variant": 264, "product_name": "Polo Shirt", "variant_name": "XL", "translated_product_name": "", "translated_variant_name": "", "product_sku": "43659438", "is_shipping_required": true, "quantity": 4, "quantity_fulfilled": 2, "currency": "USD", "unit_price_net_amount": "30.00", "unit_price_gross_amount": "30.00", "tax_rate": "0.00"}}, {"model": "order.orderline", "pk": 76, "fields": {"order": 31, "variant": 194, "product_name": "White Wine", "variant_name": "1231998121", "translated_product_name": "", "translated_variant_name": "", "product_sku": "1231998121", "is_shipping_required": true, "quantity": 1, "quantity_fulfilled": 1, "currency": "USD", "unit_price_net_amount": "15.00", "unit_price_gross_amount": "15.00", "tax_rate": "0.00"}}, {"model": "order.orderline", "pk": 77, "fields": {"order": 31, "variant": 297, "product_name": "Black Hoodie", "variant_name": "M", "translated_product_name": "", "translated_variant_name": "", "product_sku": "91406604", "is_shipping_required": true, "quantity": 1, "quantity_fulfilled": 0, "currency": "USD", "unit_price_net_amount": "18.00", "unit_price_gross_amount": "18.00", "tax_rate": "0.00"}}, {"model": "order.orderline", "pk": 78, "fields": {"order": 31, "variant": 203, "product_name": "Apple Juice", "variant_name": "1l", "translated_product_name": "", "translated_variant_name": "", "product_sku": "43226647", "is_shipping_required": true, "quantity": 3, "quantity_fulfilled": 2, "currency": "USD", "unit_price_net_amount": "3.00", "unit_price_gross_amount": "3.00", "tax_rate": "0.00"}}, {"model": "order.orderline", "pk": 79, "fields": {"order": 32, "variant": 180, "product_name": "Light Speed Yellow Paint", "variant_name": "1l", "translated_product_name": "", "translated_variant_name": "", "product_sku": "998323582", "is_shipping_required": true, "quantity": 2, "quantity_fulfilled": 0, "currency": "USD", "unit_price_net_amount": "10.50", "unit_price_gross_amount": "10.50", "tax_rate": "0.00"}}, {"model": "order.orderline", "pk": 80, "fields": {"order": 33, "variant": 207, "product_name": "Carrot Juice", "variant_name": "2l", "translated_product_name": "", "translated_variant_name": "", "product_sku": "62426105", "is_shipping_required": true, "quantity": 4, "quantity_fulfilled": 3, "currency": "USD", "unit_price_net_amount": "4.20", "unit_price_gross_amount": "4.20", "tax_rate": "0.00"}}, {"model": "order.orderline", "pk": 81, "fields": {"order": 33, "variant": 248, "product_name": "White Plimsolls", "variant_name": "41", "translated_product_name": "", "translated_variant_name": "", "product_sku": "978223582", "is_shipping_required": true, "quantity": 2, "quantity_fulfilled": 0, "currency": "USD", "unit_price_net_amount": "49.00", "unit_price_gross_amount": "49.00", "tax_rate": "0.00"}}, {"model": "order.orderline", "pk": 82, "fields": {"order": 34, "variant": 255, "product_name": "Code Division T-shirt", "variant_name": "XXL", "translated_product_name": "", "translated_variant_name": "", "product_sku": "3128223583", "is_shipping_required": true, "quantity": 2, "quantity_fulfilled": 2, "currency": "USD", "unit_price_net_amount": "24.00", "unit_price_gross_amount": "24.00", "tax_rate": "0.00"}}, {"model": "order.orderline", "pk": 83, "fields": {"order": 34, "variant": 273, "product_name": "Polo Shirt", "variant_name": "L", "translated_product_name": "", "translated_variant_name": "", "product_sku": "71103052", "is_shipping_required": true, "quantity": 1, "quantity_fulfilled": 0, "currency": "USD", "unit_price_net_amount": "18.00", "unit_price_gross_amount": "18.00", "tax_rate": "0.00"}}, {"model": "order.orderline", "pk": 84, "fields": {"order": 34, "variant": 242, "product_name": "Yellow Plimsolls", "variant_name": "39", "translated_product_name": "", "translated_variant_name": "", "product_sku": "398323583", "is_shipping_required": true, "quantity": 1, "quantity_fulfilled": 0, "currency": "USD", "unit_price_net_amount": "59.00", "unit_price_gross_amount": "59.00", "tax_rate": "0.00"}}, {"model": "order.orderline", "pk": 85, "fields": {"order": 34, "variant": 200, "product_name": "White Parrot Cushion", "variant_name": "55cm x 55cm", "translated_product_name": "", "translated_variant_name": "", "product_sku": "998223590", "is_shipping_required": true, "quantity": 1, "quantity_fulfilled": 0, "currency": "USD", "unit_price_net_amount": "10.00", "unit_price_gross_amount": "10.00", "tax_rate": "0.00"}}, {"model": "order.orderline", "pk": 86, "fields": {"order": 35, "variant": 190, "product_name": "Orange Juice", "variant_name": "500ml", "translated_product_name": "", "translated_variant_name": "", "product_sku": "988323582", "is_shipping_required": true, "quantity": 3, "quantity_fulfilled": 0, "currency": "USD", "unit_price_net_amount": "3.00", "unit_price_gross_amount": "3.00", "tax_rate": "0.00"}}, {"model": "order.orderline", "pk": 87, "fields": {"order": 35, "variant": 210, "product_name": "Banana Juice", "variant_name": "2l", "translated_product_name": "", "translated_variant_name": "", "product_sku": "40636347", "is_shipping_required": true, "quantity": 2, "quantity_fulfilled": 2, "currency": "USD", "unit_price_net_amount": "4.90", "unit_price_gross_amount": "4.90", "tax_rate": "0.00"}}, {"model": "order.orderline", "pk": 88, "fields": {"order": 35, "variant": 295, "product_name": "T-shirt", "variant_name": "XXL", "translated_product_name": "", "translated_variant_name": "", "product_sku": "45179543", "is_shipping_required": true, "quantity": 2, "quantity_fulfilled": 1, "currency": "USD", "unit_price_net_amount": "30.00", "unit_price_gross_amount": "30.00", "tax_rate": "0.00"}}, {"model": "order.orderline", "pk": 89, "fields": {"order": 36, "variant": 297, "product_name": "Black Hoodie", "variant_name": "M", "translated_product_name": "", "translated_variant_name": "", "product_sku": "91406604", "is_shipping_required": true, "quantity": 3, "quantity_fulfilled": 0, "currency": "USD", "unit_price_net_amount": "18.00", "unit_price_gross_amount": "18.00", "tax_rate": "0.00"}}, {"model": "order.orderline", "pk": 90, "fields": {"order": 37, "variant": 278, "product_name": "T-shirt", "variant_name": "L", "translated_product_name": "", "translated_variant_name": "", "product_sku": "11511539", "is_shipping_required": true, "quantity": 1, "quantity_fulfilled": 1, "currency": "USD", "unit_price_net_amount": "24.00", "unit_price_gross_amount": "24.00", "tax_rate": "0.00"}}, {"model": "order.orderline", "pk": 91, "fields": {"order": 37, "variant": 296, "product_name": "Black Hoodie", "variant_name": "S", "translated_product_name": "", "translated_variant_name": "", "product_sku": "62783187", "is_shipping_required": true, "quantity": 4, "quantity_fulfilled": 0, "currency": "USD", "unit_price_net_amount": "18.00", "unit_price_gross_amount": "18.00", "tax_rate": "0.00"}}, {"model": "order.orderline", "pk": 92, "fields": {"order": 38, "variant": 279, "product_name": "T-shirt", "variant_name": "XL", "translated_product_name": "", "translated_variant_name": "", "product_sku": "84192227", "is_shipping_required": true, "quantity": 2, "quantity_fulfilled": 0, "currency": "USD", "unit_price_net_amount": "24.00", "unit_price_gross_amount": "24.00", "tax_rate": "0.00"}}, {"model": "order.orderline", "pk": 93, "fields": {"order": 38, "variant": 181, "product_name": "Light Speed Yellow Paint", "variant_name": "2.5l", "translated_product_name": "", "translated_variant_name": "", "product_sku": "998323583", "is_shipping_required": true, "quantity": 2, "quantity_fulfilled": 0, "currency": "USD", "unit_price_net_amount": "21.00", "unit_price_gross_amount": "21.00", "tax_rate": "0.00"}}, {"model": "order.orderline", "pk": 94, "fields": {"order": 38, "variant": 180, "product_name": "Light Speed Yellow Paint", "variant_name": "1l", "translated_product_name": "", "translated_variant_name": "", "product_sku": "998323582", "is_shipping_required": true, "quantity": 3, "quantity_fulfilled": 0, "currency": "USD", "unit_price_net_amount": "10.50", "unit_price_gross_amount": "10.50", "tax_rate": "0.00"}}, {"model": "order.orderline", "pk": 95, "fields": {"order": 39, "variant": 216, "product_name": "Coconut Juice", "variant_name": "2l", "translated_product_name": "", "translated_variant_name": "", "product_sku": "84725784", "is_shipping_required": true, "quantity": 1, "quantity_fulfilled": 1, "currency": "USD", "unit_price_net_amount": "4.20", "unit_price_gross_amount": "4.20", "tax_rate": "0.00"}}, {"model": "order.orderline", "pk": 96, "fields": {"order": 40, "variant": 208, "product_name": "Banana Juice", "variant_name": "500ml", "translated_product_name": "", "translated_variant_name": "", "product_sku": "45328412", "is_shipping_required": true, "quantity": 1, "quantity_fulfilled": 0, "currency": "USD", "unit_price_net_amount": "2.10", "unit_price_gross_amount": "2.10", "tax_rate": "0.00"}}, {"model": "order.orderline", "pk": 98, "fields": {"order": 43, "variant": 207, "product_name": "Carrot Juice", "variant_name": "2l", "translated_product_name": "", "translated_variant_name": "", "product_sku": "62426105", "is_shipping_required": true, "quantity": 1, "quantity_fulfilled": 0, "currency": "USD", "unit_price_net_amount": "7.00", "unit_price_gross_amount": "7.00", "tax_rate": "0.00"}}, {"model": "order.orderline", "pk": 99, "fields": {"order": 43, "variant": 205, "product_name": "Carrot Juice", "variant_name": "500ml", "translated_product_name": "", "translated_variant_name": "", "product_sku": "67882967", "is_shipping_required": true, "quantity": 1, "quantity_fulfilled": 0, "currency": "USD", "unit_price_net_amount": "3.00", "unit_price_gross_amount": "3.00", "tax_rate": "0.00"}}, {"model": "order.fulfillment", "pk": 1, "fields": {"private_metadata": {}, "metadata": {}, "fulfillment_order": 1, "order": 1, "status": "fulfilled", "tracking_number": "", "created": "2020-04-29T04:24:57.340Z"}}, {"model": "order.fulfillment", "pk": 2, "fields": {"private_metadata": {}, "metadata": {}, "fulfillment_order": 1, "order": 2, "status": "fulfilled", "tracking_number": "", "created": "2020-04-29T04:24:57.507Z"}}, {"model": "order.fulfillment", "pk": 3, "fields": {"private_metadata": {}, "metadata": {}, "fulfillment_order": 1, "order": 3, "status": "fulfilled", "tracking_number": "", "created": "2020-04-29T04:24:57.596Z"}}, {"model": "order.fulfillment", "pk": 4, "fields": {"private_metadata": {}, "metadata": {}, "fulfillment_order": 1, "order": 4, "status": "fulfilled", "tracking_number": "", "created": "2020-04-29T04:24:57.748Z"}}, {"model": "order.fulfillment", "pk": 5, "fields": {"private_metadata": {}, "metadata": {}, "fulfillment_order": 1, "order": 5, "status": "fulfilled", "tracking_number": "", "created": "2020-04-29T04:24:57.916Z"}}, {"model": "order.fulfillment", "pk": 6, "fields": {"private_metadata": {}, "metadata": {}, "fulfillment_order": 1, "order": 6, "status": "fulfilled", "tracking_number": "", "created": "2020-04-29T04:24:58.132Z"}}, {"model": "order.fulfillment", "pk": 7, "fields": {"private_metadata": {}, "metadata": {}, "fulfillment_order": 1, "order": 7, "status": "fulfilled", "tracking_number": "", "created": "2020-04-29T04:24:58.277Z"}}, {"model": "order.fulfillment", "pk": 8, "fields": {"private_metadata": {}, "metadata": {}, "fulfillment_order": 1, "order": 9, "status": "fulfilled", "tracking_number": "", "created": "2020-04-29T04:24:58.522Z"}}, {"model": "order.fulfillment", "pk": 9, "fields": {"private_metadata": {}, "metadata": {}, "fulfillment_order": 1, "order": 10, "status": "fulfilled", "tracking_number": "", "created": "2020-04-29T04:24:58.662Z"}}, {"model": "order.fulfillment", "pk": 10, "fields": {"private_metadata": {}, "metadata": {}, "fulfillment_order": 1, "order": 11, "status": "fulfilled", "tracking_number": "", "created": "2020-04-29T04:24:58.775Z"}}, {"model": "order.fulfillment", "pk": 11, "fields": {"private_metadata": {}, "metadata": {}, "fulfillment_order": 1, "order": 14, "status": "fulfilled", "tracking_number": "", "created": "2020-04-29T04:24:59.106Z"}}, {"model": "order.fulfillment", "pk": 12, "fields": {"private_metadata": {}, "metadata": {}, "fulfillment_order": 1, "order": 15, "status": "fulfilled", "tracking_number": "", "created": "2020-04-29T04:24:59.253Z"}}, {"model": "order.fulfillment", "pk": 13, "fields": {"private_metadata": {}, "metadata": {}, "fulfillment_order": 1, "order": 16, "status": "fulfilled", "tracking_number": "", "created": "2020-04-29T04:24:59.407Z"}}, {"model": "order.fulfillment", "pk": 14, "fields": {"private_metadata": {}, "metadata": {}, "fulfillment_order": 1, "order": 17, "status": "fulfilled", "tracking_number": "", "created": "2020-04-29T04:24:59.520Z"}}, {"model": "order.fulfillment", "pk": 15, "fields": {"private_metadata": {}, "metadata": {}, "fulfillment_order": 1, "order": 18, "status": "fulfilled", "tracking_number": "", "created": "2020-04-29T04:24:59.717Z"}}, {"model": "order.fulfillment", "pk": 16, "fields": {"private_metadata": {}, "metadata": {}, "fulfillment_order": 1, "order": 20, "status": "fulfilled", "tracking_number": "", "created": "2020-04-29T04:25:00.001Z"}}, {"model": "order.fulfillment", "pk": 17, "fields": {"private_metadata": {}, "metadata": {}, "fulfillment_order": 1, "order": 21, "status": "fulfilled", "tracking_number": "", "created": "2020-04-29T08:47:55.309Z"}}, {"model": "order.fulfillment", "pk": 18, "fields": {"private_metadata": {}, "metadata": {}, "fulfillment_order": 1, "order": 24, "status": "fulfilled", "tracking_number": "", "created": "2020-04-29T08:47:55.726Z"}}, {"model": "order.fulfillment", "pk": 19, "fields": {"private_metadata": {}, "metadata": {}, "fulfillment_order": 1, "order": 26, "status": "fulfilled", "tracking_number": "", "created": "2020-04-29T08:47:55.975Z"}}, {"model": "order.fulfillment", "pk": 20, "fields": {"private_metadata": {}, "metadata": {}, "fulfillment_order": 1, "order": 28, "status": "fulfilled", "tracking_number": "", "created": "2020-04-29T08:47:56.420Z"}}, {"model": "order.fulfillment", "pk": 21, "fields": {"private_metadata": {}, "metadata": {}, "fulfillment_order": 1, "order": 30, "status": "fulfilled", "tracking_number": "", "created": "2020-04-29T08:47:56.710Z"}}, {"model": "order.fulfillment", "pk": 22, "fields": {"private_metadata": {}, "metadata": {}, "fulfillment_order": 1, "order": 31, "status": "fulfilled", "tracking_number": "", "created": "2020-04-29T08:47:56.977Z"}}, {"model": "order.fulfillment", "pk": 23, "fields": {"private_metadata": {}, "metadata": {}, "fulfillment_order": 1, "order": 33, "status": "fulfilled", "tracking_number": "", "created": "2020-04-29T08:47:57.392Z"}}, {"model": "order.fulfillment", "pk": 24, "fields": {"private_metadata": {}, "metadata": {}, "fulfillment_order": 1, "order": 34, "status": "fulfilled", "tracking_number": "", "created": "2020-04-29T08:47:57.708Z"}}, {"model": "order.fulfillment", "pk": 25, "fields": {"private_metadata": {}, "metadata": {}, "fulfillment_order": 1, "order": 35, "status": "fulfilled", "tracking_number": "", "created": "2020-04-29T08:47:57.872Z"}}, {"model": "order.fulfillment", "pk": 26, "fields": {"private_metadata": {}, "metadata": {}, "fulfillment_order": 1, "order": 37, "status": "fulfilled", "tracking_number": "", "created": "2020-04-29T08:47:58.246Z"}}, {"model": "order.fulfillment", "pk": 27, "fields": {"private_metadata": {}, "metadata": {}, "fulfillment_order": 1, "order": 39, "status": "fulfilled", "tracking_number": "", "created": "2020-04-29T08:47:58.638Z"}}, {"model": "order.fulfillmentline", "pk": 1, "fields": {"order_line": 1, "fulfillment": 1, "quantity": 2, "stock": 604}}, {"model": "order.fulfillmentline", "pk": 2, "fields": {"order_line": 2, "fulfillment": 1, "quantity": 1, "stock": 614}}, {"model": "order.fulfillmentline", "pk": 3, "fields": {"order_line": 4, "fulfillment": 1, "quantity": 1, "stock": 294}}, {"model": "order.fulfillmentline", "pk": 4, "fields": {"order_line": 8, "fulfillment": 2, "quantity": 1, "stock": 559}}, {"model": "order.fulfillmentline", "pk": 5, "fields": {"order_line": 9, "fulfillment": 3, "quantity": 1, "stock": 104}}, {"model": "order.fulfillmentline", "pk": 6, "fields": {"order_line": 10, "fulfillment": 4, "quantity": 2, "stock": 129}}, {"model": "order.fulfillmentline", "pk": 7, "fields": {"order_line": 11, "fulfillment": 5, "quantity": 1, "stock": 583}}, {"model": "order.fulfillmentline", "pk": 8, "fields": {"order_line": 12, "fulfillment": 5, "quantity": 1, "stock": 358}}, {"model": "order.fulfillmentline", "pk": 9, "fields": {"order_line": 17, "fulfillment": 6, "quantity": 1, "stock": 569}}, {"model": "order.fulfillmentline", "pk": 10, "fields": {"order_line": 20, "fulfillment": 7, "quantity": 2, "stock": 475}}, {"model": "order.fulfillmentline", "pk": 11, "fields": {"order_line": 21, "fulfillment": 7, "quantity": 1, "stock": 235}}, {"model": "order.fulfillmentline", "pk": 12, "fields": {"order_line": 24, "fulfillment": 8, "quantity": 3, "stock": 119}}, {"model": "order.fulfillmentline", "pk": 13, "fields": {"order_line": 26, "fulfillment": 9, "quantity": 1, "stock": 319}}, {"model": "order.fulfillmentline", "pk": 14, "fields": {"order_line": 29, "fulfillment": 10, "quantity": 1, "stock": 436}}, {"model": "order.fulfillmentline", "pk": 15, "fields": {"order_line": 36, "fulfillment": 11, "quantity": 2, "stock": 264}}, {"model": "order.fulfillmentline", "pk": 16, "fields": {"order_line": 39, "fulfillment": 12, "quantity": 2, "stock": 416}}, {"model": "order.fulfillmentline", "pk": 17, "fields": {"order_line": 40, "fulfillment": 13, "quantity": 1, "stock": 423}}, {"model": "order.fulfillmentline", "pk": 18, "fields": {"order_line": 41, "fulfillment": 13, "quantity": 1, "stock": 578}}, {"model": "order.fulfillmentline", "pk": 19, "fields": {"order_line": 42, "fulfillment": 14, "quantity": 2, "stock": 392}}, {"model": "order.fulfillmentline", "pk": 20, "fields": {"order_line": 43, "fulfillment": 14, "quantity": 1, "stock": 57}}, {"model": "order.fulfillmentline", "pk": 21, "fields": {"order_line": 44, "fulfillment": 15, "quantity": 1, "stock": 305}}, {"model": "order.fulfillmentline", "pk": 22, "fields": {"order_line": 46, "fulfillment": 15, "quantity": 3, "stock": 565}}, {"model": "order.fulfillmentline", "pk": 23, "fields": {"order_line": 51, "fulfillment": 16, "quantity": 3, "stock": 352}}, {"model": "order.fulfillmentline", "pk": 24, "fields": {"order_line": 52, "fulfillment": 16, "quantity": 3, "stock": 77}}, {"model": "order.fulfillmentline", "pk": 25, "fields": {"order_line": 53, "fulfillment": 16, "quantity": 3, "stock": 177}}, {"model": "order.fulfillmentline", "pk": 26, "fields": {"order_line": 54, "fulfillment": 16, "quantity": 2, "stock": 397}}, {"model": "order.fulfillmentline", "pk": 27, "fields": {"order_line": 55, "fulfillment": 17, "quantity": 1, "stock": 115}}, {"model": "order.fulfillmentline", "pk": 28, "fields": {"order_line": 57, "fulfillment": 17, "quantity": 3, "stock": 200}}, {"model": "order.fulfillmentline", "pk": 29, "fields": {"order_line": 64, "fulfillment": 18, "quantity": 4, "stock": 493}}, {"model": "order.fulfillmentline", "pk": 30, "fields": {"order_line": 67, "fulfillment": 19, "quantity": 2, "stock": 277}}, {"model": "order.fulfillmentline", "pk": 31, "fields": {"order_line": 70, "fulfillment": 20, "quantity": 1, "stock": 279}}, {"model": "order.fulfillmentline", "pk": 32, "fields": {"order_line": 71, "fulfillment": 20, "quantity": 1, "stock": 94}}, {"model": "order.fulfillmentline", "pk": 33, "fields": {"order_line": 75, "fulfillment": 21, "quantity": 2, "stock": 364}}, {"model": "order.fulfillmentline", "pk": 34, "fields": {"order_line": 76, "fulfillment": 22, "quantity": 1, "stock": 97}}, {"model": "order.fulfillmentline", "pk": 35, "fields": {"order_line": 78, "fulfillment": 22, "quantity": 2, "stock": 137}}, {"model": "order.fulfillmentline", "pk": 36, "fields": {"order_line": 80, "fulfillment": 23, "quantity": 3, "stock": 160}}, {"model": "order.fulfillmentline", "pk": 37, "fields": {"order_line": 82, "fulfillment": 24, "quantity": 2, "stock": 316}}, {"model": "order.fulfillmentline", "pk": 38, "fields": {"order_line": 87, "fulfillment": 25, "quantity": 2, "stock": 171}}, {"model": "order.fulfillmentline", "pk": 39, "fields": {"order_line": 88, "fulfillment": 25, "quantity": 1, "stock": 516}}, {"model": "order.fulfillmentline", "pk": 40, "fields": {"order_line": 90, "fulfillment": 26, "quantity": 1, "stock": 433}}, {"model": "order.fulfillmentline", "pk": 41, "fields": {"order_line": 95, "fulfillment": 27, "quantity": 1, "stock": 201}}, {"model": "order.orderevent", "pk": 1, "fields": {"date": "2020-04-29T04:24:57.275Z", "type": "order_fully_paid", "order": 1, "parameters": {}, "user": null}}, {"model": "order.orderevent", "pk": 2, "fields": {"date": "2020-04-29T04:24:57.277Z", "type": "email_sent", "order": 1, "parameters": {"email": "jennifer.hayes@example.com", "email_type": "payment_confirmation"}, "user": null}}, {"model": "order.orderevent", "pk": 3, "fields": {"date": "2020-04-29T04:24:57.698Z", "type": "order_fully_paid", "order": 4, "parameters": {}, "user": null}}, {"model": "order.orderevent", "pk": 4, "fields": {"date": "2020-04-29T04:24:57.699Z", "type": "email_sent", "order": 4, "parameters": {"email": "dawn.turner@example.com", "email_type": "payment_confirmation"}, "user": null}}, {"model": "order.orderevent", "pk": 5, "fields": {"date": "2020-04-29T04:24:58.073Z", "type": "order_fully_paid", "order": 6, "parameters": {}, "user": null}}, {"model": "order.orderevent", "pk": 6, "fields": {"date": "2020-04-29T04:24:58.074Z", "type": "email_sent", "order": 6, "parameters": {"email": "christian.barrett@example.com", "email_type": "payment_confirmation"}, "user": null}}, {"model": "order.orderevent", "pk": 7, "fields": {"date": "2020-04-29T04:24:58.380Z", "type": "order_fully_paid", "order": 8, "parameters": {}, "user": null}}, {"model": "order.orderevent", "pk": 8, "fields": {"date": "2020-04-29T04:24:58.381Z", "type": "email_sent", "order": 8, "parameters": {"email": "christian.barrett@example.com", "email_type": "payment_confirmation"}, "user": null}}, {"model": "order.orderevent", "pk": 9, "fields": {"date": "2020-04-29T04:24:58.866Z", "type": "order_fully_paid", "order": 12, "parameters": {}, "user": null}}, {"model": "order.orderevent", "pk": 10, "fields": {"date": "2020-04-29T04:24:58.867Z", "type": "email_sent", "order": 12, "parameters": {"email": "jeffrey.wolfe@example.com", "email_type": "payment_confirmation"}, "user": null}}, {"model": "order.orderevent", "pk": 11, "fields": {"date": "2020-04-29T04:24:58.971Z", "type": "order_fully_paid", "order": 13, "parameters": {}, "user": null}}, {"model": "order.orderevent", "pk": 12, "fields": {"date": "2020-04-29T04:24:58.972Z", "type": "email_sent", "order": 13, "parameters": {"email": "michelle.tapia@example.com", "email_type": "payment_confirmation"}, "user": null}}, {"model": "order.orderevent", "pk": 13, "fields": {"date": "2020-04-29T04:24:59.213Z", "type": "order_fully_paid", "order": 15, "parameters": {}, "user": null}}, {"model": "order.orderevent", "pk": 14, "fields": {"date": "2020-04-29T04:24:59.214Z", "type": "email_sent", "order": 15, "parameters": {"email": "jessica.brown@example.com", "email_type": "payment_confirmation"}, "user": null}}, {"model": "order.orderevent", "pk": 15, "fields": {"date": "2020-04-29T04:24:59.357Z", "type": "order_fully_paid", "order": 16, "parameters": {}, "user": null}}, {"model": "order.orderevent", "pk": 16, "fields": {"date": "2020-04-29T04:24:59.358Z", "type": "email_sent", "order": 16, "parameters": {"email": "curtis.jenkins@example.com", "email_type": "payment_confirmation"}, "user": null}}, {"model": "order.orderevent", "pk": 17, "fields": {"date": "2020-04-29T04:24:59.655Z", "type": "order_fully_paid", "order": 18, "parameters": {}, "user": null}}, {"model": "order.orderevent", "pk": 18, "fields": {"date": "2020-04-29T04:24:59.656Z", "type": "email_sent", "order": 18, "parameters": {"email": "christian.barrett@example.com", "email_type": "payment_confirmation"}, "user": null}}, {"model": "order.orderevent", "pk": 19, "fields": {"date": "2020-04-29T04:24:59.951Z", "type": "order_fully_paid", "order": 20, "parameters": {}, "user": null}}, {"model": "order.orderevent", "pk": 20, "fields": {"date": "2020-04-29T04:24:59.952Z", "type": "email_sent", "order": 20, "parameters": {"email": "gary.villegas@example.com", "email_type": "payment_confirmation"}, "user": null}}, {"model": "order.orderevent", "pk": 21, "fields": {"date": "2020-04-29T08:47:55.226Z", "type": "order_fully_paid", "order": 21, "parameters": {}, "user": null}}, {"model": "order.orderevent", "pk": 22, "fields": {"date": "2020-04-29T08:47:55.229Z", "type": "email_sent", "order": 21, "parameters": {"email": "danielle.williams@example.com", "email_type": "payment_confirmation"}, "user": null}}, {"model": "order.orderevent", "pk": 23, "fields": {"date": "2020-04-29T08:47:56.110Z", "type": "order_fully_paid", "order": 27, "parameters": {}, "user": null}}, {"model": "order.orderevent", "pk": 24, "fields": {"date": "2020-04-29T08:47:56.111Z", "type": "email_sent", "order": 27, "parameters": {"email": "christine.smith@example.com", "email_type": "payment_confirmation"}, "user": null}}, {"model": "order.orderevent", "pk": 25, "fields": {"date": "2020-04-29T08:47:56.342Z", "type": "order_fully_paid", "order": 28, "parameters": {}, "user": null}}, {"model": "order.orderevent", "pk": 26, "fields": {"date": "2020-04-29T08:47:56.343Z", "type": "email_sent", "order": 28, "parameters": {"email": "ashley.ware@example.com", "email_type": "payment_confirmation"}, "user": null}}, {"model": "order.orderevent", "pk": 27, "fields": {"date": "2020-04-29T08:47:56.571Z", "type": "order_fully_paid", "order": 29, "parameters": {}, "user": null}}, {"model": "order.orderevent", "pk": 28, "fields": {"date": "2020-04-29T08:47:56.572Z", "type": "email_sent", "order": 29, "parameters": {"email": "ashley.ware@example.com", "email_type": "payment_confirmation"}, "user": null}}, {"model": "order.orderevent", "pk": 29, "fields": {"date": "2020-04-29T08:47:56.869Z", "type": "order_fully_paid", "order": 31, "parameters": {}, "user": null}}, {"model": "order.orderevent", "pk": 30, "fields": {"date": "2020-04-29T08:47:56.870Z", "type": "email_sent", "order": 31, "parameters": {"email": "james.garcia@example.com", "email_type": "payment_confirmation"}, "user": null}}, {"model": "order.orderevent", "pk": 31, "fields": {"date": "2020-04-29T08:47:57.099Z", "type": "order_fully_paid", "order": 32, "parameters": {}, "user": null}}, {"model": "order.orderevent", "pk": 32, "fields": {"date": "2020-04-29T08:47:57.101Z", "type": "email_sent", "order": 32, "parameters": {"email": "shawn.espinoza@example.com", "email_type": "payment_confirmation"}, "user": null}}, {"model": "order.orderevent", "pk": 33, "fields": {"date": "2020-04-29T08:47:57.308Z", "type": "order_fully_paid", "order": 33, "parameters": {}, "user": null}}, {"model": "order.orderevent", "pk": 34, "fields": {"date": "2020-04-29T08:47:57.310Z", "type": "email_sent", "order": 33, "parameters": {"email": "ashley.ware@example.com", "email_type": "payment_confirmation"}, "user": null}}, {"model": "order.orderevent", "pk": 35, "fields": {"date": "2020-04-29T08:47:57.612Z", "type": "order_fully_paid", "order": 34, "parameters": {}, "user": null}}, {"model": "order.orderevent", "pk": 36, "fields": {"date": "2020-04-29T08:47:57.613Z", "type": "email_sent", "order": 34, "parameters": {"email": "deanna.boyd@example.com", "email_type": "payment_confirmation"}, "user": null}}, {"model": "order.orderevent", "pk": 37, "fields": {"date": "2020-04-29T08:47:57.986Z", "type": "order_fully_paid", "order": 36, "parameters": {}, "user": null}}, {"model": "order.orderevent", "pk": 38, "fields": {"date": "2020-04-29T08:47:57.988Z", "type": "email_sent", "order": 36, "parameters": {"email": "danielle.jackson@example.com", "email_type": "payment_confirmation"}, "user": null}}, {"model": "order.orderevent", "pk": 39, "fields": {"date": "2020-04-29T08:47:58.164Z", "type": "order_fully_paid", "order": 37, "parameters": {}, "user": null}}, {"model": "order.orderevent", "pk": 40, "fields": {"date": "2020-04-29T08:47:58.165Z", "type": "email_sent", "order": 37, "parameters": {"email": "angela.dickson@example.com", "email_type": "payment_confirmation"}, "user": null}}, {"model": "order.orderevent", "pk": 41, "fields": {"date": "2020-04-29T08:47:58.399Z", "type": "order_fully_paid", "order": 38, "parameters": {}, "user": null}}, {"model": "order.orderevent", "pk": 42, "fields": {"date": "2020-04-29T08:47:58.401Z", "type": "email_sent", "order": 38, "parameters": {"email": "lisa.stewart@example.com", "email_type": "payment_confirmation"}, "user": null}}, {"model": "order.orderevent", "pk": 43, "fields": {"date": "2020-04-29T08:47:58.568Z", "type": "order_fully_paid", "order": 39, "parameters": {}, "user": null}}, {"model": "order.orderevent", "pk": 44, "fields": {"date": "2020-04-29T08:47:58.570Z", "type": "email_sent", "order": 39, "parameters": {"email": "kylie.george@example.com", "email_type": "payment_confirmation"}, "user": null}}, {"model": "order.orderevent", "pk": 46, "fields": {"date": "2020-05-07T11:54:08.951Z", "type": "draft_created", "order": 42, "parameters": {}, "user": 1}}, {"model": "order.orderevent", "pk": 47, "fields": {"date": "2020-05-07T11:57:27.568Z", "type": "note_added", "order": 38, "parameters": {"message": "jhhj"}, "user": 1}}, {"model": "order.orderevent", "pk": 48, "fields": {"date": "2020-05-07T11:57:35.960Z", "type": "note_added", "order": 38, "parameters": {"message": "kkl"}, "user": 1}}, {"model": "order.orderevent", "pk": 49, "fields": {"date": "2020-05-07T11:57:46.889Z", "type": "payment_refunded", "order": 38, "parameters": {"amount": "10.85", "payment_id": "f14856ca-0899-485e-b61a-69ec846e96f8", "payment_gateway": "mirumee.payments.dummy"}, "user": 1}}, {"model": "order.orderevent", "pk": 50, "fields": {"date": "2020-05-07T17:21:12.780Z", "type": "draft_created", "order": 43, "parameters": {}, "user": 1}}, {"model": "order.orderevent", "pk": 51, "fields": {"date": "2020-05-07T17:21:33.690Z", "type": "draft_added_products", "order": 43, "parameters": {"lines": [{"item": "1l", "line_pk": 206, "quantity": 1}, {"item": "2l", "line_pk": 207, "quantity": 1}, {"item": "500ml", "line_pk": 205, "quantity": 1}]}, "user": 1}}, {"model": "order.orderevent", "pk": 52, "fields": {"date": "2020-05-07T17:21:41.100Z", "type": "draft_removed_products", "order": 43, "parameters": {"lines": [{"item": "Carrot Juice (1l)", "line_pk": 97, "quantity": 1}]}, "user": 1}}, {"model": "order.orderevent", "pk": 53, "fields": {"date": "2020-05-07T17:22:07.973Z", "type": "note_added", "order": 43, "parameters": {"message": "dfds"}, "user": 1}}, {"model": "order.orderevent", "pk": 54, "fields": {"date": "2020-05-07T17:22:14.360Z", "type": "placed_from_draft", "order": 43, "parameters": {}, "user": 1}}, {"model": "order.orderevent", "pk": 55, "fields": {"date": "2020-05-07T17:23:47.694Z", "type": "draft_created", "order": 44, "parameters": {}, "user": 1}}, {"model": "shipping.shippingzone", "pk": 2, "fields": {"name": "Oceania", "countries": "AS,AU,CX,CC,CK,FJ,PF,GU,HM,KI,MH,FM,NR,NC,NZ,NU,NF,MP,PW,PG,PN,WS,SB,TK,TO,TV,UM,VU,WF", "default": false}}, {"model": "shipping.shippingzone", "pk": 3, "fields": {"name": "Asia", "countries": "AF,AM,AZ,BH,BD,BT,BN,KH,CN,CY,GE,HK,IN,ID,IR,IQ,IL,JP,JO,KZ,KP,KR,KW,KG,LA,LB,MO,MY,MV,MN,MM,NP,OM,PK,PS,PH,QA,SA,SG,LK,SY,TW,TJ,TH,TL,TR,TM,AE,UZ,VN,YE", "default": false}}, {"model": "shipping.shippingzone", "pk": 4, "fields": {"name": "Americas", "countries": "AI,AG,AR,AW,BS,BB,BZ,BM,BO,BQ,BV,BR,CA,KY,CL,CO,CR,CU,CW,DM,DO,EC,SV,FK,GF,GL,GD,GP,GT,GY,HT,HN,JM,MQ,MX,MS,NI,PA,PY,PE,PR,BL,KN,LC,MF,PM,VC,SX,GS,SR,TT,TC,US,UY,VE,VG,VI", "default": false}}, {"model": "shipping.shippingzone", "pk": 5, "fields": {"name": "Africa", "countries": "DZ,AO,BJ,BW,IO,BF,BI,CV,CM,CF,TD,KM,CG,CD,CI,DJ,EG,GQ,ER,SZ,ET,TF,GA,GM,GH,GN,GW,KE,LS,LR,LY,MG,MW,ML,MR,MU,YT,MA,MZ,NA,NE,NG,RE,RW,SH,ST,SN,SC,SL,SO,ZA,SS,SD,TZ,TG,TN,UG,EH,ZM,ZW", "default": false}}, {"model": "shipping.shippingmethod", "pk": 5, "fields": {"name": "FBA", "type": "price", "currency": "USD", "price_amount": "50.88", "shipping_zone": 2, "minimum_order_price_amount": "0.00", "maximum_order_price_amount": null, "minimum_order_weight": "0.0:kg", "maximum_order_weight": null, "meta": {}}}, {"model": "shipping.shippingmethod", "pk": 6, "fields": {"name": "FedEx Express", "type": "price", "currency": "USD", "price_amount": "10.10", "shipping_zone": 2, "minimum_order_price_amount": "0.00", "maximum_order_price_amount": null, "minimum_order_weight": "0.0:kg", "maximum_order_weight": null, "meta": {}}}, {"model": "shipping.shippingmethod", "pk": 7, "fields": {"name": "Oceania Air Mail", "type": "price", "currency": "USD", "price_amount": "93.88", "shipping_zone": 2, "minimum_order_price_amount": "0.00", "maximum_order_price_amount": null, "minimum_order_weight": "0.0:kg", "maximum_order_weight": null, "meta": {}}}, {"model": "shipping.shippingmethod", "pk": 8, "fields": {"name": "China Post", "type": "price", "currency": "USD", "price_amount": "15.26", "shipping_zone": 3, "minimum_order_price_amount": "0.00", "maximum_order_price_amount": null, "minimum_order_weight": "0.0:kg", "maximum_order_weight": null, "meta": {}}}, {"model": "shipping.shippingmethod", "pk": 9, "fields": {"name": "TNT", "type": "price", "currency": "USD", "price_amount": "60.65", "shipping_zone": 3, "minimum_order_price_amount": "0.00", "maximum_order_price_amount": null, "minimum_order_weight": "0.0:kg", "maximum_order_weight": null, "meta": {}}}, {"model": "shipping.shippingmethod", "pk": 10, "fields": {"name": "Aramex", "type": "weight", "currency": "USD", "price_amount": "69.59", "shipping_zone": 3, "minimum_order_price_amount": "0.00", "maximum_order_price_amount": null, "minimum_order_weight": "0.0:kg", "maximum_order_weight": null, "meta": {}}}, {"model": "shipping.shippingmethod", "pk": 11, "fields": {"name": "EMS", "type": "price", "currency": "USD", "price_amount": "82.59", "shipping_zone": 3, "minimum_order_price_amount": "0.00", "maximum_order_price_amount": null, "minimum_order_weight": "0.0:kg", "maximum_order_weight": null, "meta": {}}}, {"model": "shipping.shippingmethod", "pk": 12, "fields": {"name": "DHL", "type": "weight", "currency": "USD", "price_amount": "33.20", "shipping_zone": 4, "minimum_order_price_amount": "0.00", "maximum_order_price_amount": null, "minimum_order_weight": "0.0:kg", "maximum_order_weight": null, "meta": {}}}, {"model": "shipping.shippingmethod", "pk": 13, "fields": {"name": "UPS", "type": "price", "currency": "USD", "price_amount": "40.57", "shipping_zone": 4, "minimum_order_price_amount": "0.00", "maximum_order_price_amount": null, "minimum_order_weight": "0.0:kg", "maximum_order_weight": null, "meta": {}}}, {"model": "shipping.shippingmethod", "pk": 14, "fields": {"name": "FedEx", "type": "price", "currency": "USD", "price_amount": "65.29", "shipping_zone": 4, "minimum_order_price_amount": "0.00", "maximum_order_price_amount": null, "minimum_order_weight": "0.0:kg", "maximum_order_weight": null, "meta": {}}}, {"model": "shipping.shippingmethod", "pk": 15, "fields": {"name": "EMS", "type": "price", "currency": "USD", "price_amount": "25.88", "shipping_zone": 4, "minimum_order_price_amount": "0.00", "maximum_order_price_amount": null, "minimum_order_weight": "0.0:kg", "maximum_order_weight": null, "meta": {}}}, {"model": "shipping.shippingmethod", "pk": 16, "fields": {"name": "Royale International", "type": "price", "currency": "USD", "price_amount": "15.94", "shipping_zone": 5, "minimum_order_price_amount": "0.00", "maximum_order_price_amount": null, "minimum_order_weight": "0.0:kg", "maximum_order_weight": null, "meta": {}}}, {"model": "shipping.shippingmethod", "pk": 17, "fields": {"name": "ACE", "type": "weight", "currency": "USD", "price_amount": "38.64", "shipping_zone": 5, "minimum_order_price_amount": "0.00", "maximum_order_price_amount": null, "minimum_order_weight": "0.0:kg", "maximum_order_weight": null, "meta": {}}}, {"model": "shipping.shippingmethod", "pk": 18, "fields": {"name": "fastway couriers", "type": "weight", "currency": "USD", "price_amount": "9.35", "shipping_zone": 5, "minimum_order_price_amount": "0.00", "maximum_order_price_amount": null, "minimum_order_weight": "0.0:kg", "maximum_order_weight": null, "meta": {}}}, {"model": "shipping.shippingmethod", "pk": 19, "fields": {"name": "Post Office", "type": "weight", "currency": "USD", "price_amount": "52.73", "shipping_zone": 5, "minimum_order_price_amount": "0.00", "maximum_order_price_amount": null, "minimum_order_weight": "0.0:kg", "maximum_order_weight": null, "meta": {}}}, {"model": "shipping.shippingmethod", "pk": 24, "fields": {"name": "FBA", "type": "weight", "currency": "USD", "price_amount": "56.91", "shipping_zone": 2, "minimum_order_price_amount": "0.00", "maximum_order_price_amount": null, "minimum_order_weight": "0.0:kg", "maximum_order_weight": null, "meta": {}}}, {"model": "shipping.shippingmethod", "pk": 25, "fields": {"name": "FedEx Express", "type": "price", "currency": "USD", "price_amount": "1.30", "shipping_zone": 2, "minimum_order_price_amount": "0.00", "maximum_order_price_amount": null, "minimum_order_weight": "0.0:kg", "maximum_order_weight": null, "meta": {}}}, {"model": "shipping.shippingmethod", "pk": 26, "fields": {"name": "Oceania Air Mail", "type": "weight", "currency": "USD", "price_amount": "1.21", "shipping_zone": 2, "minimum_order_price_amount": "0.00", "maximum_order_price_amount": null, "minimum_order_weight": "0.0:kg", "maximum_order_weight": null, "meta": {}}}, {"model": "shipping.shippingmethod", "pk": 27, "fields": {"name": "China Post", "type": "weight", "currency": "USD", "price_amount": "93.78", "shipping_zone": 3, "minimum_order_price_amount": "0.00", "maximum_order_price_amount": null, "minimum_order_weight": "0.0:kg", "maximum_order_weight": null, "meta": {}}}, {"model": "shipping.shippingmethod", "pk": 28, "fields": {"name": "TNT", "type": "weight", "currency": "USD", "price_amount": "38.39", "shipping_zone": 3, "minimum_order_price_amount": "0.00", "maximum_order_price_amount": null, "minimum_order_weight": "0.0:kg", "maximum_order_weight": null, "meta": {}}}, {"model": "shipping.shippingmethod", "pk": 29, "fields": {"name": "Aramex", "type": "price", "currency": "USD", "price_amount": "46.00", "shipping_zone": 3, "minimum_order_price_amount": "0.00", "maximum_order_price_amount": null, "minimum_order_weight": "0.0:kg", "maximum_order_weight": null, "meta": {}}}, {"model": "shipping.shippingmethod", "pk": 30, "fields": {"name": "EMS", "type": "price", "currency": "USD", "price_amount": "83.84", "shipping_zone": 3, "minimum_order_price_amount": "0.00", "maximum_order_price_amount": null, "minimum_order_weight": "0.0:kg", "maximum_order_weight": null, "meta": {}}}, {"model": "shipping.shippingmethod", "pk": 31, "fields": {"name": "DHL", "type": "price", "currency": "USD", "price_amount": "63.78", "shipping_zone": 4, "minimum_order_price_amount": "0.00", "maximum_order_price_amount": null, "minimum_order_weight": "0.0:kg", "maximum_order_weight": null, "meta": {}}}, {"model": "shipping.shippingmethod", "pk": 32, "fields": {"name": "UPS", "type": "weight", "currency": "USD", "price_amount": "24.89", "shipping_zone": 4, "minimum_order_price_amount": "0.00", "maximum_order_price_amount": null, "minimum_order_weight": "0.0:kg", "maximum_order_weight": null, "meta": {}}}, {"model": "shipping.shippingmethod", "pk": 33, "fields": {"name": "FedEx", "type": "weight", "currency": "USD", "price_amount": "12.79", "shipping_zone": 4, "minimum_order_price_amount": "0.00", "maximum_order_price_amount": null, "minimum_order_weight": "0.0:kg", "maximum_order_weight": null, "meta": {}}}, {"model": "shipping.shippingmethod", "pk": 34, "fields": {"name": "EMS", "type": "price", "currency": "USD", "price_amount": "77.42", "shipping_zone": 4, "minimum_order_price_amount": "0.00", "maximum_order_price_amount": null, "minimum_order_weight": "0.0:kg", "maximum_order_weight": null, "meta": {}}}, {"model": "shipping.shippingmethod", "pk": 35, "fields": {"name": "Royale International", "type": "price", "currency": "USD", "price_amount": "16.14", "shipping_zone": 5, "minimum_order_price_amount": "0.00", "maximum_order_price_amount": null, "minimum_order_weight": "0.0:kg", "maximum_order_weight": null, "meta": {}}}, {"model": "shipping.shippingmethod", "pk": 36, "fields": {"name": "ACE", "type": "weight", "currency": "USD", "price_amount": "49.69", "shipping_zone": 5, "minimum_order_price_amount": "0.00", "maximum_order_price_amount": null, "minimum_order_weight": "0.0:kg", "maximum_order_weight": null, "meta": {}}}, {"model": "shipping.shippingmethod", "pk": 37, "fields": {"name": "fastway couriers", "type": "weight", "currency": "USD", "price_amount": "29.75", "shipping_zone": 5, "minimum_order_price_amount": "0.00", "maximum_order_price_amount": null, "minimum_order_weight": "0.0:kg", "maximum_order_weight": null, "meta": {}}}, {"model": "shipping.shippingmethod", "pk": 38, "fields": {"name": "Post Office", "type": "price", "currency": "USD", "price_amount": "56.80", "shipping_zone": 5, "minimum_order_price_amount": "0.00", "maximum_order_price_amount": null, "minimum_order_weight": "0.0:kg", "maximum_order_weight": null, "meta": {}}}, {"model": "site.sitesettings", "pk": 1, "fields": {"site": 2, "header_text": "Test Saleor - a sample shop!", "description": "", "top_menu": null, "bottom_menu": null, "include_taxes_in_prices": true, "display_gross_prices": true, "charge_taxes_on_shipping": true, "track_inventory_by_default": true, "homepage_collection": null, "default_weight_unit": "kg", "automatic_fulfillment_digital_products": false, "default_digital_max_downloads": null, "default_digital_url_valid_days": null, "company_address": null, "default_mail_sender_name": "", "default_mail_sender_address": null, "customer_set_password_url": null}}, {"model": "site.sitesettings", "pk": 2, "fields": {"site": 1, "header_text": "", "description": "", "top_menu": 1, "bottom_menu": 2, "include_taxes_in_prices": true, "display_gross_prices": true, "charge_taxes_on_shipping": true, "track_inventory_by_default": true, "homepage_collection": 2, "default_weight_unit": "kg", "automatic_fulfillment_digital_products": false, "default_digital_max_downloads": null, "default_digital_url_valid_days": null, "company_address": null, "default_mail_sender_name": "", "default_mail_sender_address": null, "customer_set_password_url": null}}, {"model": "page.page", "pk": 1, "fields": {"publication_date": null, "is_published": true, "seo_title": null, "seo_description": null, "slug": "about", "title": "About", "content": "\n    <h2>E-commerce for the PWA era</h2>\n    <h3>A modular, high performance e-commerce storefront built with GraphQL,\n        Django, and ReactJS.</h3>\n    <p>Saleor is a rapidly-growing open source e-commerce platform that has served\n       high-volume companies from branches like publishing and apparel since 2012.\n       Based on Python and Django, the latest major update introduces a modular\n       front end with a GraphQL API and storefront and dashboard written in React\n       to make Saleor a full-functionality open source e-commerce.</p>\n    <p><a href=\"https://github.com/mirumee/saleor\">Get Saleor today!</a></p>\n    ", "content_json": {"blocks": [{"key": "", "data": {}, "text": "E-commerce for the PWA era", "type": "header-two", "depth": 0, "entityRanges": [], "inlineStyleRanges": []}, {"key": "", "data": {}, "text": "A modular, high performance e-commerce storefront built with GraphQL, Django, and ReactJS.", "type": "unstyled", "depth": 0, "entityRanges": [], "inlineStyleRanges": []}, {"key": "", "data": {}, "text": "", "type": "unstyled", "depth": 0, "entityRanges": [], "inlineStyleRanges": []}, {"key": "", "data": {}, "text": "Saleor is a rapidly-growing open source e-commerce platform that has served high-volume companies from branches like publishing and apparel since 2012. Based on Python and Django, the latest major update introduces a modular front end with a GraphQL API and storefront and dashboard written in React to make Saleor a full-functionality open source e-commerce.", "type": "unstyled", "depth": 0, "entityRanges": [], "inlineStyleRanges": []}, {"key": "", "data": {}, "text": "", "type": "unstyled", "depth": 0, "entityRanges": [], "inlineStyleRanges": []}, {"key": "", "data": {}, "text": "Get Saleor today!", "type": "unstyled", "depth": 0, "entityRanges": [{"key": 0, "length": 17, "offset": 0}], "inlineStyleRanges": []}], "entityMap": {"0": {"data": {"url": "https://github.com/mirumee/saleor"}, "type": "LINK", "mutability": "MUTABLE"}}}, "created": "2020-04-29T04:25:00.067Z"}}, {"model": "payment.payment", "pk": 1, "fields": {"gateway": "mirumee.payments.dummy", "is_active": true, "to_confirm": false, "created": "2020-04-29T04:24:57.258Z", "modified": "2020-04-29T04:24:57.271Z", "charge_status": "fully-charged", "token": "ae8d0e99-046a-431f-9f7e-56a6e72a52e0", "total": "233.57", "captured_amount": "233.57", "currency": "USD", "checkout": null, "order": 1, "billing_email": "jennifer.hayes@example.com", "billing_first_name": "Jennifer", "billing_last_name": "Hayes", "billing_company_name": "", "billing_address_1": "689 Christian Curve Apt. 858", "billing_address_2": "", "billing_city": "New Amyland", "billing_city_area": "", "billing_postal_code": "83601", "billing_country_code": "US", "billing_country_area": "ID", "cc_first_digits": "", "cc_last_digits": "", "cc_brand": "", "cc_exp_month": null, "cc_exp_year": null, "customer_ip_address": "223.17.231.225", "extra_data": "{}"}}, {"model": "payment.payment", "pk": 2, "fields": {"gateway": "mirumee.payments.dummy", "is_active": false, "to_confirm": false, "created": "2020-04-29T04:24:57.486Z", "modified": "2020-04-29T04:24:57.499Z", "charge_status": "not-charged", "token": "8b53b443-f3fd-42c5-8c20-7629f4ade10f", "total": "187.49", "captured_amount": "0.00", "currency": "USD", "checkout": null, "order": 2, "billing_email": "carl.bernard@example.com", "billing_first_name": "Carl", "billing_last_name": "Bernard", "billing_company_name": "", "billing_address_1": "7039 Lewis Harbor", "billing_address_2": "", "billing_city": "Johnview", "billing_city_area": "", "billing_postal_code": "89003", "billing_country_code": "US", "billing_country_area": "NV", "cc_first_digits": "", "cc_last_digits": "", "cc_brand": "", "cc_exp_month": null, "cc_exp_year": null, "customer_ip_address": "98.71.255.200", "extra_data": "{}"}}, {"model": "payment.payment", "pk": 3, "fields": {"gateway": "mirumee.payments.dummy", "is_active": true, "to_confirm": false, "created": "2020-04-29T04:24:57.581Z", "modified": "2020-04-29T04:24:57.581Z", "charge_status": "not-charged", "token": "356260b4-1ba4-47a2-84fb-45b86569467e", "total": "27.68", "captured_amount": "0.00", "currency": "USD", "checkout": null, "order": 3, "billing_email": "", "billing_first_name": "Christian", "billing_last_name": "Barrett", "billing_company_name": "", "billing_address_1": "00739 Stacey Run Suite 442", "billing_address_2": "", "billing_city": "Joshuaburgh", "billing_city_area": "", "billing_postal_code": "48296", "billing_country_code": "US", "billing_country_area": "MI", "cc_first_digits": "", "cc_last_digits": "", "cc_brand": "", "cc_exp_month": null, "cc_exp_year": null, "customer_ip_address": "82.80.251.242", "extra_data": "{}"}}, {"model": "payment.payment", "pk": 4, "fields": {"gateway": "mirumee.payments.dummy", "is_active": true, "to_confirm": false, "created": "2020-04-29T04:24:57.680Z", "modified": "2020-04-29T04:24:57.694Z", "charge_status": "fully-charged", "token": "a034b986-ec5a-4251-a105-df98af7dc5c8", "total": "73.88", "captured_amount": "73.88", "currency": "USD", "checkout": null, "order": 4, "billing_email": "dawn.turner@example.com", "billing_first_name": "Dawn", "billing_last_name": "Turner", "billing_company_name": "", "billing_address_1": "76400 Crawford Dam", "billing_address_2": "", "billing_city": "West Sarah", "billing_city_area": "", "billing_postal_code": "83324", "billing_country_code": "US", "billing_country_area": "ID", "cc_first_digits": "", "cc_last_digits": "", "cc_brand": "", "cc_exp_month": null, "cc_exp_year": null, "customer_ip_address": "190.145.172.146", "extra_data": "{}"}}, {"model": "payment.payment", "pk": 5, "fields": {"gateway": "mirumee.payments.dummy", "is_active": false, "to_confirm": false, "created": "2020-04-29T04:24:57.892Z", "modified": "2020-04-29T04:24:57.907Z", "charge_status": "not-charged", "token": "e78fc414-4890-441a-acb9-1f2b9af3cc4c", "total": "294.65", "captured_amount": "0.00", "currency": "USD", "checkout": null, "order": 5, "billing_email": "kevin.cooper@example.com", "billing_first_name": "Kevin", "billing_last_name": "Cooper", "billing_company_name": "", "billing_address_1": "418 Russell Islands", "billing_address_2": "", "billing_city": "Gregmouth", "billing_city_area": "", "billing_postal_code": "27283", "billing_country_code": "US", "billing_country_area": "NC", "cc_first_digits": "", "cc_last_digits": "", "cc_brand": "", "cc_exp_month": null, "cc_exp_year": null, "customer_ip_address": "52.171.48.68", "extra_data": "{}"}}, {"model": "payment.payment", "pk": 6, "fields": {"gateway": "mirumee.payments.dummy", "is_active": true, "to_confirm": false, "created": "2020-04-29T04:24:58.057Z", "modified": "2020-04-29T04:24:58.069Z", "charge_status": "fully-charged", "token": "db16ec94-56d6-4834-bf66-6272eebc57a7", "total": "138.20", "captured_amount": "138.20", "currency": "USD", "checkout": null, "order": 6, "billing_email": "", "billing_first_name": "Christian", "billing_last_name": "Barrett", "billing_company_name": "", "billing_address_1": "00739 Stacey Run Suite 442", "billing_address_2": "", "billing_city": "Joshuaburgh", "billing_city_area": "", "billing_postal_code": "48296", "billing_country_code": "US", "billing_country_area": "MI", "cc_first_digits": "", "cc_last_digits": "", "cc_brand": "", "cc_exp_month": null, "cc_exp_year": null, "customer_ip_address": "101.30.120.215", "extra_data": "{}"}}, {"model": "payment.payment", "pk": 7, "fields": {"gateway": "mirumee.payments.dummy", "is_active": true, "to_confirm": false, "created": "2020-04-29T04:24:58.265Z", "modified": "2020-04-29T04:24:58.265Z", "charge_status": "not-charged", "token": "50764888-b503-4bd0-8bfc-5b8897d09957", "total": "302.74", "captured_amount": "0.00", "currency": "USD", "checkout": null, "order": 7, "billing_email": "", "billing_first_name": "Dominique", "billing_last_name": "Fisher", "billing_company_name": "", "billing_address_1": "37320 Tyrone Courts", "billing_address_2": "", "billing_city": "West Joshuahaven", "billing_city_area": "", "billing_postal_code": "87570", "billing_country_code": "US", "billing_country_area": "NM", "cc_first_digits": "", "cc_last_digits": "", "cc_brand": "", "cc_exp_month": null, "cc_exp_year": null, "customer_ip_address": "7.162.248.217", "extra_data": "{}"}}, {"model": "payment.payment", "pk": 8, "fields": {"gateway": "mirumee.payments.dummy", "is_active": false, "to_confirm": false, "created": "2020-04-29T04:24:58.363Z", "modified": "2020-04-29T04:24:58.436Z", "charge_status": "fully-refunded", "token": "a0a97a9e-40a1-4bb1-95db-64ddb4c584e2", "total": "24.35", "captured_amount": "0.00", "currency": "USD", "checkout": null, "order": 8, "billing_email": "", "billing_first_name": "Christian", "billing_last_name": "Barrett", "billing_company_name": "", "billing_address_1": "00739 Stacey Run Suite 442", "billing_address_2": "", "billing_city": "Joshuaburgh", "billing_city_area": "", "billing_postal_code": "48296", "billing_country_code": "US", "billing_country_area": "MI", "cc_first_digits": "", "cc_last_digits": "", "cc_brand": "", "cc_exp_month": null, "cc_exp_year": null, "customer_ip_address": "1.33.238.178", "extra_data": "{}"}}, {"model": "payment.payment", "pk": 9, "fields": {"gateway": "mirumee.payments.dummy", "is_active": false, "to_confirm": false, "created": "2020-04-29T04:24:58.504Z", "modified": "2020-04-29T04:24:58.515Z", "charge_status": "not-charged", "token": "ac049464-368b-4650-9ef0-0f153b3203db", "total": "107.29", "captured_amount": "0.00", "currency": "USD", "checkout": null, "order": 9, "billing_email": "renee.fletcher@example.com", "billing_first_name": "Renee", "billing_last_name": "Fletcher", "billing_company_name": "", "billing_address_1": "1580 Jenny Turnpike", "billing_address_2": "", "billing_city": "Jillshire", "billing_city_area": "", "billing_postal_code": "66022", "billing_country_code": "US", "billing_country_area": "KS", "cc_first_digits": "", "cc_last_digits": "", "cc_brand": "", "cc_exp_month": null, "cc_exp_year": null, "customer_ip_address": "20.124.207.15", "extra_data": "{}"}}, {"model": "payment.payment", "pk": 10, "fields": {"gateway": "mirumee.payments.dummy", "is_active": true, "to_confirm": false, "created": "2020-04-29T04:24:58.651Z", "modified": "2020-04-29T04:24:58.651Z", "charge_status": "not-charged", "token": "8b7c85ac-640f-4892-aca9-f5ce1451c581", "total": "237.29", "captured_amount": "0.00", "currency": "USD", "checkout": null, "order": 10, "billing_email": "", "billing_first_name": "Christine", "billing_last_name": "Smith", "billing_company_name": "", "billing_address_1": "5169 Jesse Village Suite 334", "billing_address_2": "", "billing_city": "Douglasview", "billing_city_area": "", "billing_postal_code": "99892", "billing_country_code": "US", "billing_country_area": "AK", "cc_first_digits": "", "cc_last_digits": "", "cc_brand": "", "cc_exp_month": null, "cc_exp_year": null, "customer_ip_address": "60.31.99.89", "extra_data": "{}"}}, {"model": "payment.payment", "pk": 11, "fields": {"gateway": "mirumee.payments.dummy", "is_active": true, "to_confirm": false, "created": "2020-04-29T04:24:58.763Z", "modified": "2020-04-29T04:24:58.763Z", "charge_status": "not-charged", "token": "e971e6e0-3f5e-451d-8171-d818eb52f237", "total": "230.88", "captured_amount": "0.00", "currency": "USD", "checkout": null, "order": 11, "billing_email": "timothy.gordon@example.com", "billing_first_name": "Timothy", "billing_last_name": "Gordon", "billing_company_name": "", "billing_address_1": "36057 Jones Loaf Suite 448", "billing_address_2": "", "billing_city": "New Latoyaborough", "billing_city_area": "", "billing_postal_code": "93554", "billing_country_code": "US", "billing_country_area": "CA", "cc_first_digits": "", "cc_last_digits": "", "cc_brand": "", "cc_exp_month": null, "cc_exp_year": null, "customer_ip_address": "149.60.163.109", "extra_data": "{}"}}, {"model": "payment.payment", "pk": 12, "fields": {"gateway": "mirumee.payments.dummy", "is_active": true, "to_confirm": false, "created": "2020-04-29T04:24:58.848Z", "modified": "2020-04-29T04:24:58.862Z", "charge_status": "fully-charged", "token": "50f2eea8-4a5e-4535-b1f4-851cfc42db2c", "total": "123.88", "captured_amount": "123.88", "currency": "USD", "checkout": null, "order": 12, "billing_email": "jeffrey.wolfe@example.com", "billing_first_name": "Jeffrey", "billing_last_name": "Wolfe", "billing_company_name": "", "billing_address_1": "576 Michael Vista", "billing_address_2": "", "billing_city": "Charleschester", "billing_city_area": "", "billing_postal_code": "89209", "billing_country_code": "US", "billing_country_area": "NV", "cc_first_digits": "", "cc_last_digits": "", "cc_brand": "", "cc_exp_month": null, "cc_exp_year": null, "customer_ip_address": "75.7.30.235", "extra_data": "{}"}}, {"model": "payment.payment", "pk": 13, "fields": {"gateway": "mirumee.payments.dummy", "is_active": true, "to_confirm": false, "created": "2020-04-29T04:24:58.957Z", "modified": "2020-04-29T04:24:58.968Z", "charge_status": "fully-charged", "token": "e6b15033-4df1-4db5-89c2-bd1b886c3a0d", "total": "93.20", "captured_amount": "93.20", "currency": "USD", "checkout": null, "order": 13, "billing_email": "", "billing_first_name": "Michelle", "billing_last_name": "Tapia", "billing_company_name": "", "billing_address_1": "4867 Savannah Hills Apt. 002", "billing_address_2": "", "billing_city": "Sheilaborough", "billing_city_area": "", "billing_postal_code": "59151", "billing_country_code": "US", "billing_country_area": "MT", "cc_first_digits": "", "cc_last_digits": "", "cc_brand": "", "cc_exp_month": null, "cc_exp_year": null, "customer_ip_address": "56.123.205.16", "extra_data": "{}"}}, {"model": "payment.payment", "pk": 14, "fields": {"gateway": "mirumee.payments.dummy", "is_active": true, "to_confirm": false, "created": "2020-04-29T04:24:59.096Z", "modified": "2020-04-29T04:24:59.096Z", "charge_status": "not-charged", "token": "d60dab1f-9004-4d7d-9b0a-e501e5e229ca", "total": "403.20", "captured_amount": "0.00", "currency": "USD", "checkout": null, "order": 14, "billing_email": "", "billing_first_name": "Michael", "billing_last_name": "Harper", "billing_company_name": "", "billing_address_1": "66554 Foster Knolls Suite 389", "billing_address_2": "", "billing_city": "South Valerie", "billing_city_area": "", "billing_postal_code": "82220", "billing_country_code": "US", "billing_country_area": "WY", "cc_first_digits": "", "cc_last_digits": "", "cc_brand": "", "cc_exp_month": null, "cc_exp_year": null, "customer_ip_address": "4.253.133.145", "extra_data": "{}"}}, {"model": "payment.payment", "pk": 15, "fields": {"gateway": "mirumee.payments.dummy", "is_active": true, "to_confirm": false, "created": "2020-04-29T04:24:59.200Z", "modified": "2020-04-29T04:24:59.210Z", "charge_status": "fully-charged", "token": "74f5307e-4cd5-44b8-9f86-11e72142ff9d", "total": "190.10", "captured_amount": "190.10", "currency": "USD", "checkout": null, "order": 15, "billing_email": "jessica.brown@example.com", "billing_first_name": "Jessica", "billing_last_name": "Brown", "billing_company_name": "", "billing_address_1": "8452 Mann Mountain Suite 972", "billing_address_2": "", "billing_city": "Coleside", "billing_city_area": "", "billing_postal_code": "73140", "billing_country_code": "US", "billing_country_area": "OK", "cc_first_digits": "", "cc_last_digits": "", "cc_brand": "", "cc_exp_month": null, "cc_exp_year": null, "customer_ip_address": "172.246.134.131", "extra_data": "{}"}}, {"model": "payment.payment", "pk": 16, "fields": {"gateway": "mirumee.payments.dummy", "is_active": false, "to_confirm": false, "created": "2020-04-29T04:24:59.341Z", "modified": "2020-04-29T04:24:59.398Z", "charge_status": "fully-refunded", "token": "49275d17-cfac-4503-adae-20e8dbf28395", "total": "184.59", "captured_amount": "0.00", "currency": "USD", "checkout": null, "order": 16, "billing_email": "", "billing_first_name": "Curtis", "billing_last_name": "Jenkins", "billing_company_name": "", "billing_address_1": "9010 Taylor Drives Suite 850", "billing_address_2": "", "billing_city": "Scottview", "billing_city_area": "", "billing_postal_code": "58662", "billing_country_code": "US", "billing_country_area": "ND", "cc_first_digits": "", "cc_last_digits": "", "cc_brand": "", "cc_exp_month": null, "cc_exp_year": null, "customer_ip_address": "94.181.127.230", "extra_data": "{}"}}, {"model": "payment.payment", "pk": 17, "fields": {"gateway": "mirumee.payments.dummy", "is_active": false, "to_confirm": false, "created": "2020-04-29T04:24:59.504Z", "modified": "2020-04-29T04:24:59.514Z", "charge_status": "not-charged", "token": "353dfad1-7ffc-41b0-a8ff-2c8cfd52d70a", "total": "230.60", "captured_amount": "0.00", "currency": "USD", "checkout": null, "order": 17, "billing_email": "", "billing_first_name": "Christine", "billing_last_name": "Smith", "billing_company_name": "", "billing_address_1": "5169 Jesse Village Suite 334", "billing_address_2": "", "billing_city": "Douglasview", "billing_city_area": "", "billing_postal_code": "99892", "billing_country_code": "US", "billing_country_area": "AK", "cc_first_digits": "", "cc_last_digits": "", "cc_brand": "", "cc_exp_month": null, "cc_exp_year": null, "customer_ip_address": "137.52.4.234", "extra_data": "{}"}}, {"model": "payment.payment", "pk": 18, "fields": {"gateway": "mirumee.payments.dummy", "is_active": false, "to_confirm": false, "created": "2020-04-29T04:24:59.639Z", "modified": "2020-04-29T04:24:59.710Z", "charge_status": "fully-refunded", "token": "c92be075-65ac-4848-b0bb-6c6c47dee3d5", "total": "344.74", "captured_amount": "0.00", "currency": "USD", "checkout": null, "order": 18, "billing_email": "", "billing_first_name": "Christian", "billing_last_name": "Barrett", "billing_company_name": "", "billing_address_1": "00739 Stacey Run Suite 442", "billing_address_2": "", "billing_city": "Joshuaburgh", "billing_city_area": "", "billing_postal_code": "48296", "billing_country_code": "US", "billing_country_area": "MI", "cc_first_digits": "", "cc_last_digits": "", "cc_brand": "", "cc_exp_month": null, "cc_exp_year": null, "customer_ip_address": "60.20.245.24", "extra_data": "{}"}}, {"model": "payment.payment", "pk": 19, "fields": {"gateway": "mirumee.payments.dummy", "is_active": false, "to_confirm": false, "created": "2020-04-29T04:24:59.825Z", "modified": "2020-04-29T04:24:59.838Z", "charge_status": "not-charged", "token": "93531105-e76a-4e7b-a4dd-bdea2cc8a3d0", "total": "71.84", "captured_amount": "0.00", "currency": "USD", "checkout": null, "order": 19, "billing_email": "steven.mendoza@example.com", "billing_first_name": "Steven", "billing_last_name": "Mendoza", "billing_company_name": "", "billing_address_1": "2592 Villarreal Point", "billing_address_2": "", "billing_city": "Martinchester", "billing_city_area": "", "billing_postal_code": "83482", "billing_country_code": "US", "billing_country_area": "ID", "cc_first_digits": "", "cc_last_digits": "", "cc_brand": "", "cc_exp_month": null, "cc_exp_year": null, "customer_ip_address": "78.148.223.72", "extra_data": "{}"}}, {"model": "payment.payment", "pk": 20, "fields": {"gateway": "mirumee.payments.dummy", "is_active": true, "to_confirm": false, "created": "2020-04-29T04:24:59.936Z", "modified": "2020-04-29T04:24:59.948Z", "charge_status": "fully-charged", "token": "49abce0a-f428-4891-82c8-e7137601fe56", "total": "212.79", "captured_amount": "212.79", "currency": "USD", "checkout": null, "order": 20, "billing_email": "gary.villegas@example.com", "billing_first_name": "Gary", "billing_last_name": "Villegas", "billing_company_name": "", "billing_address_1": "71034 Tyler River", "billing_address_2": "", "billing_city": "Alyssashire", "billing_city_area": "", "billing_postal_code": "88184", "billing_country_code": "US", "billing_country_area": "NM", "cc_first_digits": "", "cc_last_digits": "", "cc_brand": "", "cc_exp_month": null, "cc_exp_year": null, "customer_ip_address": "28.163.72.163", "extra_data": "{}"}}, {"model": "payment.payment", "pk": 21, "fields": {"gateway": "mirumee.payments.dummy", "is_active": true, "to_confirm": false, "created": "2020-04-29T08:47:55.205Z", "modified": "2020-04-29T08:47:55.222Z", "charge_status": "fully-charged", "token": "35f08bf7-1922-4f28-86f8-4345f14ecff4", "total": "293.80", "captured_amount": "293.80", "currency": "USD", "checkout": null, "order": 21, "billing_email": "", "billing_first_name": "Danielle", "billing_last_name": "Williams", "billing_company_name": "", "billing_address_1": "304 Reyes Alley Suite 938", "billing_address_2": "", "billing_city": "New Maryshire", "billing_city_area": "", "billing_postal_code": "46924", "billing_country_code": "US", "billing_country_area": "IN", "cc_first_digits": "", "cc_last_digits": "", "cc_brand": "", "cc_exp_month": null, "cc_exp_year": null, "customer_ip_address": "166.72.109.120", "extra_data": "{}"}}, {"model": "payment.payment", "pk": 22, "fields": {"gateway": "mirumee.payments.dummy", "is_active": false, "to_confirm": false, "created": "2020-04-29T08:47:55.492Z", "modified": "2020-04-29T08:47:55.505Z", "charge_status": "not-charged", "token": "8b316203-9517-48a0-a3fc-e48bf192f9e9", "total": "290.30", "captured_amount": "0.00", "currency": "USD", "checkout": null, "order": 22, "billing_email": "", "billing_first_name": "Danielle", "billing_last_name": "Williams", "billing_company_name": "", "billing_address_1": "304 Reyes Alley Suite 938", "billing_address_2": "", "billing_city": "New Maryshire", "billing_city_area": "", "billing_postal_code": "46924", "billing_country_code": "US", "billing_country_area": "IN", "cc_first_digits": "", "cc_last_digits": "", "cc_brand": "", "cc_exp_month": null, "cc_exp_year": null, "customer_ip_address": "200.38.182.144", "extra_data": "{}"}}, {"model": "payment.payment", "pk": 23, "fields": {"gateway": "mirumee.payments.dummy", "is_active": false, "to_confirm": false, "created": "2020-04-29T08:47:55.594Z", "modified": "2020-04-29T08:47:55.609Z", "charge_status": "not-charged", "token": "43b41155-9e2b-43ae-928b-96193a54762b", "total": "142.73", "captured_amount": "0.00", "currency": "USD", "checkout": null, "order": 23, "billing_email": "", "billing_first_name": "Wesley", "billing_last_name": "Boyd", "billing_company_name": "", "billing_address_1": "33959 Kirby Ports Apt. 454", "billing_address_2": "", "billing_city": "North Rickview", "billing_city_area": "", "billing_postal_code": "91905", "billing_country_code": "US", "billing_country_area": "CA", "cc_first_digits": "", "cc_last_digits": "", "cc_brand": "", "cc_exp_month": null, "cc_exp_year": null, "customer_ip_address": "88.187.167.176", "extra_data": "{}"}}, {"model": "payment.payment", "pk": 24, "fields": {"gateway": "mirumee.payments.dummy", "is_active": true, "to_confirm": false, "created": "2020-04-29T08:47:55.711Z", "modified": "2020-04-29T08:47:55.711Z", "charge_status": "not-charged", "token": "801364ac-9061-4cd1-bff7-f892a61f4415", "total": "237.78", "captured_amount": "0.00", "currency": "USD", "checkout": null, "order": 24, "billing_email": "maria.baxter@example.com", "billing_first_name": "Maria", "billing_last_name": "Baxter", "billing_company_name": "", "billing_address_1": "53499 Joshua Roads Apt. 682", "billing_address_2": "", "billing_city": "Lake Joshuaborough", "billing_city_area": "", "billing_postal_code": "82240", "billing_country_code": "US", "billing_country_area": "WY", "cc_first_digits": "", "cc_last_digits": "", "cc_brand": "", "cc_exp_month": null, "cc_exp_year": null, "customer_ip_address": "222.187.91.234", "extra_data": "{}"}}, {"model": "payment.payment", "pk": 25, "fields": {"gateway": "mirumee.payments.dummy", "is_active": false, "to_confirm": false, "created": "2020-04-29T08:47:55.844Z", "modified": "2020-04-29T08:47:55.859Z", "charge_status": "not-charged", "token": "4e648517-6a7c-4f06-9f89-911606d4d597", "total": "90.79", "captured_amount": "0.00", "currency": "USD", "checkout": null, "order": 25, "billing_email": "susan.mcdaniel@example.com", "billing_first_name": "Susan", "billing_last_name": "Mcdaniel", "billing_company_name": "", "billing_address_1": "0630 Marsh Stream Apt. 224", "billing_address_2": "", "billing_city": "Port Victoria", "billing_city_area": "", "billing_postal_code": "47304", "billing_country_code": "US", "billing_country_area": "IN", "cc_first_digits": "", "cc_last_digits": "", "cc_brand": "", "cc_exp_month": null, "cc_exp_year": null, "customer_ip_address": "174.90.197.253", "extra_data": "{}"}}, {"model": "payment.payment", "pk": 26, "fields": {"gateway": "mirumee.payments.dummy", "is_active": true, "to_confirm": false, "created": "2020-04-29T08:47:55.961Z", "modified": "2020-04-29T08:47:55.961Z", "charge_status": "not-charged", "token": "3cd66ed8-545f-402c-b290-28cf6c00a6db", "total": "219.65", "captured_amount": "0.00", "currency": "USD", "checkout": null, "order": 26, "billing_email": "", "billing_first_name": "Jeffery", "billing_last_name": "Cochran", "billing_company_name": "", "billing_address_1": "79068 Katelyn Mills Apt. 690", "billing_address_2": "", "billing_city": "Jessicamouth", "billing_city_area": "", "billing_postal_code": "68116", "billing_country_code": "US", "billing_country_area": "NE", "cc_first_digits": "", "cc_last_digits": "", "cc_brand": "", "cc_exp_month": null, "cc_exp_year": null, "customer_ip_address": "65.101.45.171", "extra_data": "{}"}}, {"model": "payment.payment", "pk": 27, "fields": {"gateway": "mirumee.payments.dummy", "is_active": true, "to_confirm": false, "created": "2020-04-29T08:47:56.092Z", "modified": "2020-04-29T08:47:56.106Z", "charge_status": "fully-charged", "token": "97fdfa09-86f2-48ab-b607-dee77708e6fa", "total": "139.65", "captured_amount": "139.65", "currency": "USD", "checkout": null, "order": 27, "billing_email": "", "billing_first_name": "Christine", "billing_last_name": "Smith", "billing_company_name": "", "billing_address_1": "5169 Jesse Village Suite 334", "billing_address_2": "", "billing_city": "Douglasview", "billing_city_area": "", "billing_postal_code": "99892", "billing_country_code": "US", "billing_country_area": "AK", "cc_first_digits": "", "cc_last_digits": "", "cc_brand": "", "cc_exp_month": null, "cc_exp_year": null, "customer_ip_address": "184.115.121.13", "extra_data": "{}"}}, {"model": "payment.payment", "pk": 28, "fields": {"gateway": "mirumee.payments.dummy", "is_active": true, "to_confirm": false, "created": "2020-04-29T08:47:56.327Z", "modified": "2020-04-29T08:47:56.338Z", "charge_status": "fully-charged", "token": "9aab6ea0-a8e7-4ea7-a298-8554b08d09fa", "total": "358.79", "captured_amount": "358.79", "currency": "USD", "checkout": null, "order": 28, "billing_email": "", "billing_first_name": "Ashley", "billing_last_name": "Ware", "billing_company_name": "", "billing_address_1": "34329 Vance Lakes", "billing_address_2": "", "billing_city": "North Debra", "billing_city_area": "", "billing_postal_code": "45331", "billing_country_code": "US", "billing_country_area": "OH", "cc_first_digits": "", "cc_last_digits": "", "cc_brand": "", "cc_exp_month": null, "cc_exp_year": null, "customer_ip_address": "21.230.130.149", "extra_data": "{}"}}, {"model": "payment.payment", "pk": 29, "fields": {"gateway": "mirumee.payments.dummy", "is_active": true, "to_confirm": false, "created": "2020-04-29T08:47:56.554Z", "modified": "2020-04-29T08:47:56.567Z", "charge_status": "fully-charged", "token": "e0ff19b5-dcc6-4f23-8278-ee2c08b0c097", "total": "110.39", "captured_amount": "110.39", "currency": "USD", "checkout": null, "order": 29, "billing_email": "", "billing_first_name": "Ashley", "billing_last_name": "Ware", "billing_company_name": "", "billing_address_1": "34329 Vance Lakes", "billing_address_2": "", "billing_city": "North Debra", "billing_city_area": "", "billing_postal_code": "45331", "billing_country_code": "US", "billing_country_area": "OH", "cc_first_digits": "", "cc_last_digits": "", "cc_brand": "", "cc_exp_month": null, "cc_exp_year": null, "customer_ip_address": "12.152.15.16", "extra_data": "{}"}}, {"model": "payment.payment", "pk": 30, "fields": {"gateway": "mirumee.payments.dummy", "is_active": false, "to_confirm": false, "created": "2020-04-29T08:47:56.683Z", "modified": "2020-04-29T08:47:56.699Z", "charge_status": "not-charged", "token": "e40bf477-8ee5-4f00-a5d9-c93f576734c4", "total": "183.78", "captured_amount": "0.00", "currency": "USD", "checkout": null, "order": 30, "billing_email": "", "billing_first_name": "Sean", "billing_last_name": "Brown", "billing_company_name": "", "billing_address_1": "5354 Richard Fort Suite 058", "billing_address_2": "", "billing_city": "New Josephville", "billing_city_area": "", "billing_postal_code": "46953", "billing_country_code": "US", "billing_country_area": "IN", "cc_first_digits": "", "cc_last_digits": "", "cc_brand": "", "cc_exp_month": null, "cc_exp_year": null, "customer_ip_address": "101.22.50.83", "extra_data": "{}"}}, {"model": "payment.payment", "pk": 31, "fields": {"gateway": "mirumee.payments.dummy", "is_active": false, "to_confirm": false, "created": "2020-04-29T08:47:56.845Z", "modified": "2020-04-29T08:47:56.965Z", "charge_status": "fully-refunded", "token": "73d1cb78-b37d-40af-b0f0-e1d318b54666", "total": "68.66", "captured_amount": "0.00", "currency": "USD", "checkout": null, "order": 31, "billing_email": "", "billing_first_name": "James", "billing_last_name": "Garcia", "billing_company_name": "", "billing_address_1": "3966 Sharp Tunnel Suite 744", "billing_address_2": "", "billing_city": "New Rachelshire", "billing_city_area": "", "billing_postal_code": "89176", "billing_country_code": "US", "billing_country_area": "NV", "cc_first_digits": "", "cc_last_digits": "", "cc_brand": "", "cc_exp_month": null, "cc_exp_year": null, "customer_ip_address": "158.247.27.38", "extra_data": "{}"}}, {"model": "payment.payment", "pk": 32, "fields": {"gateway": "mirumee.payments.dummy", "is_active": true, "to_confirm": false, "created": "2020-04-29T08:47:57.078Z", "modified": "2020-04-29T08:47:57.094Z", "charge_status": "fully-charged", "token": "a25f1651-b674-4ff7-90e8-691c79ad348d", "total": "54.20", "captured_amount": "54.20", "currency": "USD", "checkout": null, "order": 32, "billing_email": "shawn.espinoza@example.com", "billing_first_name": "Shawn", "billing_last_name": "Espinoza", "billing_company_name": "", "billing_address_1": "522 Billy Crest", "billing_address_2": "", "billing_city": "South Angela", "billing_city_area": "", "billing_postal_code": "99568", "billing_country_code": "US", "billing_country_area": "AK", "cc_first_digits": "", "cc_last_digits": "", "cc_brand": "", "cc_exp_month": null, "cc_exp_year": null, "customer_ip_address": "69.12.129.133", "extra_data": "{}"}}, {"model": "payment.payment", "pk": 33, "fields": {"gateway": "mirumee.payments.dummy", "is_active": true, "to_confirm": false, "created": "2020-04-29T08:47:57.279Z", "modified": "2020-04-29T08:47:57.302Z", "charge_status": "fully-charged", "token": "613165eb-5df9-4114-a8d5-beefeae44f49", "total": "144.55", "captured_amount": "144.55", "currency": "USD", "checkout": null, "order": 33, "billing_email": "", "billing_first_name": "Ashley", "billing_last_name": "Ware", "billing_company_name": "", "billing_address_1": "34329 Vance Lakes", "billing_address_2": "", "billing_city": "North Debra", "billing_city_area": "", "billing_postal_code": "45331", "billing_country_code": "US", "billing_country_area": "OH", "cc_first_digits": "", "cc_last_digits": "", "cc_brand": "", "cc_exp_month": null, "cc_exp_year": null, "customer_ip_address": "131.2.84.134", "extra_data": "{}"}}, {"model": "payment.payment", "pk": 34, "fields": {"gateway": "mirumee.payments.dummy", "is_active": true, "to_confirm": false, "created": "2020-04-29T08:47:57.585Z", "modified": "2020-04-29T08:47:57.606Z", "charge_status": "fully-charged", "token": "a52ab3b9-29ff-4def-9e7a-996ebd21388a", "total": "136.21", "captured_amount": "136.21", "currency": "USD", "checkout": null, "order": 34, "billing_email": "deanna.boyd@example.com", "billing_first_name": "Deanna", "billing_last_name": "Boyd", "billing_company_name": "", "billing_address_1": "98613 Watson Underpass", "billing_address_2": "", "billing_city": "North Paulmouth", "billing_city_area": "", "billing_postal_code": "83383", "billing_country_code": "US", "billing_country_area": "ID", "cc_first_digits": "", "cc_last_digits": "", "cc_brand": "", "cc_exp_month": null, "cc_exp_year": null, "customer_ip_address": "95.229.147.67", "extra_data": "{}"}}, {"model": "payment.payment", "pk": 35, "fields": {"gateway": "mirumee.payments.dummy", "is_active": false, "to_confirm": false, "created": "2020-04-29T08:47:57.847Z", "modified": "2020-04-29T08:47:57.862Z", "charge_status": "not-charged", "token": "8e6df3f4-7670-48d7-947a-4da173d00a43", "total": "135.71", "captured_amount": "0.00", "currency": "USD", "checkout": null, "order": 35, "billing_email": "", "billing_first_name": "Ashley", "billing_last_name": "Ware", "billing_company_name": "", "billing_address_1": "34329 Vance Lakes", "billing_address_2": "", "billing_city": "North Debra", "billing_city_area": "", "billing_postal_code": "45331", "billing_country_code": "US", "billing_country_area": "OH", "cc_first_digits": "", "cc_last_digits": "", "cc_brand": "", "cc_exp_month": null, "cc_exp_year": null, "customer_ip_address": "194.225.156.87", "extra_data": "{}"}}, {"model": "payment.payment", "pk": 36, "fields": {"gateway": "mirumee.payments.dummy", "is_active": true, "to_confirm": false, "created": "2020-04-29T08:47:57.968Z", "modified": "2020-04-29T08:47:57.981Z", "charge_status": "fully-charged", "token": "d3936407-129f-4b6c-9064-d755399eb742", "total": "55.21", "captured_amount": "55.21", "currency": "USD", "checkout": null, "order": 36, "billing_email": "", "billing_first_name": "Danielle", "billing_last_name": "Jackson", "billing_company_name": "", "billing_address_1": "187 Paul Court", "billing_address_2": "", "billing_city": "West Zachary", "billing_city_area": "", "billing_postal_code": "50058", "billing_country_code": "US", "billing_country_area": "IA", "cc_first_digits": "", "cc_last_digits": "", "cc_brand": "", "cc_exp_month": null, "cc_exp_year": null, "customer_ip_address": "21.218.5.180", "extra_data": "{}"}}, {"model": "payment.payment", "pk": 37, "fields": {"gateway": "mirumee.payments.dummy", "is_active": false, "to_confirm": false, "created": "2020-04-29T08:47:58.146Z", "modified": "2020-04-29T08:47:58.232Z", "charge_status": "fully-refunded", "token": "ba4ddeb5-dc37-4867-a61c-575dec3edadd", "total": "178.59", "captured_amount": "0.00", "currency": "USD", "checkout": null, "order": 37, "billing_email": "angela.dickson@example.com", "billing_first_name": "Angela", "billing_last_name": "Dickson", "billing_company_name": "", "billing_address_1": "565 Maria Village Apt. 462", "billing_address_2": "", "billing_city": "Brittanyport", "billing_city_area": "", "billing_postal_code": "46991", "billing_country_code": "US", "billing_country_area": "IN", "cc_first_digits": "", "cc_last_digits": "", "cc_brand": "", "cc_exp_month": null, "cc_exp_year": null, "customer_ip_address": "71.94.74.139", "extra_data": "{}"}}, {"model": "payment.payment", "pk": 38, "fields": {"gateway": "mirumee.payments.dummy", "is_active": true, "to_confirm": false, "created": "2020-04-29T08:47:58.377Z", "modified": "2020-05-07T11:57:46.886Z", "charge_status": "partially-refunded", "token": "f14856ca-0899-485e-b61a-69ec846e96f8", "total": "130.85", "captured_amount": "120.00", "currency": "USD", "checkout": null, "order": 38, "billing_email": "", "billing_first_name": "Lisa", "billing_last_name": "Stewart", "billing_company_name": "", "billing_address_1": "2846 Rogers Pike", "billing_address_2": "", "billing_city": "Amandabury", "billing_city_area": "", "billing_postal_code": "97295", "billing_country_code": "US", "billing_country_area": "OR", "cc_first_digits": "", "cc_last_digits": "", "cc_brand": "", "cc_exp_month": null, "cc_exp_year": null, "customer_ip_address": "41.3.186.119", "extra_data": "{}"}}, {"model": "payment.payment", "pk": 39, "fields": {"gateway": "mirumee.payments.dummy", "is_active": false, "to_confirm": false, "created": "2020-04-29T08:47:58.551Z", "modified": "2020-04-29T08:47:58.626Z", "charge_status": "fully-refunded", "token": "26949ecc-9b65-4c78-8358-ea94d80d74d0", "total": "61.11", "captured_amount": "0.00", "currency": "USD", "checkout": null, "order": 39, "billing_email": "kylie.george@example.com", "billing_first_name": "Kylie", "billing_last_name": "George", "billing_company_name": "", "billing_address_1": "03803 Davis Walks Suite 184", "billing_address_2": "", "billing_city": "Williamport", "billing_city_area": "", "billing_postal_code": "05263", "billing_country_code": "US", "billing_country_area": "VT", "cc_first_digits": "", "cc_last_digits": "", "cc_brand": "", "cc_exp_month": null, "cc_exp_year": null, "customer_ip_address": "28.245.202.119", "extra_data": "{}"}}, {"model": "payment.payment", "pk": 40, "fields": {"gateway": "mirumee.payments.dummy", "is_active": true, "to_confirm": false, "created": "2020-04-29T08:47:58.718Z", "modified": "2020-04-29T08:47:58.718Z", "charge_status": "not-charged", "token": "8f87401b-5237-4e65-a91a-cd69420fd1af", "total": "17.36", "captured_amount": "0.00", "currency": "USD", "checkout": null, "order": 40, "billing_email": "", "billing_first_name": "Curtis", "billing_last_name": "Jenkins", "billing_company_name": "", "billing_address_1": "9010 Taylor Drives Suite 850", "billing_address_2": "", "billing_city": "Scottview", "billing_city_area": "", "billing_postal_code": "58662", "billing_country_code": "US", "billing_country_area": "ND", "cc_first_digits": "", "cc_last_digits": "", "cc_brand": "", "cc_exp_month": null, "cc_exp_year": null, "customer_ip_address": "86.78.221.253", "extra_data": "{}"}}, {"model": "payment.transaction", "pk": 1, "fields": {"created": "2020-04-29T04:24:57.262Z", "payment": 1, "token": "ae8d0e99-046a-431f-9f7e-56a6e72a52e0", "kind": "auth", "is_success": true, "action_required": false, "currency": "USD", "amount": "233.57", "error": null, "customer_id": null, "gateway_response": {}}}, {"model": "payment.transaction", "pk": 2, "fields": {"created": "2020-04-29T04:24:57.269Z", "payment": 1, "token": "ae8d0e99-046a-431f-9f7e-56a6e72a52e0", "kind": "capture", "is_success": true, "action_required": false, "currency": "USD", "amount": "233.57", "error": null, "customer_id": null, "gateway_response": {}}}, {"model": "payment.transaction", "pk": 3, "fields": {"created": "2020-04-29T04:24:57.490Z", "payment": 2, "token": "8b53b443-f3fd-42c5-8c20-7629f4ade10f", "kind": "auth", "is_success": true, "action_required": false, "currency": "USD", "amount": "187.49", "error": null, "customer_id": null, "gateway_response": {}}}, {"model": "payment.transaction", "pk": 4, "fields": {"created": "2020-04-29T04:24:57.497Z", "payment": 2, "token": "8b53b443-f3fd-42c5-8c20-7629f4ade10f", "kind": "void", "is_success": true, "action_required": false, "currency": "USD", "amount": "187.49", "error": null, "customer_id": null, "gateway_response": {}}}, {"model": "payment.transaction", "pk": 5, "fields": {"created": "2020-04-29T04:24:57.585Z", "payment": 3, "token": "356260b4-1ba4-47a2-84fb-45b86569467e", "kind": "auth", "is_success": true, "action_required": false, "currency": "USD", "amount": "27.68", "error": null, "customer_id": null, "gateway_response": {}}}, {"model": "payment.transaction", "pk": 6, "fields": {"created": "2020-04-29T04:24:57.684Z", "payment": 4, "token": "a034b986-ec5a-4251-a105-df98af7dc5c8", "kind": "auth", "is_success": true, "action_required": false, "currency": "USD", "amount": "73.88", "error": null, "customer_id": null, "gateway_response": {}}}, {"model": "payment.transaction", "pk": 7, "fields": {"created": "2020-04-29T04:24:57.690Z", "payment": 4, "token": "a034b986-ec5a-4251-a105-df98af7dc5c8", "kind": "capture", "is_success": true, "action_required": false, "currency": "USD", "amount": "73.88", "error": null, "customer_id": null, "gateway_response": {}}}, {"model": "payment.transaction", "pk": 8, "fields": {"created": "2020-04-29T04:24:57.897Z", "payment": 5, "token": "e78fc414-4890-441a-acb9-1f2b9af3cc4c", "kind": "auth", "is_success": true, "action_required": false, "currency": "USD", "amount": "294.65", "error": null, "customer_id": null, "gateway_response": {}}}, {"model": "payment.transaction", "pk": 9, "fields": {"created": "2020-04-29T04:24:57.904Z", "payment": 5, "token": "e78fc414-4890-441a-acb9-1f2b9af3cc4c", "kind": "void", "is_success": true, "action_required": false, "currency": "USD", "amount": "294.65", "error": null, "customer_id": null, "gateway_response": {}}}, {"model": "payment.transaction", "pk": 10, "fields": {"created": "2020-04-29T04:24:58.061Z", "payment": 6, "token": "db16ec94-56d6-4834-bf66-6272eebc57a7", "kind": "auth", "is_success": true, "action_required": false, "currency": "USD", "amount": "138.20", "error": null, "customer_id": null, "gateway_response": {}}}, {"model": "payment.transaction", "pk": 11, "fields": {"created": "2020-04-29T04:24:58.067Z", "payment": 6, "token": "db16ec94-56d6-4834-bf66-6272eebc57a7", "kind": "capture", "is_success": true, "action_required": false, "currency": "USD", "amount": "138.20", "error": null, "customer_id": null, "gateway_response": {}}}, {"model": "payment.transaction", "pk": 12, "fields": {"created": "2020-04-29T04:24:58.269Z", "payment": 7, "token": "50764888-b503-4bd0-8bfc-5b8897d09957", "kind": "auth", "is_success": true, "action_required": false, "currency": "USD", "amount": "302.74", "error": null, "customer_id": null, "gateway_response": {}}}, {"model": "payment.transaction", "pk": 13, "fields": {"created": "2020-04-29T04:24:58.367Z", "payment": 8, "token": "a0a97a9e-40a1-4bb1-95db-64ddb4c584e2", "kind": "auth", "is_success": true, "action_required": false, "currency": "USD", "amount": "24.35", "error": null, "customer_id": null, "gateway_response": {}}}, {"model": "payment.transaction", "pk": 14, "fields": {"created": "2020-04-29T04:24:58.373Z", "payment": 8, "token": "a0a97a9e-40a1-4bb1-95db-64ddb4c584e2", "kind": "capture", "is_success": true, "action_required": false, "currency": "USD", "amount": "24.35", "error": null, "customer_id": null, "gateway_response": {}}}, {"model": "payment.transaction", "pk": 15, "fields": {"created": "2020-04-29T04:24:58.434Z", "payment": 8, "token": "a0a97a9e-40a1-4bb1-95db-64ddb4c584e2", "kind": "refund", "is_success": true, "action_required": false, "currency": "USD", "amount": "24.35", "error": null, "customer_id": null, "gateway_response": {}}}, {"model": "payment.transaction", "pk": 16, "fields": {"created": "2020-04-29T04:24:58.507Z", "payment": 9, "token": "ac049464-368b-4650-9ef0-0f153b3203db", "kind": "auth", "is_success": true, "action_required": false, "currency": "USD", "amount": "107.29", "error": null, "customer_id": null, "gateway_response": {}}}, {"model": "payment.transaction", "pk": 17, "fields": {"created": "2020-04-29T04:24:58.513Z", "payment": 9, "token": "ac049464-368b-4650-9ef0-0f153b3203db", "kind": "void", "is_success": true, "action_required": false, "currency": "USD", "amount": "107.29", "error": null, "customer_id": null, "gateway_response": {}}}, {"model": "payment.transaction", "pk": 18, "fields": {"created": "2020-04-29T04:24:58.655Z", "payment": 10, "token": "8b7c85ac-640f-4892-aca9-f5ce1451c581", "kind": "auth", "is_success": true, "action_required": false, "currency": "USD", "amount": "237.29", "error": null, "customer_id": null, "gateway_response": {}}}, {"model": "payment.transaction", "pk": 19, "fields": {"created": "2020-04-29T04:24:58.767Z", "payment": 11, "token": "e971e6e0-3f5e-451d-8171-d818eb52f237", "kind": "auth", "is_success": true, "action_required": false, "currency": "USD", "amount": "230.88", "error": null, "customer_id": null, "gateway_response": {}}}, {"model": "payment.transaction", "pk": 20, "fields": {"created": "2020-04-29T04:24:58.852Z", "payment": 12, "token": "50f2eea8-4a5e-4535-b1f4-851cfc42db2c", "kind": "auth", "is_success": true, "action_required": false, "currency": "USD", "amount": "123.88", "error": null, "customer_id": null, "gateway_response": {}}}, {"model": "payment.transaction", "pk": 21, "fields": {"created": "2020-04-29T04:24:58.860Z", "payment": 12, "token": "50f2eea8-4a5e-4535-b1f4-851cfc42db2c", "kind": "capture", "is_success": true, "action_required": false, "currency": "USD", "amount": "123.88", "error": null, "customer_id": null, "gateway_response": {}}}, {"model": "payment.transaction", "pk": 22, "fields": {"created": "2020-04-29T04:24:58.961Z", "payment": 13, "token": "e6b15033-4df1-4db5-89c2-bd1b886c3a0d", "kind": "auth", "is_success": true, "action_required": false, "currency": "USD", "amount": "93.20", "error": null, "customer_id": null, "gateway_response": {}}}, {"model": "payment.transaction", "pk": 23, "fields": {"created": "2020-04-29T04:24:58.966Z", "payment": 13, "token": "e6b15033-4df1-4db5-89c2-bd1b886c3a0d", "kind": "capture", "is_success": true, "action_required": false, "currency": "USD", "amount": "93.20", "error": null, "customer_id": null, "gateway_response": {}}}, {"model": "payment.transaction", "pk": 24, "fields": {"created": "2020-04-29T04:24:59.100Z", "payment": 14, "token": "d60dab1f-9004-4d7d-9b0a-e501e5e229ca", "kind": "auth", "is_success": true, "action_required": false, "currency": "USD", "amount": "403.20", "error": null, "customer_id": null, "gateway_response": {}}}, {"model": "payment.transaction", "pk": 25, "fields": {"created": "2020-04-29T04:24:59.204Z", "payment": 15, "token": "74f5307e-4cd5-44b8-9f86-11e72142ff9d", "kind": "auth", "is_success": true, "action_required": false, "currency": "USD", "amount": "190.10", "error": null, "customer_id": null, "gateway_response": {}}}, {"model": "payment.transaction", "pk": 26, "fields": {"created": "2020-04-29T04:24:59.208Z", "payment": 15, "token": "74f5307e-4cd5-44b8-9f86-11e72142ff9d", "kind": "capture", "is_success": true, "action_required": false, "currency": "USD", "amount": "190.10", "error": null, "customer_id": null, "gateway_response": {}}}, {"model": "payment.transaction", "pk": 27, "fields": {"created": "2020-04-29T04:24:59.345Z", "payment": 16, "token": "49275d17-cfac-4503-adae-20e8dbf28395", "kind": "auth", "is_success": true, "action_required": false, "currency": "USD", "amount": "184.59", "error": null, "customer_id": null, "gateway_response": {}}}, {"model": "payment.transaction", "pk": 28, "fields": {"created": "2020-04-29T04:24:59.351Z", "payment": 16, "token": "49275d17-cfac-4503-adae-20e8dbf28395", "kind": "capture", "is_success": true, "action_required": false, "currency": "USD", "amount": "184.59", "error": null, "customer_id": null, "gateway_response": {}}}, {"model": "payment.transaction", "pk": 29, "fields": {"created": "2020-04-29T04:24:59.396Z", "payment": 16, "token": "49275d17-cfac-4503-adae-20e8dbf28395", "kind": "refund", "is_success": true, "action_required": false, "currency": "USD", "amount": "184.59", "error": null, "customer_id": null, "gateway_response": {}}}, {"model": "payment.transaction", "pk": 30, "fields": {"created": "2020-04-29T04:24:59.507Z", "payment": 17, "token": "353dfad1-7ffc-41b0-a8ff-2c8cfd52d70a", "kind": "auth", "is_success": true, "action_required": false, "currency": "USD", "amount": "230.60", "error": null, "customer_id": null, "gateway_response": {}}}, {"model": "payment.transaction", "pk": 31, "fields": {"created": "2020-04-29T04:24:59.512Z", "payment": 17, "token": "353dfad1-7ffc-41b0-a8ff-2c8cfd52d70a", "kind": "void", "is_success": true, "action_required": false, "currency": "USD", "amount": "230.60", "error": null, "customer_id": null, "gateway_response": {}}}, {"model": "payment.transaction", "pk": 32, "fields": {"created": "2020-04-29T04:24:59.643Z", "payment": 18, "token": "c92be075-65ac-4848-b0bb-6c6c47dee3d5", "kind": "auth", "is_success": true, "action_required": false, "currency": "USD", "amount": "344.74", "error": null, "customer_id": null, "gateway_response": {}}}, {"model": "payment.transaction", "pk": 33, "fields": {"created": "2020-04-29T04:24:59.649Z", "payment": 18, "token": "c92be075-65ac-4848-b0bb-6c6c47dee3d5", "kind": "capture", "is_success": true, "action_required": false, "currency": "USD", "amount": "344.74", "error": null, "customer_id": null, "gateway_response": {}}}, {"model": "payment.transaction", "pk": 34, "fields": {"created": "2020-04-29T04:24:59.707Z", "payment": 18, "token": "c92be075-65ac-4848-b0bb-6c6c47dee3d5", "kind": "refund", "is_success": true, "action_required": false, "currency": "USD", "amount": "344.74", "error": null, "customer_id": null, "gateway_response": {}}}, {"model": "payment.transaction", "pk": 35, "fields": {"created": "2020-04-29T04:24:59.830Z", "payment": 19, "token": "93531105-e76a-4e7b-a4dd-bdea2cc8a3d0", "kind": "auth", "is_success": true, "action_required": false, "currency": "USD", "amount": "71.84", "error": null, "customer_id": null, "gateway_response": {}}}, {"model": "payment.transaction", "pk": 36, "fields": {"created": "2020-04-29T04:24:59.836Z", "payment": 19, "token": "93531105-e76a-4e7b-a4dd-bdea2cc8a3d0", "kind": "void", "is_success": true, "action_required": false, "currency": "USD", "amount": "71.84", "error": null, "customer_id": null, "gateway_response": {}}}, {"model": "payment.transaction", "pk": 37, "fields": {"created": "2020-04-29T04:24:59.940Z", "payment": 20, "token": "49abce0a-f428-4891-82c8-e7137601fe56", "kind": "auth", "is_success": true, "action_required": false, "currency": "USD", "amount": "212.79", "error": null, "customer_id": null, "gateway_response": {}}}, {"model": "payment.transaction", "pk": 38, "fields": {"created": "2020-04-29T04:24:59.946Z", "payment": 20, "token": "49abce0a-f428-4891-82c8-e7137601fe56", "kind": "capture", "is_success": true, "action_required": false, "currency": "USD", "amount": "212.79", "error": null, "customer_id": null, "gateway_response": {}}}, {"model": "payment.transaction", "pk": 39, "fields": {"created": "2020-04-29T08:47:55.210Z", "payment": 21, "token": "35f08bf7-1922-4f28-86f8-4345f14ecff4", "kind": "auth", "is_success": true, "action_required": false, "currency": "USD", "amount": "293.80", "error": null, "customer_id": null, "gateway_response": {}}}, {"model": "payment.transaction", "pk": 40, "fields": {"created": "2020-04-29T08:47:55.220Z", "payment": 21, "token": "35f08bf7-1922-4f28-86f8-4345f14ecff4", "kind": "capture", "is_success": true, "action_required": false, "currency": "USD", "amount": "293.80", "error": null, "customer_id": null, "gateway_response": {}}}, {"model": "payment.transaction", "pk": 41, "fields": {"created": "2020-04-29T08:47:55.496Z", "payment": 22, "token": "8b316203-9517-48a0-a3fc-e48bf192f9e9", "kind": "auth", "is_success": true, "action_required": false, "currency": "USD", "amount": "290.30", "error": null, "customer_id": null, "gateway_response": {}}}, {"model": "payment.transaction", "pk": 42, "fields": {"created": "2020-04-29T08:47:55.503Z", "payment": 22, "token": "8b316203-9517-48a0-a3fc-e48bf192f9e9", "kind": "void", "is_success": true, "action_required": false, "currency": "USD", "amount": "290.30", "error": null, "customer_id": null, "gateway_response": {}}}, {"model": "payment.transaction", "pk": 43, "fields": {"created": "2020-04-29T08:47:55.600Z", "payment": 23, "token": "43b41155-9e2b-43ae-928b-96193a54762b", "kind": "auth", "is_success": true, "action_required": false, "currency": "USD", "amount": "142.73", "error": null, "customer_id": null, "gateway_response": {}}}, {"model": "payment.transaction", "pk": 44, "fields": {"created": "2020-04-29T08:47:55.607Z", "payment": 23, "token": "43b41155-9e2b-43ae-928b-96193a54762b", "kind": "void", "is_success": true, "action_required": false, "currency": "USD", "amount": "142.73", "error": null, "customer_id": null, "gateway_response": {}}}, {"model": "payment.transaction", "pk": 45, "fields": {"created": "2020-04-29T08:47:55.716Z", "payment": 24, "token": "801364ac-9061-4cd1-bff7-f892a61f4415", "kind": "auth", "is_success": true, "action_required": false, "currency": "USD", "amount": "237.78", "error": null, "customer_id": null, "gateway_response": {}}}, {"model": "payment.transaction", "pk": 46, "fields": {"created": "2020-04-29T08:47:55.849Z", "payment": 25, "token": "4e648517-6a7c-4f06-9f89-911606d4d597", "kind": "auth", "is_success": true, "action_required": false, "currency": "USD", "amount": "90.79", "error": null, "customer_id": null, "gateway_response": {}}}, {"model": "payment.transaction", "pk": 47, "fields": {"created": "2020-04-29T08:47:55.857Z", "payment": 25, "token": "4e648517-6a7c-4f06-9f89-911606d4d597", "kind": "void", "is_success": true, "action_required": false, "currency": "USD", "amount": "90.79", "error": null, "customer_id": null, "gateway_response": {}}}, {"model": "payment.transaction", "pk": 48, "fields": {"created": "2020-04-29T08:47:55.965Z", "payment": 26, "token": "3cd66ed8-545f-402c-b290-28cf6c00a6db", "kind": "auth", "is_success": true, "action_required": false, "currency": "USD", "amount": "219.65", "error": null, "customer_id": null, "gateway_response": {}}}, {"model": "payment.transaction", "pk": 49, "fields": {"created": "2020-04-29T08:47:56.096Z", "payment": 27, "token": "97fdfa09-86f2-48ab-b607-dee77708e6fa", "kind": "auth", "is_success": true, "action_required": false, "currency": "USD", "amount": "139.65", "error": null, "customer_id": null, "gateway_response": {}}}, {"model": "payment.transaction", "pk": 50, "fields": {"created": "2020-04-29T08:47:56.104Z", "payment": 27, "token": "97fdfa09-86f2-48ab-b607-dee77708e6fa", "kind": "capture", "is_success": true, "action_required": false, "currency": "USD", "amount": "139.65", "error": null, "customer_id": null, "gateway_response": {}}}, {"model": "payment.transaction", "pk": 51, "fields": {"created": "2020-04-29T08:47:56.330Z", "payment": 28, "token": "9aab6ea0-a8e7-4ea7-a298-8554b08d09fa", "kind": "auth", "is_success": true, "action_required": false, "currency": "USD", "amount": "358.79", "error": null, "customer_id": null, "gateway_response": {}}}, {"model": "payment.transaction", "pk": 52, "fields": {"created": "2020-04-29T08:47:56.337Z", "payment": 28, "token": "9aab6ea0-a8e7-4ea7-a298-8554b08d09fa", "kind": "capture", "is_success": true, "action_required": false, "currency": "USD", "amount": "358.79", "error": null, "customer_id": null, "gateway_response": {}}}, {"model": "payment.transaction", "pk": 53, "fields": {"created": "2020-04-29T08:47:56.558Z", "payment": 29, "token": "e0ff19b5-dcc6-4f23-8278-ee2c08b0c097", "kind": "auth", "is_success": true, "action_required": false, "currency": "USD", "amount": "110.39", "error": null, "customer_id": null, "gateway_response": {}}}, {"model": "payment.transaction", "pk": 54, "fields": {"created": "2020-04-29T08:47:56.564Z", "payment": 29, "token": "e0ff19b5-dcc6-4f23-8278-ee2c08b0c097", "kind": "capture", "is_success": true, "action_required": false, "currency": "USD", "amount": "110.39", "error": null, "customer_id": null, "gateway_response": {}}}, {"model": "payment.transaction", "pk": 55, "fields": {"created": "2020-04-29T08:47:56.689Z", "payment": 30, "token": "e40bf477-8ee5-4f00-a5d9-c93f576734c4", "kind": "auth", "is_success": true, "action_required": false, "currency": "USD", "amount": "183.78", "error": null, "customer_id": null, "gateway_response": {}}}, {"model": "payment.transaction", "pk": 56, "fields": {"created": "2020-04-29T08:47:56.697Z", "payment": 30, "token": "e40bf477-8ee5-4f00-a5d9-c93f576734c4", "kind": "void", "is_success": true, "action_required": false, "currency": "USD", "amount": "183.78", "error": null, "customer_id": null, "gateway_response": {}}}, {"model": "payment.transaction", "pk": 57, "fields": {"created": "2020-04-29T08:47:56.850Z", "payment": 31, "token": "73d1cb78-b37d-40af-b0f0-e1d318b54666", "kind": "auth", "is_success": true, "action_required": false, "currency": "USD", "amount": "68.66", "error": null, "customer_id": null, "gateway_response": {}}}, {"model": "payment.transaction", "pk": 58, "fields": {"created": "2020-04-29T08:47:56.860Z", "payment": 31, "token": "73d1cb78-b37d-40af-b0f0-e1d318b54666", "kind": "capture", "is_success": true, "action_required": false, "currency": "USD", "amount": "68.66", "error": null, "customer_id": null, "gateway_response": {}}}, {"model": "payment.transaction", "pk": 59, "fields": {"created": "2020-04-29T08:47:56.963Z", "payment": 31, "token": "73d1cb78-b37d-40af-b0f0-e1d318b54666", "kind": "refund", "is_success": true, "action_required": false, "currency": "USD", "amount": "68.66", "error": null, "customer_id": null, "gateway_response": {}}}, {"model": "payment.transaction", "pk": 60, "fields": {"created": "2020-04-29T08:47:57.082Z", "payment": 32, "token": "a25f1651-b674-4ff7-90e8-691c79ad348d", "kind": "auth", "is_success": true, "action_required": false, "currency": "USD", "amount": "54.20", "error": null, "customer_id": null, "gateway_response": {}}}, {"model": "payment.transaction", "pk": 61, "fields": {"created": "2020-04-29T08:47:57.091Z", "payment": 32, "token": "a25f1651-b674-4ff7-90e8-691c79ad348d", "kind": "capture", "is_success": true, "action_required": false, "currency": "USD", "amount": "54.20", "error": null, "customer_id": null, "gateway_response": {}}}, {"model": "payment.transaction", "pk": 62, "fields": {"created": "2020-04-29T08:47:57.290Z", "payment": 33, "token": "613165eb-5df9-4114-a8d5-beefeae44f49", "kind": "auth", "is_success": true, "action_required": false, "currency": "USD", "amount": "144.55", "error": null, "customer_id": null, "gateway_response": {}}}, {"model": "payment.transaction", "pk": 63, "fields": {"created": "2020-04-29T08:47:57.299Z", "payment": 33, "token": "613165eb-5df9-4114-a8d5-beefeae44f49", "kind": "capture", "is_success": true, "action_required": false, "currency": "USD", "amount": "144.55", "error": null, "customer_id": null, "gateway_response": {}}}, {"model": "payment.transaction", "pk": 64, "fields": {"created": "2020-04-29T08:47:57.591Z", "payment": 34, "token": "a52ab3b9-29ff-4def-9e7a-996ebd21388a", "kind": "auth", "is_success": true, "action_required": false, "currency": "USD", "amount": "136.21", "error": null, "customer_id": null, "gateway_response": {}}}, {"model": "payment.transaction", "pk": 65, "fields": {"created": "2020-04-29T08:47:57.599Z", "payment": 34, "token": "a52ab3b9-29ff-4def-9e7a-996ebd21388a", "kind": "capture", "is_success": true, "action_required": false, "currency": "USD", "amount": "136.21", "error": null, "customer_id": null, "gateway_response": {}}}, {"model": "payment.transaction", "pk": 66, "fields": {"created": "2020-04-29T08:47:57.852Z", "payment": 35, "token": "8e6df3f4-7670-48d7-947a-4da173d00a43", "kind": "auth", "is_success": true, "action_required": false, "currency": "USD", "amount": "135.71", "error": null, "customer_id": null, "gateway_response": {}}}, {"model": "payment.transaction", "pk": 67, "fields": {"created": "2020-04-29T08:47:57.860Z", "payment": 35, "token": "8e6df3f4-7670-48d7-947a-4da173d00a43", "kind": "void", "is_success": true, "action_required": false, "currency": "USD", "amount": "135.71", "error": null, "customer_id": null, "gateway_response": {}}}, {"model": "payment.transaction", "pk": 68, "fields": {"created": "2020-04-29T08:47:57.973Z", "payment": 36, "token": "d3936407-129f-4b6c-9064-d755399eb742", "kind": "auth", "is_success": true, "action_required": false, "currency": "USD", "amount": "55.21", "error": null, "customer_id": null, "gateway_response": {}}}, {"model": "payment.transaction", "pk": 69, "fields": {"created": "2020-04-29T08:47:57.979Z", "payment": 36, "token": "d3936407-129f-4b6c-9064-d755399eb742", "kind": "capture", "is_success": true, "action_required": false, "currency": "USD", "amount": "55.21", "error": null, "customer_id": null, "gateway_response": {}}}, {"model": "payment.transaction", "pk": 70, "fields": {"created": "2020-04-29T08:47:58.150Z", "payment": 37, "token": "ba4ddeb5-dc37-4867-a61c-575dec3edadd", "kind": "auth", "is_success": true, "action_required": false, "currency": "USD", "amount": "178.59", "error": null, "customer_id": null, "gateway_response": {}}}, {"model": "payment.transaction", "pk": 71, "fields": {"created": "2020-04-29T08:47:58.157Z", "payment": 37, "token": "ba4ddeb5-dc37-4867-a61c-575dec3edadd", "kind": "capture", "is_success": true, "action_required": false, "currency": "USD", "amount": "178.59", "error": null, "customer_id": null, "gateway_response": {}}}, {"model": "payment.transaction", "pk": 72, "fields": {"created": "2020-04-29T08:47:58.230Z", "payment": 37, "token": "ba4ddeb5-dc37-4867-a61c-575dec3edadd", "kind": "refund", "is_success": true, "action_required": false, "currency": "USD", "amount": "178.59", "error": null, "customer_id": null, "gateway_response": {}}}, {"model": "payment.transaction", "pk": 73, "fields": {"created": "2020-04-29T08:47:58.382Z", "payment": 38, "token": "f14856ca-0899-485e-b61a-69ec846e96f8", "kind": "auth", "is_success": true, "action_required": false, "currency": "USD", "amount": "130.85", "error": null, "customer_id": null, "gateway_response": {}}}, {"model": "payment.transaction", "pk": 74, "fields": {"created": "2020-04-29T08:47:58.389Z", "payment": 38, "token": "f14856ca-0899-485e-b61a-69ec846e96f8", "kind": "capture", "is_success": true, "action_required": false, "currency": "USD", "amount": "130.85", "error": null, "customer_id": null, "gateway_response": {}}}, {"model": "payment.transaction", "pk": 75, "fields": {"created": "2020-04-29T08:47:58.555Z", "payment": 39, "token": "26949ecc-9b65-4c78-8358-ea94d80d74d0", "kind": "auth", "is_success": true, "action_required": false, "currency": "USD", "amount": "61.11", "error": null, "customer_id": null, "gateway_response": {}}}, {"model": "payment.transaction", "pk": 76, "fields": {"created": "2020-04-29T08:47:58.561Z", "payment": 39, "token": "26949ecc-9b65-4c78-8358-ea94d80d74d0", "kind": "capture", "is_success": true, "action_required": false, "currency": "USD", "amount": "61.11", "error": null, "customer_id": null, "gateway_response": {}}}, {"model": "payment.transaction", "pk": 77, "fields": {"created": "2020-04-29T08:47:58.623Z", "payment": 39, "token": "26949ecc-9b65-4c78-8358-ea94d80d74d0", "kind": "refund", "is_success": true, "action_required": false, "currency": "USD", "amount": "61.11", "error": null, "customer_id": null, "gateway_response": {}}}, {"model": "payment.transaction", "pk": 78, "fields": {"created": "2020-04-29T08:47:58.723Z", "payment": 40, "token": "8f87401b-5237-4e65-a91a-cd69420fd1af", "kind": "auth", "is_success": true, "action_required": false, "currency": "USD", "amount": "17.36", "error": null, "customer_id": null, "gateway_response": {}}}, {"model": "payment.transaction", "pk": 79, "fields": {"created": "2020-05-07T11:57:46.882Z", "payment": 38, "token": "f14856ca-0899-485e-b61a-69ec846e96f8", "kind": "refund", "is_success": true, "action_required": false, "currency": "USD", "amount": "10.85", "error": null, "customer_id": null, "gateway_response": {}}}, {"model": "warehouse.warehouse", "pk": "30e98c00-3bd7-4c2a-9282-2a48f4fdaf71", "fields": {"name": "Americas", "slug": "americas", "company_name": "Zhang Inc", "address": 43, "email": "", "shipping_zones": [4]}}, {"model": "warehouse.warehouse", "pk": "37b37161-ba55-4550-9d38-4682dc7bd24e", "fields": {"name": "Africa", "slug": "africa", "company_name": "Stokes Group", "address": 44, "email": "", "shipping_zones": [5]}}, {"model": "warehouse.warehouse", "pk": "690edbf8-1898-442b-9920-a75c1725f4e8", "fields": {"name": "Asia", "slug": "asia", "company_name": "Sanchez, Woods and Gillespie", "address": 42, "email": "", "shipping_zones": [3]}}, {"model": "warehouse.warehouse", "pk": "966f49bc-8810-4769-974a-3963d59bde0a", "fields": {"name": "Europe", "slug": "europe", "company_name": "Thompson, Smith and Cohen", "address": 40, "email": "", "shipping_zones": []}}, {"model": "warehouse.warehouse", "pk": "da409c98-0a60-421d-b6da-68f422852b77", "fields": {"name": "Oceania", "slug": "oceania", "company_name": "Kim-Nolan", "address": 41, "email": "", "shipping_zones": [2]}}, {"model": "warehouse.stock", "pk": 1, "fields": {"warehouse": "da409c98-0a60-421d-b6da-68f422852b77", "product_variant": 171, "quantity": 116}}, {"model": "warehouse.stock", "pk": 2, "fields": {"warehouse": "966f49bc-8810-4769-974a-3963d59bde0a", "product_variant": 171, "quantity": 116}}, {"model": "warehouse.stock", "pk": 3, "fields": {"warehouse": "690edbf8-1898-442b-9920-a75c1725f4e8", "product_variant": 171, "quantity": 116}}, {"model": "warehouse.stock", "pk": 4, "fields": {"warehouse": "30e98c00-3bd7-4c2a-9282-2a48f4fdaf71", "product_variant": 171, "quantity": 116}}, {"model": "warehouse.stock", "pk": 5, "fields": {"warehouse": "37b37161-ba55-4550-9d38-4682dc7bd24e", "product_variant": 171, "quantity": 116}}, {"model": "warehouse.stock", "pk": 6, "fields": {"warehouse": "da409c98-0a60-421d-b6da-68f422852b77", "product_variant": 172, "quantity": 22}}, {"model": "warehouse.stock", "pk": 7, "fields": {"warehouse": "966f49bc-8810-4769-974a-3963d59bde0a", "product_variant": 172, "quantity": 22}}, {"model": "warehouse.stock", "pk": 8, "fields": {"warehouse": "690edbf8-1898-442b-9920-a75c1725f4e8", "product_variant": 172, "quantity": 22}}, {"model": "warehouse.stock", "pk": 9, "fields": {"warehouse": "30e98c00-3bd7-4c2a-9282-2a48f4fdaf71", "product_variant": 172, "quantity": 22}}, {"model": "warehouse.stock", "pk": 10, "fields": {"warehouse": "37b37161-ba55-4550-9d38-4682dc7bd24e", "product_variant": 172, "quantity": 22}}, {"model": "warehouse.stock", "pk": 11, "fields": {"warehouse": "da409c98-0a60-421d-b6da-68f422852b77", "product_variant": 173, "quantity": 15}}, {"model": "warehouse.stock", "pk": 12, "fields": {"warehouse": "966f49bc-8810-4769-974a-3963d59bde0a", "product_variant": 173, "quantity": 15}}, {"model": "warehouse.stock", "pk": 13, "fields": {"warehouse": "690edbf8-1898-442b-9920-a75c1725f4e8", "product_variant": 173, "quantity": 15}}, {"model": "warehouse.stock", "pk": 14, "fields": {"warehouse": "30e98c00-3bd7-4c2a-9282-2a48f4fdaf71", "product_variant": 173, "quantity": 15}}, {"model": "warehouse.stock", "pk": 15, "fields": {"warehouse": "37b37161-ba55-4550-9d38-4682dc7bd24e", "product_variant": 173, "quantity": 15}}, {"model": "warehouse.stock", "pk": 16, "fields": {"warehouse": "da409c98-0a60-421d-b6da-68f422852b77", "product_variant": 174, "quantity": 43}}, {"model": "warehouse.stock", "pk": 17, "fields": {"warehouse": "966f49bc-8810-4769-974a-3963d59bde0a", "product_variant": 174, "quantity": 43}}, {"model": "warehouse.stock", "pk": 18, "fields": {"warehouse": "690edbf8-1898-442b-9920-a75c1725f4e8", "product_variant": 174, "quantity": 43}}, {"model": "warehouse.stock", "pk": 19, "fields": {"warehouse": "30e98c00-3bd7-4c2a-9282-2a48f4fdaf71", "product_variant": 174, "quantity": 43}}, {"model": "warehouse.stock", "pk": 20, "fields": {"warehouse": "37b37161-ba55-4550-9d38-4682dc7bd24e", "product_variant": 174, "quantity": 43}}, {"model": "warehouse.stock", "pk": 21, "fields": {"warehouse": "da409c98-0a60-421d-b6da-68f422852b77", "product_variant": 175, "quantity": 110}}, {"model": "warehouse.stock", "pk": 22, "fields": {"warehouse": "966f49bc-8810-4769-974a-3963d59bde0a", "product_variant": 175, "quantity": 110}}, {"model": "warehouse.stock", "pk": 23, "fields": {"warehouse": "690edbf8-1898-442b-9920-a75c1725f4e8", "product_variant": 175, "quantity": 110}}, {"model": "warehouse.stock", "pk": 24, "fields": {"warehouse": "30e98c00-3bd7-4c2a-9282-2a48f4fdaf71", "product_variant": 175, "quantity": 110}}, {"model": "warehouse.stock", "pk": 25, "fields": {"warehouse": "37b37161-ba55-4550-9d38-4682dc7bd24e", "product_variant": 175, "quantity": 110}}, {"model": "warehouse.stock", "pk": 26, "fields": {"warehouse": "da409c98-0a60-421d-b6da-68f422852b77", "product_variant": 176, "quantity": 125}}, {"model": "warehouse.stock", "pk": 27, "fields": {"warehouse": "966f49bc-8810-4769-974a-3963d59bde0a", "product_variant": 176, "quantity": 125}}, {"model": "warehouse.stock", "pk": 28, "fields": {"warehouse": "690edbf8-1898-442b-9920-a75c1725f4e8", "product_variant": 176, "quantity": 125}}, {"model": "warehouse.stock", "pk": 29, "fields": {"warehouse": "30e98c00-3bd7-4c2a-9282-2a48f4fdaf71", "product_variant": 176, "quantity": 125}}, {"model": "warehouse.stock", "pk": 30, "fields": {"warehouse": "37b37161-ba55-4550-9d38-4682dc7bd24e", "product_variant": 176, "quantity": 125}}, {"model": "warehouse.stock", "pk": 31, "fields": {"warehouse": "da409c98-0a60-421d-b6da-68f422852b77", "product_variant": 177, "quantity": 1235}}, {"model": "warehouse.stock", "pk": 32, "fields": {"warehouse": "966f49bc-8810-4769-974a-3963d59bde0a", "product_variant": 177, "quantity": 1235}}, {"model": "warehouse.stock", "pk": 33, "fields": {"warehouse": "690edbf8-1898-442b-9920-a75c1725f4e8", "product_variant": 177, "quantity": 1235}}, {"model": "warehouse.stock", "pk": 34, "fields": {"warehouse": "30e98c00-3bd7-4c2a-9282-2a48f4fdaf71", "product_variant": 177, "quantity": 1235}}, {"model": "warehouse.stock", "pk": 35, "fields": {"warehouse": "37b37161-ba55-4550-9d38-4682dc7bd24e", "product_variant": 177, "quantity": 1235}}, {"model": "warehouse.stock", "pk": 36, "fields": {"warehouse": "da409c98-0a60-421d-b6da-68f422852b77", "product_variant": 178, "quantity": 1223}}, {"model": "warehouse.stock", "pk": 37, "fields": {"warehouse": "966f49bc-8810-4769-974a-3963d59bde0a", "product_variant": 178, "quantity": 1223}}, {"model": "warehouse.stock", "pk": 38, "fields": {"warehouse": "690edbf8-1898-442b-9920-a75c1725f4e8", "product_variant": 178, "quantity": 1223}}, {"model": "warehouse.stock", "pk": 39, "fields": {"warehouse": "30e98c00-3bd7-4c2a-9282-2a48f4fdaf71", "product_variant": 178, "quantity": 1223}}, {"model": "warehouse.stock", "pk": 40, "fields": {"warehouse": "37b37161-ba55-4550-9d38-4682dc7bd24e", "product_variant": 178, "quantity": 1223}}, {"model": "warehouse.stock", "pk": 41, "fields": {"warehouse": "da409c98-0a60-421d-b6da-68f422852b77", "product_variant": 179, "quantity": 475}}, {"model": "warehouse.stock", "pk": 42, "fields": {"warehouse": "966f49bc-8810-4769-974a-3963d59bde0a", "product_variant": 179, "quantity": 475}}, {"model": "warehouse.stock", "pk": 43, "fields": {"warehouse": "690edbf8-1898-442b-9920-a75c1725f4e8", "product_variant": 179, "quantity": 475}}, {"model": "warehouse.stock", "pk": 44, "fields": {"warehouse": "30e98c00-3bd7-4c2a-9282-2a48f4fdaf71", "product_variant": 179, "quantity": 475}}, {"model": "warehouse.stock", "pk": 45, "fields": {"warehouse": "37b37161-ba55-4550-9d38-4682dc7bd24e", "product_variant": 179, "quantity": 475}}, {"model": "warehouse.stock", "pk": 46, "fields": {"warehouse": "da409c98-0a60-421d-b6da-68f422852b77", "product_variant": 180, "quantity": 998}}, {"model": "warehouse.stock", "pk": 47, "fields": {"warehouse": "966f49bc-8810-4769-974a-3963d59bde0a", "product_variant": 180, "quantity": 998}}, {"model": "warehouse.stock", "pk": 48, "fields": {"warehouse": "690edbf8-1898-442b-9920-a75c1725f4e8", "product_variant": 180, "quantity": 998}}, {"model": "warehouse.stock", "pk": 49, "fields": {"warehouse": "30e98c00-3bd7-4c2a-9282-2a48f4fdaf71", "product_variant": 180, "quantity": 1000}}, {"model": "warehouse.stock", "pk": 50, "fields": {"warehouse": "37b37161-ba55-4550-9d38-4682dc7bd24e", "product_variant": 180, "quantity": 1001}}, {"model": "warehouse.stock", "pk": 51, "fields": {"warehouse": "da409c98-0a60-421d-b6da-68f422852b77", "product_variant": 181, "quantity": 760}}, {"model": "warehouse.stock", "pk": 52, "fields": {"warehouse": "966f49bc-8810-4769-974a-3963d59bde0a", "product_variant": 181, "quantity": 760}}, {"model": "warehouse.stock", "pk": 53, "fields": {"warehouse": "690edbf8-1898-442b-9920-a75c1725f4e8", "product_variant": 181, "quantity": 760}}, {"model": "warehouse.stock", "pk": 54, "fields": {"warehouse": "30e98c00-3bd7-4c2a-9282-2a48f4fdaf71", "product_variant": 181, "quantity": 760}}, {"model": "warehouse.stock", "pk": 55, "fields": {"warehouse": "37b37161-ba55-4550-9d38-4682dc7bd24e", "product_variant": 181, "quantity": 762}}, {"model": "warehouse.stock", "pk": 56, "fields": {"warehouse": "da409c98-0a60-421d-b6da-68f422852b77", "product_variant": 182, "quantity": 587}}, {"model": "warehouse.stock", "pk": 57, "fields": {"warehouse": "966f49bc-8810-4769-974a-3963d59bde0a", "product_variant": 182, "quantity": 587}}, {"model": "warehouse.stock", "pk": 58, "fields": {"warehouse": "690edbf8-1898-442b-9920-a75c1725f4e8", "product_variant": 182, "quantity": 587}}, {"model": "warehouse.stock", "pk": 59, "fields": {"warehouse": "30e98c00-3bd7-4c2a-9282-2a48f4fdaf71", "product_variant": 182, "quantity": 587}}, {"model": "warehouse.stock", "pk": 60, "fields": {"warehouse": "37b37161-ba55-4550-9d38-4682dc7bd24e", "product_variant": 182, "quantity": 587}}, {"model": "warehouse.stock", "pk": 61, "fields": {"warehouse": "da409c98-0a60-421d-b6da-68f422852b77", "product_variant": 183, "quantity": 427}}, {"model": "warehouse.stock", "pk": 62, "fields": {"warehouse": "966f49bc-8810-4769-974a-3963d59bde0a", "product_variant": 183, "quantity": 427}}, {"model": "warehouse.stock", "pk": 63, "fields": {"warehouse": "690edbf8-1898-442b-9920-a75c1725f4e8", "product_variant": 183, "quantity": 427}}, {"model": "warehouse.stock", "pk": 64, "fields": {"warehouse": "30e98c00-3bd7-4c2a-9282-2a48f4fdaf71", "product_variant": 183, "quantity": 427}}, {"model": "warehouse.stock", "pk": 65, "fields": {"warehouse": "37b37161-ba55-4550-9d38-4682dc7bd24e", "product_variant": 183, "quantity": 427}}, {"model": "warehouse.stock", "pk": 66, "fields": {"warehouse": "da409c98-0a60-421d-b6da-68f422852b77", "product_variant": 184, "quantity": 516}}, {"model": "warehouse.stock", "pk": 67, "fields": {"warehouse": "966f49bc-8810-4769-974a-3963d59bde0a", "product_variant": 184, "quantity": 516}}, {"model": "warehouse.stock", "pk": 68, "fields": {"warehouse": "690edbf8-1898-442b-9920-a75c1725f4e8", "product_variant": 184, "quantity": 516}}, {"model": "warehouse.stock", "pk": 69, "fields": {"warehouse": "30e98c00-3bd7-4c2a-9282-2a48f4fdaf71", "product_variant": 184, "quantity": 516}}, {"model": "warehouse.stock", "pk": 70, "fields": {"warehouse": "37b37161-ba55-4550-9d38-4682dc7bd24e", "product_variant": 184, "quantity": 516}}, {"model": "warehouse.stock", "pk": 71, "fields": {"warehouse": "da409c98-0a60-421d-b6da-68f422852b77", "product_variant": 185, "quantity": 159}}, {"model": "warehouse.stock", "pk": 72, "fields": {"warehouse": "966f49bc-8810-4769-974a-3963d59bde0a", "product_variant": 185, "quantity": 159}}, {"model": "warehouse.stock", "pk": 73, "fields": {"warehouse": "690edbf8-1898-442b-9920-a75c1725f4e8", "product_variant": 185, "quantity": 159}}, {"model": "warehouse.stock", "pk": 74, "fields": {"warehouse": "30e98c00-3bd7-4c2a-9282-2a48f4fdaf71", "product_variant": 185, "quantity": 159}}, {"model": "warehouse.stock", "pk": 75, "fields": {"warehouse": "37b37161-ba55-4550-9d38-4682dc7bd24e", "product_variant": 185, "quantity": 159}}, {"model": "warehouse.stock", "pk": 76, "fields": {"warehouse": "da409c98-0a60-421d-b6da-68f422852b77", "product_variant": 190, "quantity": 1224}}, {"model": "warehouse.stock", "pk": 77, "fields": {"warehouse": "966f49bc-8810-4769-974a-3963d59bde0a", "product_variant": 190, "quantity": 1221}}, {"model": "warehouse.stock", "pk": 78, "fields": {"warehouse": "690edbf8-1898-442b-9920-a75c1725f4e8", "product_variant": 190, "quantity": 1221}}, {"model": "warehouse.stock", "pk": 79, "fields": {"warehouse": "30e98c00-3bd7-4c2a-9282-2a48f4fdaf71", "product_variant": 190, "quantity": 1221}}, {"model": "warehouse.stock", "pk": 80, "fields": {"warehouse": "37b37161-ba55-4550-9d38-4682dc7bd24e", "product_variant": 190, "quantity": 1221}}, {"model": "warehouse.stock", "pk": 81, "fields": {"warehouse": "da409c98-0a60-421d-b6da-68f422852b77", "product_variant": 191, "quantity": 183}}, {"model": "warehouse.stock", "pk": 82, "fields": {"warehouse": "966f49bc-8810-4769-974a-3963d59bde0a", "product_variant": 191, "quantity": 183}}, {"model": "warehouse.stock", "pk": 83, "fields": {"warehouse": "690edbf8-1898-442b-9920-a75c1725f4e8", "product_variant": 191, "quantity": 183}}, {"model": "warehouse.stock", "pk": 84, "fields": {"warehouse": "30e98c00-3bd7-4c2a-9282-2a48f4fdaf71", "product_variant": 191, "quantity": 183}}, {"model": "warehouse.stock", "pk": 85, "fields": {"warehouse": "37b37161-ba55-4550-9d38-4682dc7bd24e", "product_variant": 191, "quantity": 183}}, {"model": "warehouse.stock", "pk": 86, "fields": {"warehouse": "da409c98-0a60-421d-b6da-68f422852b77", "product_variant": 192, "quantity": 221}}, {"model": "warehouse.stock", "pk": 87, "fields": {"warehouse": "966f49bc-8810-4769-974a-3963d59bde0a", "product_variant": 192, "quantity": 221}}, {"model": "warehouse.stock", "pk": 88, "fields": {"warehouse": "690edbf8-1898-442b-9920-a75c1725f4e8", "product_variant": 192, "quantity": 221}}, {"model": "warehouse.stock", "pk": 89, "fields": {"warehouse": "30e98c00-3bd7-4c2a-9282-2a48f4fdaf71", "product_variant": 192, "quantity": 221}}, {"model": "warehouse.stock", "pk": 90, "fields": {"warehouse": "37b37161-ba55-4550-9d38-4682dc7bd24e", "product_variant": 192, "quantity": 221}}, {"model": "warehouse.stock", "pk": 91, "fields": {"warehouse": "da409c98-0a60-421d-b6da-68f422852b77", "product_variant": 193, "quantity": 21244}}, {"model": "warehouse.stock", "pk": 92, "fields": {"warehouse": "966f49bc-8810-4769-974a-3963d59bde0a", "product_variant": 193, "quantity": 21244}}, {"model": "warehouse.stock", "pk": 93, "fields": {"warehouse": "690edbf8-1898-442b-9920-a75c1725f4e8", "product_variant": 193, "quantity": 21244}}, {"model": "warehouse.stock", "pk": 94, "fields": {"warehouse": "30e98c00-3bd7-4c2a-9282-2a48f4fdaf71", "product_variant": 193, "quantity": 21246}}, {"model": "warehouse.stock", "pk": 95, "fields": {"warehouse": "37b37161-ba55-4550-9d38-4682dc7bd24e", "product_variant": 193, "quantity": 21244}}, {"model": "warehouse.stock", "pk": 96, "fields": {"warehouse": "da409c98-0a60-421d-b6da-68f422852b77", "product_variant": 194, "quantity": 12159}}, {"model": "warehouse.stock", "pk": 97, "fields": {"warehouse": "966f49bc-8810-4769-974a-3963d59bde0a", "product_variant": 194, "quantity": 12160}}, {"model": "warehouse.stock", "pk": 98, "fields": {"warehouse": "690edbf8-1898-442b-9920-a75c1725f4e8", "product_variant": 194, "quantity": 12159}}, {"model": "warehouse.stock", "pk": 99, "fields": {"warehouse": "30e98c00-3bd7-4c2a-9282-2a48f4fdaf71", "product_variant": 194, "quantity": 12159}}, {"model": "warehouse.stock", "pk": 100, "fields": {"warehouse": "37b37161-ba55-4550-9d38-4682dc7bd24e", "product_variant": 194, "quantity": 12159}}, {"model": "warehouse.stock", "pk": 101, "fields": {"warehouse": "da409c98-0a60-421d-b6da-68f422852b77", "product_variant": 195, "quantity": 12141}}, {"model": "warehouse.stock", "pk": 102, "fields": {"warehouse": "966f49bc-8810-4769-974a-3963d59bde0a", "product_variant": 195, "quantity": 12141}}, {"model": "warehouse.stock", "pk": 103, "fields": {"warehouse": "690edbf8-1898-442b-9920-a75c1725f4e8", "product_variant": 195, "quantity": 12141}}, {"model": "warehouse.stock", "pk": 104, "fields": {"warehouse": "30e98c00-3bd7-4c2a-9282-2a48f4fdaf71", "product_variant": 195, "quantity": 12141}}, {"model": "warehouse.stock", "pk": 105, "fields": {"warehouse": "37b37161-ba55-4550-9d38-4682dc7bd24e", "product_variant": 195, "quantity": 12141}}, {"model": "warehouse.stock", "pk": 106, "fields": {"warehouse": "da409c98-0a60-421d-b6da-68f422852b77", "product_variant": 196, "quantity": 975534}}, {"model": "warehouse.stock", "pk": 107, "fields": {"warehouse": "966f49bc-8810-4769-974a-3963d59bde0a", "product_variant": 196, "quantity": 975534}}, {"model": "warehouse.stock", "pk": 108, "fields": {"warehouse": "690edbf8-1898-442b-9920-a75c1725f4e8", "product_variant": 196, "quantity": 975534}}, {"model": "warehouse.stock", "pk": 109, "fields": {"warehouse": "30e98c00-3bd7-4c2a-9282-2a48f4fdaf71", "product_variant": 196, "quantity": 975534}}, {"model": "warehouse.stock", "pk": 110, "fields": {"warehouse": "37b37161-ba55-4550-9d38-4682dc7bd24e", "product_variant": 196, "quantity": 975534}}, {"model": "warehouse.stock", "pk": 111, "fields": {"warehouse": "da409c98-0a60-421d-b6da-68f422852b77", "product_variant": 197, "quantity": 9873}}, {"model": "warehouse.stock", "pk": 112, "fields": {"warehouse": "966f49bc-8810-4769-974a-3963d59bde0a", "product_variant": 197, "quantity": 9873}}, {"model": "warehouse.stock", "pk": 113, "fields": {"warehouse": "690edbf8-1898-442b-9920-a75c1725f4e8", "product_variant": 197, "quantity": 9873}}, {"model": "warehouse.stock", "pk": 114, "fields": {"warehouse": "30e98c00-3bd7-4c2a-9282-2a48f4fdaf71", "product_variant": 197, "quantity": 9873}}, {"model": "warehouse.stock", "pk": 115, "fields": {"warehouse": "37b37161-ba55-4550-9d38-4682dc7bd24e", "product_variant": 197, "quantity": 9877}}, {"model": "warehouse.stock", "pk": 116, "fields": {"warehouse": "da409c98-0a60-421d-b6da-68f422852b77", "product_variant": 198, "quantity": 687}}, {"model": "warehouse.stock", "pk": 117, "fields": {"warehouse": "966f49bc-8810-4769-974a-3963d59bde0a", "product_variant": 198, "quantity": 687}}, {"model": "warehouse.stock", "pk": 118, "fields": {"warehouse": "690edbf8-1898-442b-9920-a75c1725f4e8", "product_variant": 198, "quantity": 687}}, {"model": "warehouse.stock", "pk": 119, "fields": {"warehouse": "30e98c00-3bd7-4c2a-9282-2a48f4fdaf71", "product_variant": 198, "quantity": 687}}, {"model": "warehouse.stock", "pk": 120, "fields": {"warehouse": "37b37161-ba55-4550-9d38-4682dc7bd24e", "product_variant": 198, "quantity": 687}}, {"model": "warehouse.stock", "pk": 121, "fields": {"warehouse": "da409c98-0a60-421d-b6da-68f422852b77", "product_variant": 199, "quantity": 573}}, {"model": "warehouse.stock", "pk": 122, "fields": {"warehouse": "966f49bc-8810-4769-974a-3963d59bde0a", "product_variant": 199, "quantity": 573}}, {"model": "warehouse.stock", "pk": 123, "fields": {"warehouse": "690edbf8-1898-442b-9920-a75c1725f4e8", "product_variant": 199, "quantity": 573}}, {"model": "warehouse.stock", "pk": 124, "fields": {"warehouse": "30e98c00-3bd7-4c2a-9282-2a48f4fdaf71", "product_variant": 199, "quantity": 573}}, {"model": "warehouse.stock", "pk": 125, "fields": {"warehouse": "37b37161-ba55-4550-9d38-4682dc7bd24e", "product_variant": 199, "quantity": 573}}, {"model": "warehouse.stock", "pk": 126, "fields": {"warehouse": "da409c98-0a60-421d-b6da-68f422852b77", "product_variant": 200, "quantity": 1021}}, {"model": "warehouse.stock", "pk": 127, "fields": {"warehouse": "966f49bc-8810-4769-974a-3963d59bde0a", "product_variant": 200, "quantity": 1020}}, {"model": "warehouse.stock", "pk": 128, "fields": {"warehouse": "690edbf8-1898-442b-9920-a75c1725f4e8", "product_variant": 200, "quantity": 1020}}, {"model": "warehouse.stock", "pk": 129, "fields": {"warehouse": "30e98c00-3bd7-4c2a-9282-2a48f4fdaf71", "product_variant": 200, "quantity": 1020}}, {"model": "warehouse.stock", "pk": 130, "fields": {"warehouse": "37b37161-ba55-4550-9d38-4682dc7bd24e", "product_variant": 200, "quantity": 1020}}, {"model": "warehouse.stock", "pk": 131, "fields": {"warehouse": "da409c98-0a60-421d-b6da-68f422852b77", "product_variant": 202, "quantity": 1224}}, {"model": "warehouse.stock", "pk": 132, "fields": {"warehouse": "966f49bc-8810-4769-974a-3963d59bde0a", "product_variant": 202, "quantity": 1224}}, {"model": "warehouse.stock", "pk": 133, "fields": {"warehouse": "690edbf8-1898-442b-9920-a75c1725f4e8", "product_variant": 202, "quantity": 1224}}, {"model": "warehouse.stock", "pk": 134, "fields": {"warehouse": "30e98c00-3bd7-4c2a-9282-2a48f4fdaf71", "product_variant": 202, "quantity": 1224}}, {"model": "warehouse.stock", "pk": 135, "fields": {"warehouse": "37b37161-ba55-4550-9d38-4682dc7bd24e", "product_variant": 202, "quantity": 1224}}, {"model": "warehouse.stock", "pk": 136, "fields": {"warehouse": "da409c98-0a60-421d-b6da-68f422852b77", "product_variant": 203, "quantity": 179}}, {"model": "warehouse.stock", "pk": 137, "fields": {"warehouse": "966f49bc-8810-4769-974a-3963d59bde0a", "product_variant": 203, "quantity": 182}}, {"model": "warehouse.stock", "pk": 138, "fields": {"warehouse": "690edbf8-1898-442b-9920-a75c1725f4e8", "product_variant": 203, "quantity": 179}}, {"model": "warehouse.stock", "pk": 139, "fields": {"warehouse": "30e98c00-3bd7-4c2a-9282-2a48f4fdaf71", "product_variant": 203, "quantity": 179}}, {"model": "warehouse.stock", "pk": 140, "fields": {"warehouse": "37b37161-ba55-4550-9d38-4682dc7bd24e", "product_variant": 203, "quantity": 179}}, {"model": "warehouse.stock", "pk": 141, "fields": {"warehouse": "da409c98-0a60-421d-b6da-68f422852b77", "product_variant": 204, "quantity": 228}}, {"model": "warehouse.stock", "pk": 142, "fields": {"warehouse": "966f49bc-8810-4769-974a-3963d59bde0a", "product_variant": 204, "quantity": 227}}, {"model": "warehouse.stock", "pk": 143, "fields": {"warehouse": "690edbf8-1898-442b-9920-a75c1725f4e8", "product_variant": 204, "quantity": 227}}, {"model": "warehouse.stock", "pk": 144, "fields": {"warehouse": "30e98c00-3bd7-4c2a-9282-2a48f4fdaf71", "product_variant": 204, "quantity": 227}}, {"model": "warehouse.stock", "pk": 145, "fields": {"warehouse": "37b37161-ba55-4550-9d38-4682dc7bd24e", "product_variant": 204, "quantity": 227}}, {"model": "warehouse.stock", "pk": 146, "fields": {"warehouse": "da409c98-0a60-421d-b6da-68f422852b77", "product_variant": 205, "quantity": 1220}}, {"model": "warehouse.stock", "pk": 147, "fields": {"warehouse": "966f49bc-8810-4769-974a-3963d59bde0a", "product_variant": 205, "quantity": 1220}}, {"model": "warehouse.stock", "pk": 148, "fields": {"warehouse": "690edbf8-1898-442b-9920-a75c1725f4e8", "product_variant": 205, "quantity": 1220}}, {"model": "warehouse.stock", "pk": 149, "fields": {"warehouse": "30e98c00-3bd7-4c2a-9282-2a48f4fdaf71", "product_variant": 205, "quantity": 1220}}, {"model": "warehouse.stock", "pk": 150, "fields": {"warehouse": "37b37161-ba55-4550-9d38-4682dc7bd24e", "product_variant": 205, "quantity": 1220}}, {"model": "warehouse.stock", "pk": 151, "fields": {"warehouse": "da409c98-0a60-421d-b6da-68f422852b77", "product_variant": 206, "quantity": 185}}, {"model": "warehouse.stock", "pk": 152, "fields": {"warehouse": "966f49bc-8810-4769-974a-3963d59bde0a", "product_variant": 206, "quantity": 185}}, {"model": "warehouse.stock", "pk": 153, "fields": {"warehouse": "690edbf8-1898-442b-9920-a75c1725f4e8", "product_variant": 206, "quantity": 185}}, {"model": "warehouse.stock", "pk": 154, "fields": {"warehouse": "30e98c00-3bd7-4c2a-9282-2a48f4fdaf71", "product_variant": 206, "quantity": 185}}, {"model": "warehouse.stock", "pk": 155, "fields": {"warehouse": "37b37161-ba55-4550-9d38-4682dc7bd24e", "product_variant": 206, "quantity": 185}}, {"model": "warehouse.stock", "pk": 156, "fields": {"warehouse": "da409c98-0a60-421d-b6da-68f422852b77", "product_variant": 207, "quantity": 223}}, {"model": "warehouse.stock", "pk": 157, "fields": {"warehouse": "966f49bc-8810-4769-974a-3963d59bde0a", "product_variant": 207, "quantity": 223}}, {"model": "warehouse.stock", "pk": 158, "fields": {"warehouse": "690edbf8-1898-442b-9920-a75c1725f4e8", "product_variant": 207, "quantity": 223}}, {"model": "warehouse.stock", "pk": 159, "fields": {"warehouse": "30e98c00-3bd7-4c2a-9282-2a48f4fdaf71", "product_variant": 207, "quantity": 223}}, {"model": "warehouse.stock", "pk": 160, "fields": {"warehouse": "37b37161-ba55-4550-9d38-4682dc7bd24e", "product_variant": 207, "quantity": 227}}, {"model": "warehouse.stock", "pk": 161, "fields": {"warehouse": "da409c98-0a60-421d-b6da-68f422852b77", "product_variant": 208, "quantity": 1219}}, {"model": "warehouse.stock", "pk": 162, "fields": {"warehouse": "966f49bc-8810-4769-974a-3963d59bde0a", "product_variant": 208, "quantity": 1219}}, {"model": "warehouse.stock", "pk": 163, "fields": {"warehouse": "690edbf8-1898-442b-9920-a75c1725f4e8", "product_variant": 208, "quantity": 1220}}, {"model": "warehouse.stock", "pk": 164, "fields": {"warehouse": "30e98c00-3bd7-4c2a-9282-2a48f4fdaf71", "product_variant": 208, "quantity": 1219}}, {"model": "warehouse.stock", "pk": 165, "fields": {"warehouse": "37b37161-ba55-4550-9d38-4682dc7bd24e", "product_variant": 208, "quantity": 1219}}, {"model": "warehouse.stock", "pk": 166, "fields": {"warehouse": "da409c98-0a60-421d-b6da-68f422852b77", "product_variant": 209, "quantity": 188}}, {"model": "warehouse.stock", "pk": 167, "fields": {"warehouse": "966f49bc-8810-4769-974a-3963d59bde0a", "product_variant": 209, "quantity": 188}}, {"model": "warehouse.stock", "pk": 168, "fields": {"warehouse": "690edbf8-1898-442b-9920-a75c1725f4e8", "product_variant": 209, "quantity": 188}}, {"model": "warehouse.stock", "pk": 169, "fields": {"warehouse": "30e98c00-3bd7-4c2a-9282-2a48f4fdaf71", "product_variant": 209, "quantity": 188}}, {"model": "warehouse.stock", "pk": 170, "fields": {"warehouse": "37b37161-ba55-4550-9d38-4682dc7bd24e", "product_variant": 209, "quantity": 188}}, {"model": "warehouse.stock", "pk": 171, "fields": {"warehouse": "da409c98-0a60-421d-b6da-68f422852b77", "product_variant": 210, "quantity": 227}}, {"model": "warehouse.stock", "pk": 172, "fields": {"warehouse": "966f49bc-8810-4769-974a-3963d59bde0a", "product_variant": 210, "quantity": 225}}, {"model": "warehouse.stock", "pk": 173, "fields": {"warehouse": "690edbf8-1898-442b-9920-a75c1725f4e8", "product_variant": 210, "quantity": 225}}, {"model": "warehouse.stock", "pk": 174, "fields": {"warehouse": "30e98c00-3bd7-4c2a-9282-2a48f4fdaf71", "product_variant": 210, "quantity": 225}}, {"model": "warehouse.stock", "pk": 175, "fields": {"warehouse": "37b37161-ba55-4550-9d38-4682dc7bd24e", "product_variant": 210, "quantity": 225}}, {"model": "warehouse.stock", "pk": 176, "fields": {"warehouse": "da409c98-0a60-421d-b6da-68f422852b77", "product_variant": 211, "quantity": 1219}}, {"model": "warehouse.stock", "pk": 177, "fields": {"warehouse": "966f49bc-8810-4769-974a-3963d59bde0a", "product_variant": 211, "quantity": 1219}}, {"model": "warehouse.stock", "pk": 178, "fields": {"warehouse": "690edbf8-1898-442b-9920-a75c1725f4e8", "product_variant": 211, "quantity": 1219}}, {"model": "warehouse.stock", "pk": 179, "fields": {"warehouse": "30e98c00-3bd7-4c2a-9282-2a48f4fdaf71", "product_variant": 211, "quantity": 1219}}, {"model": "warehouse.stock", "pk": 180, "fields": {"warehouse": "37b37161-ba55-4550-9d38-4682dc7bd24e", "product_variant": 211, "quantity": 1219}}, {"model": "warehouse.stock", "pk": 181, "fields": {"warehouse": "da409c98-0a60-421d-b6da-68f422852b77", "product_variant": 212, "quantity": 191}}, {"model": "warehouse.stock", "pk": 182, "fields": {"warehouse": "966f49bc-8810-4769-974a-3963d59bde0a", "product_variant": 212, "quantity": 191}}, {"model": "warehouse.stock", "pk": 183, "fields": {"warehouse": "690edbf8-1898-442b-9920-a75c1725f4e8", "product_variant": 212, "quantity": 191}}, {"model": "warehouse.stock", "pk": 184, "fields": {"warehouse": "30e98c00-3bd7-4c2a-9282-2a48f4fdaf71", "product_variant": 212, "quantity": 191}}, {"model": "warehouse.stock", "pk": 185, "fields": {"warehouse": "37b37161-ba55-4550-9d38-4682dc7bd24e", "product_variant": 212, "quantity": 191}}, {"model": "warehouse.stock", "pk": 186, "fields": {"warehouse": "da409c98-0a60-421d-b6da-68f422852b77", "product_variant": 213, "quantity": 225}}, {"model": "warehouse.stock", "pk": 187, "fields": {"warehouse": "966f49bc-8810-4769-974a-3963d59bde0a", "product_variant": 213, "quantity": 225}}, {"model": "warehouse.stock", "pk": 188, "fields": {"warehouse": "690edbf8-1898-442b-9920-a75c1725f4e8", "product_variant": 213, "quantity": 225}}, {"model": "warehouse.stock", "pk": 189, "fields": {"warehouse": "30e98c00-3bd7-4c2a-9282-2a48f4fdaf71", "product_variant": 213, "quantity": 225}}, {"model": "warehouse.stock", "pk": 190, "fields": {"warehouse": "37b37161-ba55-4550-9d38-4682dc7bd24e", "product_variant": 213, "quantity": 225}}, {"model": "warehouse.stock", "pk": 191, "fields": {"warehouse": "da409c98-0a60-421d-b6da-68f422852b77", "product_variant": 214, "quantity": 1214}}, {"model": "warehouse.stock", "pk": 192, "fields": {"warehouse": "966f49bc-8810-4769-974a-3963d59bde0a", "product_variant": 214, "quantity": 1214}}, {"model": "warehouse.stock", "pk": 193, "fields": {"warehouse": "690edbf8-1898-442b-9920-a75c1725f4e8", "product_variant": 214, "quantity": 1214}}, {"model": "warehouse.stock", "pk": 194, "fields": {"warehouse": "30e98c00-3bd7-4c2a-9282-2a48f4fdaf71", "product_variant": 214, "quantity": 1214}}, {"model": "warehouse.stock", "pk": 195, "fields": {"warehouse": "37b37161-ba55-4550-9d38-4682dc7bd24e", "product_variant": 214, "quantity": 1214}}, {"model": "warehouse.stock", "pk": 196, "fields": {"warehouse": "da409c98-0a60-421d-b6da-68f422852b77", "product_variant": 215, "quantity": 182}}, {"model": "warehouse.stock", "pk": 197, "fields": {"warehouse": "966f49bc-8810-4769-974a-3963d59bde0a", "product_variant": 215, "quantity": 182}}, {"model": "warehouse.stock", "pk": 198, "fields": {"warehouse": "690edbf8-1898-442b-9920-a75c1725f4e8", "product_variant": 215, "quantity": 182}}, {"model": "warehouse.stock", "pk": 199, "fields": {"warehouse": "30e98c00-3bd7-4c2a-9282-2a48f4fdaf71", "product_variant": 215, "quantity": 182}}, {"model": "warehouse.stock", "pk": 200, "fields": {"warehouse": "37b37161-ba55-4550-9d38-4682dc7bd24e", "product_variant": 215, "quantity": 186}}, {"model": "warehouse.stock", "pk": 201, "fields": {"warehouse": "da409c98-0a60-421d-b6da-68f422852b77", "product_variant": 216, "quantity": 239}}, {"model": "warehouse.stock", "pk": 202, "fields": {"warehouse": "966f49bc-8810-4769-974a-3963d59bde0a", "product_variant": 216, "quantity": 238}}, {"model": "warehouse.stock", "pk": 203, "fields": {"warehouse": "690edbf8-1898-442b-9920-a75c1725f4e8", "product_variant": 216, "quantity": 238}}, {"model": "warehouse.stock", "pk": 204, "fields": {"warehouse": "30e98c00-3bd7-4c2a-9282-2a48f4fdaf71", "product_variant": 216, "quantity": 238}}, {"model": "warehouse.stock", "pk": 205, "fields": {"warehouse": "37b37161-ba55-4550-9d38-4682dc7bd24e", "product_variant": 216, "quantity": 238}}, {"model": "warehouse.stock", "pk": 206, "fields": {"warehouse": "da409c98-0a60-421d-b6da-68f422852b77", "product_variant": 217, "quantity": 1222}}, {"model": "warehouse.stock", "pk": 207, "fields": {"warehouse": "966f49bc-8810-4769-974a-3963d59bde0a", "product_variant": 217, "quantity": 1222}}, {"model": "warehouse.stock", "pk": 208, "fields": {"warehouse": "690edbf8-1898-442b-9920-a75c1725f4e8", "product_variant": 217, "quantity": 1222}}, {"model": "warehouse.stock", "pk": 209, "fields": {"warehouse": "30e98c00-3bd7-4c2a-9282-2a48f4fdaf71", "product_variant": 217, "quantity": 1222}}, {"model": "warehouse.stock", "pk": 210, "fields": {"warehouse": "37b37161-ba55-4550-9d38-4682dc7bd24e", "product_variant": 217, "quantity": 1222}}, {"model": "warehouse.stock", "pk": 211, "fields": {"warehouse": "da409c98-0a60-421d-b6da-68f422852b77", "product_variant": 218, "quantity": 178}}, {"model": "warehouse.stock", "pk": 212, "fields": {"warehouse": "966f49bc-8810-4769-974a-3963d59bde0a", "product_variant": 218, "quantity": 178}}, {"model": "warehouse.stock", "pk": 213, "fields": {"warehouse": "690edbf8-1898-442b-9920-a75c1725f4e8", "product_variant": 218, "quantity": 178}}, {"model": "warehouse.stock", "pk": 214, "fields": {"warehouse": "30e98c00-3bd7-4c2a-9282-2a48f4fdaf71", "product_variant": 218, "quantity": 178}}, {"model": "warehouse.stock", "pk": 215, "fields": {"warehouse": "37b37161-ba55-4550-9d38-4682dc7bd24e", "product_variant": 218, "quantity": 178}}, {"model": "warehouse.stock", "pk": 216, "fields": {"warehouse": "da409c98-0a60-421d-b6da-68f422852b77", "product_variant": 219, "quantity": 224}}, {"model": "warehouse.stock", "pk": 217, "fields": {"warehouse": "966f49bc-8810-4769-974a-3963d59bde0a", "product_variant": 219, "quantity": 224}}, {"model": "warehouse.stock", "pk": 218, "fields": {"warehouse": "690edbf8-1898-442b-9920-a75c1725f4e8", "product_variant": 219, "quantity": 224}}, {"model": "warehouse.stock", "pk": 219, "fields": {"warehouse": "30e98c00-3bd7-4c2a-9282-2a48f4fdaf71", "product_variant": 219, "quantity": 224}}, {"model": "warehouse.stock", "pk": 220, "fields": {"warehouse": "37b37161-ba55-4550-9d38-4682dc7bd24e", "product_variant": 219, "quantity": 224}}, {"model": "warehouse.stock", "pk": 221, "fields": {"warehouse": "da409c98-0a60-421d-b6da-68f422852b77", "product_variant": 220, "quantity": 1218}}, {"model": "warehouse.stock", "pk": 222, "fields": {"warehouse": "966f49bc-8810-4769-974a-3963d59bde0a", "product_variant": 220, "quantity": 1218}}, {"model": "warehouse.stock", "pk": 223, "fields": {"warehouse": "690edbf8-1898-442b-9920-a75c1725f4e8", "product_variant": 220, "quantity": 1218}}, {"model": "warehouse.stock", "pk": 224, "fields": {"warehouse": "30e98c00-3bd7-4c2a-9282-2a48f4fdaf71", "product_variant": 220, "quantity": 1218}}, {"model": "warehouse.stock", "pk": 225, "fields": {"warehouse": "37b37161-ba55-4550-9d38-4682dc7bd24e", "product_variant": 220, "quantity": 1218}}, {"model": "warehouse.stock", "pk": 226, "fields": {"warehouse": "da409c98-0a60-421d-b6da-68f422852b77", "product_variant": 221, "quantity": 181}}, {"model": "warehouse.stock", "pk": 227, "fields": {"warehouse": "966f49bc-8810-4769-974a-3963d59bde0a", "product_variant": 221, "quantity": 181}}, {"model": "warehouse.stock", "pk": 228, "fields": {"warehouse": "690edbf8-1898-442b-9920-a75c1725f4e8", "product_variant": 221, "quantity": 181}}, {"model": "warehouse.stock", "pk": 229, "fields": {"warehouse": "30e98c00-3bd7-4c2a-9282-2a48f4fdaf71", "product_variant": 221, "quantity": 181}}, {"model": "warehouse.stock", "pk": 230, "fields": {"warehouse": "37b37161-ba55-4550-9d38-4682dc7bd24e", "product_variant": 221, "quantity": 181}}, {"model": "warehouse.stock", "pk": 231, "fields": {"warehouse": "da409c98-0a60-421d-b6da-68f422852b77", "product_variant": 222, "quantity": 238}}, {"model": "warehouse.stock", "pk": 232, "fields": {"warehouse": "966f49bc-8810-4769-974a-3963d59bde0a", "product_variant": 222, "quantity": 238}}, {"model": "warehouse.stock", "pk": 233, "fields": {"warehouse": "690edbf8-1898-442b-9920-a75c1725f4e8", "product_variant": 222, "quantity": 238}}, {"model": "warehouse.stock", "pk": 234, "fields": {"warehouse": "30e98c00-3bd7-4c2a-9282-2a48f4fdaf71", "product_variant": 222, "quantity": 238}}, {"model": "warehouse.stock", "pk": 235, "fields": {"warehouse": "37b37161-ba55-4550-9d38-4682dc7bd24e", "product_variant": 222, "quantity": 238}}, {"model": "warehouse.stock", "pk": 236, "fields": {"warehouse": "da409c98-0a60-421d-b6da-68f422852b77", "product_variant": 223, "quantity": 1221}}, {"model": "warehouse.stock", "pk": 237, "fields": {"warehouse": "966f49bc-8810-4769-974a-3963d59bde0a", "product_variant": 223, "quantity": 1221}}, {"model": "warehouse.stock", "pk": 238, "fields": {"warehouse": "690edbf8-1898-442b-9920-a75c1725f4e8", "product_variant": 223, "quantity": 1221}}, {"model": "warehouse.stock", "pk": 239, "fields": {"warehouse": "30e98c00-3bd7-4c2a-9282-2a48f4fdaf71", "product_variant": 223, "quantity": 1221}}, {"model": "warehouse.stock", "pk": 240, "fields": {"warehouse": "37b37161-ba55-4550-9d38-4682dc7bd24e", "product_variant": 223, "quantity": 1221}}, {"model": "warehouse.stock", "pk": 241, "fields": {"warehouse": "da409c98-0a60-421d-b6da-68f422852b77", "product_variant": 224, "quantity": 181}}, {"model": "warehouse.stock", "pk": 242, "fields": {"warehouse": "966f49bc-8810-4769-974a-3963d59bde0a", "product_variant": 224, "quantity": 181}}, {"model": "warehouse.stock", "pk": 243, "fields": {"warehouse": "690edbf8-1898-442b-9920-a75c1725f4e8", "product_variant": 224, "quantity": 181}}, {"model": "warehouse.stock", "pk": 244, "fields": {"warehouse": "30e98c00-3bd7-4c2a-9282-2a48f4fdaf71", "product_variant": 224, "quantity": 181}}, {"model": "warehouse.stock", "pk": 245, "fields": {"warehouse": "37b37161-ba55-4550-9d38-4682dc7bd24e", "product_variant": 224, "quantity": 181}}, {"model": "warehouse.stock", "pk": 246, "fields": {"warehouse": "da409c98-0a60-421d-b6da-68f422852b77", "product_variant": 225, "quantity": 237}}, {"model": "warehouse.stock", "pk": 247, "fields": {"warehouse": "966f49bc-8810-4769-974a-3963d59bde0a", "product_variant": 225, "quantity": 237}}, {"model": "warehouse.stock", "pk": 248, "fields": {"warehouse": "690edbf8-1898-442b-9920-a75c1725f4e8", "product_variant": 225, "quantity": 237}}, {"model": "warehouse.stock", "pk": 249, "fields": {"warehouse": "30e98c00-3bd7-4c2a-9282-2a48f4fdaf71", "product_variant": 225, "quantity": 237}}, {"model": "warehouse.stock", "pk": 250, "fields": {"warehouse": "37b37161-ba55-4550-9d38-4682dc7bd24e", "product_variant": 225, "quantity": 237}}, {"model": "warehouse.stock", "pk": 251, "fields": {"warehouse": "da409c98-0a60-421d-b6da-68f422852b77", "product_variant": 242, "quantity": 9126}}, {"model": "warehouse.stock", "pk": 252, "fields": {"warehouse": "966f49bc-8810-4769-974a-3963d59bde0a", "product_variant": 242, "quantity": 9125}}, {"model": "warehouse.stock", "pk": 253, "fields": {"warehouse": "690edbf8-1898-442b-9920-a75c1725f4e8", "product_variant": 242, "quantity": 9125}}, {"model": "warehouse.stock", "pk": 254, "fields": {"warehouse": "30e98c00-3bd7-4c2a-9282-2a48f4fdaf71", "product_variant": 242, "quantity": 9125}}, {"model": "warehouse.stock", "pk": 255, "fields": {"warehouse": "37b37161-ba55-4550-9d38-4682dc7bd24e", "product_variant": 242, "quantity": 9125}}, {"model": "warehouse.stock", "pk": 256, "fields": {"warehouse": "da409c98-0a60-421d-b6da-68f422852b77", "product_variant": 243, "quantity": 1}}, {"model": "warehouse.stock", "pk": 257, "fields": {"warehouse": "966f49bc-8810-4769-974a-3963d59bde0a", "product_variant": 243, "quantity": 1}}, {"model": "warehouse.stock", "pk": 258, "fields": {"warehouse": "690edbf8-1898-442b-9920-a75c1725f4e8", "product_variant": 243, "quantity": 1}}, {"model": "warehouse.stock", "pk": 259, "fields": {"warehouse": "30e98c00-3bd7-4c2a-9282-2a48f4fdaf71", "product_variant": 243, "quantity": 1}}, {"model": "warehouse.stock", "pk": 260, "fields": {"warehouse": "37b37161-ba55-4550-9d38-4682dc7bd24e", "product_variant": 243, "quantity": 1}}, {"model": "warehouse.stock", "pk": 261, "fields": {"warehouse": "da409c98-0a60-421d-b6da-68f422852b77", "product_variant": 244, "quantity": 2}}, {"model": "warehouse.stock", "pk": 262, "fields": {"warehouse": "966f49bc-8810-4769-974a-3963d59bde0a", "product_variant": 244, "quantity": 2}}, {"model": "warehouse.stock", "pk": 263, "fields": {"warehouse": "690edbf8-1898-442b-9920-a75c1725f4e8", "product_variant": 244, "quantity": 2}}, {"model": "warehouse.stock", "pk": 264, "fields": {"warehouse": "30e98c00-3bd7-4c2a-9282-2a48f4fdaf71", "product_variant": 244, "quantity": 2}}, {"model": "warehouse.stock", "pk": 265, "fields": {"warehouse": "37b37161-ba55-4550-9d38-4682dc7bd24e", "product_variant": 244, "quantity": 2}}, {"model": "warehouse.stock", "pk": 266, "fields": {"warehouse": "da409c98-0a60-421d-b6da-68f422852b77", "product_variant": 245, "quantity": 133}}, {"model": "warehouse.stock", "pk": 267, "fields": {"warehouse": "966f49bc-8810-4769-974a-3963d59bde0a", "product_variant": 245, "quantity": 133}}, {"model": "warehouse.stock", "pk": 268, "fields": {"warehouse": "690edbf8-1898-442b-9920-a75c1725f4e8", "product_variant": 245, "quantity": 133}}, {"model": "warehouse.stock", "pk": 269, "fields": {"warehouse": "30e98c00-3bd7-4c2a-9282-2a48f4fdaf71", "product_variant": 245, "quantity": 133}}, {"model": "warehouse.stock", "pk": 270, "fields": {"warehouse": "37b37161-ba55-4550-9d38-4682dc7bd24e", "product_variant": 245, "quantity": 133}}, {"model": "warehouse.stock", "pk": 271, "fields": {"warehouse": "da409c98-0a60-421d-b6da-68f422852b77", "product_variant": 246, "quantity": 884}}, {"model": "warehouse.stock", "pk": 272, "fields": {"warehouse": "966f49bc-8810-4769-974a-3963d59bde0a", "product_variant": 246, "quantity": 884}}, {"model": "warehouse.stock", "pk": 273, "fields": {"warehouse": "690edbf8-1898-442b-9920-a75c1725f4e8", "product_variant": 246, "quantity": 884}}, {"model": "warehouse.stock", "pk": 274, "fields": {"warehouse": "30e98c00-3bd7-4c2a-9282-2a48f4fdaf71", "product_variant": 246, "quantity": 884}}, {"model": "warehouse.stock", "pk": 275, "fields": {"warehouse": "37b37161-ba55-4550-9d38-4682dc7bd24e", "product_variant": 246, "quantity": 887}}, {"model": "warehouse.stock", "pk": 276, "fields": {"warehouse": "da409c98-0a60-421d-b6da-68f422852b77", "product_variant": 247, "quantity": 7625}}, {"model": "warehouse.stock", "pk": 277, "fields": {"warehouse": "966f49bc-8810-4769-974a-3963d59bde0a", "product_variant": 247, "quantity": 7627}}, {"model": "warehouse.stock", "pk": 278, "fields": {"warehouse": "690edbf8-1898-442b-9920-a75c1725f4e8", "product_variant": 247, "quantity": 7625}}, {"model": "warehouse.stock", "pk": 279, "fields": {"warehouse": "30e98c00-3bd7-4c2a-9282-2a48f4fdaf71", "product_variant": 247, "quantity": 7629}}, {"model": "warehouse.stock", "pk": 280, "fields": {"warehouse": "37b37161-ba55-4550-9d38-4682dc7bd24e", "product_variant": 247, "quantity": 7625}}, {"model": "warehouse.stock", "pk": 281, "fields": {"warehouse": "da409c98-0a60-421d-b6da-68f422852b77", "product_variant": 248, "quantity": 980}}, {"model": "warehouse.stock", "pk": 282, "fields": {"warehouse": "966f49bc-8810-4769-974a-3963d59bde0a", "product_variant": 248, "quantity": 980}}, {"model": "warehouse.stock", "pk": 283, "fields": {"warehouse": "690edbf8-1898-442b-9920-a75c1725f4e8", "product_variant": 248, "quantity": 980}}, {"model": "warehouse.stock", "pk": 284, "fields": {"warehouse": "30e98c00-3bd7-4c2a-9282-2a48f4fdaf71", "product_variant": 248, "quantity": 980}}, {"model": "warehouse.stock", "pk": 285, "fields": {"warehouse": "37b37161-ba55-4550-9d38-4682dc7bd24e", "product_variant": 248, "quantity": 982}}, {"model": "warehouse.stock", "pk": 286, "fields": {"warehouse": "da409c98-0a60-421d-b6da-68f422852b77", "product_variant": 249, "quantity": 0}}, {"model": "warehouse.stock", "pk": 287, "fields": {"warehouse": "966f49bc-8810-4769-974a-3963d59bde0a", "product_variant": 249, "quantity": 0}}, {"model": "warehouse.stock", "pk": 288, "fields": {"warehouse": "690edbf8-1898-442b-9920-a75c1725f4e8", "product_variant": 249, "quantity": 0}}, {"model": "warehouse.stock", "pk": 289, "fields": {"warehouse": "30e98c00-3bd7-4c2a-9282-2a48f4fdaf71", "product_variant": 249, "quantity": 0}}, {"model": "warehouse.stock", "pk": 290, "fields": {"warehouse": "37b37161-ba55-4550-9d38-4682dc7bd24e", "product_variant": 249, "quantity": 0}}, {"model": "warehouse.stock", "pk": 291, "fields": {"warehouse": "da409c98-0a60-421d-b6da-68f422852b77", "product_variant": 250, "quantity": 27}}, {"model": "warehouse.stock", "pk": 292, "fields": {"warehouse": "966f49bc-8810-4769-974a-3963d59bde0a", "product_variant": 250, "quantity": 27}}, {"model": "warehouse.stock", "pk": 293, "fields": {"warehouse": "690edbf8-1898-442b-9920-a75c1725f4e8", "product_variant": 250, "quantity": 27}}, {"model": "warehouse.stock", "pk": 294, "fields": {"warehouse": "30e98c00-3bd7-4c2a-9282-2a48f4fdaf71", "product_variant": 250, "quantity": 27}}, {"model": "warehouse.stock", "pk": 295, "fields": {"warehouse": "37b37161-ba55-4550-9d38-4682dc7bd24e", "product_variant": 250, "quantity": 27}}, {"model": "warehouse.stock", "pk": 296, "fields": {"warehouse": "da409c98-0a60-421d-b6da-68f422852b77", "product_variant": 251, "quantity": 1221}}, {"model": "warehouse.stock", "pk": 297, "fields": {"warehouse": "966f49bc-8810-4769-974a-3963d59bde0a", "product_variant": 251, "quantity": 1217}}, {"model": "warehouse.stock", "pk": 298, "fields": {"warehouse": "690edbf8-1898-442b-9920-a75c1725f4e8", "product_variant": 251, "quantity": 1217}}, {"model": "warehouse.stock", "pk": 299, "fields": {"warehouse": "30e98c00-3bd7-4c2a-9282-2a48f4fdaf71", "product_variant": 251, "quantity": 1217}}, {"model": "warehouse.stock", "pk": 300, "fields": {"warehouse": "37b37161-ba55-4550-9d38-4682dc7bd24e", "product_variant": 251, "quantity": 1217}}, {"model": "warehouse.stock", "pk": 301, "fields": {"warehouse": "da409c98-0a60-421d-b6da-68f422852b77", "product_variant": 252, "quantity": 11}}, {"model": "warehouse.stock", "pk": 302, "fields": {"warehouse": "966f49bc-8810-4769-974a-3963d59bde0a", "product_variant": 252, "quantity": 11}}, {"model": "warehouse.stock", "pk": 303, "fields": {"warehouse": "690edbf8-1898-442b-9920-a75c1725f4e8", "product_variant": 252, "quantity": 11}}, {"model": "warehouse.stock", "pk": 304, "fields": {"warehouse": "30e98c00-3bd7-4c2a-9282-2a48f4fdaf71", "product_variant": 252, "quantity": 11}}, {"model": "warehouse.stock", "pk": 305, "fields": {"warehouse": "37b37161-ba55-4550-9d38-4682dc7bd24e", "product_variant": 252, "quantity": 11}}, {"model": "warehouse.stock", "pk": 306, "fields": {"warehouse": "da409c98-0a60-421d-b6da-68f422852b77", "product_variant": 253, "quantity": 9819}}, {"model": "warehouse.stock", "pk": 307, "fields": {"warehouse": "966f49bc-8810-4769-974a-3963d59bde0a", "product_variant": 253, "quantity": 9819}}, {"model": "warehouse.stock", "pk": 308, "fields": {"warehouse": "690edbf8-1898-442b-9920-a75c1725f4e8", "product_variant": 253, "quantity": 9819}}, {"model": "warehouse.stock", "pk": 309, "fields": {"warehouse": "30e98c00-3bd7-4c2a-9282-2a48f4fdaf71", "product_variant": 253, "quantity": 9819}}, {"model": "warehouse.stock", "pk": 310, "fields": {"warehouse": "37b37161-ba55-4550-9d38-4682dc7bd24e", "product_variant": 253, "quantity": 9819}}, {"model": "warehouse.stock", "pk": 311, "fields": {"warehouse": "da409c98-0a60-421d-b6da-68f422852b77", "product_variant": 254, "quantity": 2}}, {"model": "warehouse.stock", "pk": 312, "fields": {"warehouse": "966f49bc-8810-4769-974a-3963d59bde0a", "product_variant": 254, "quantity": 2}}, {"model": "warehouse.stock", "pk": 313, "fields": {"warehouse": "690edbf8-1898-442b-9920-a75c1725f4e8", "product_variant": 254, "quantity": 2}}, {"model": "warehouse.stock", "pk": 314, "fields": {"warehouse": "30e98c00-3bd7-4c2a-9282-2a48f4fdaf71", "product_variant": 254, "quantity": 2}}, {"model": "warehouse.stock", "pk": 315, "fields": {"warehouse": "37b37161-ba55-4550-9d38-4682dc7bd24e", "product_variant": 254, "quantity": 2}}, {"model": "warehouse.stock", "pk": 316, "fields": {"warehouse": "da409c98-0a60-421d-b6da-68f422852b77", "product_variant": 255, "quantity": 5806}}, {"model": "warehouse.stock", "pk": 317, "fields": {"warehouse": "966f49bc-8810-4769-974a-3963d59bde0a", "product_variant": 255, "quantity": 5804}}, {"model": "warehouse.stock", "pk": 318, "fields": {"warehouse": "690edbf8-1898-442b-9920-a75c1725f4e8", "product_variant": 255, "quantity": 5806}}, {"model": "warehouse.stock", "pk": 319, "fields": {"warehouse": "30e98c00-3bd7-4c2a-9282-2a48f4fdaf71", "product_variant": 255, "quantity": 5804}}, {"model": "warehouse.stock", "pk": 320, "fields": {"warehouse": "37b37161-ba55-4550-9d38-4682dc7bd24e", "product_variant": 255, "quantity": 5804}}, {"model": "warehouse.stock", "pk": 321, "fields": {"warehouse": "da409c98-0a60-421d-b6da-68f422852b77", "product_variant": 256, "quantity": 1227}}, {"model": "warehouse.stock", "pk": 322, "fields": {"warehouse": "966f49bc-8810-4769-974a-3963d59bde0a", "product_variant": 256, "quantity": 1227}}, {"model": "warehouse.stock", "pk": 323, "fields": {"warehouse": "690edbf8-1898-442b-9920-a75c1725f4e8", "product_variant": 256, "quantity": 1227}}, {"model": "warehouse.stock", "pk": 324, "fields": {"warehouse": "30e98c00-3bd7-4c2a-9282-2a48f4fdaf71", "product_variant": 256, "quantity": 1227}}, {"model": "warehouse.stock", "pk": 325, "fields": {"warehouse": "37b37161-ba55-4550-9d38-4682dc7bd24e", "product_variant": 256, "quantity": 1227}}, {"model": "warehouse.stock", "pk": 326, "fields": {"warehouse": "da409c98-0a60-421d-b6da-68f422852b77", "product_variant": 257, "quantity": 14}}, {"model": "warehouse.stock", "pk": 327, "fields": {"warehouse": "966f49bc-8810-4769-974a-3963d59bde0a", "product_variant": 257, "quantity": 14}}, {"model": "warehouse.stock", "pk": 328, "fields": {"warehouse": "690edbf8-1898-442b-9920-a75c1725f4e8", "product_variant": 257, "quantity": 14}}, {"model": "warehouse.stock", "pk": 329, "fields": {"warehouse": "30e98c00-3bd7-4c2a-9282-2a48f4fdaf71", "product_variant": 257, "quantity": 14}}, {"model": "warehouse.stock", "pk": 330, "fields": {"warehouse": "37b37161-ba55-4550-9d38-4682dc7bd24e", "product_variant": 257, "quantity": 14}}, {"model": "warehouse.stock", "pk": 331, "fields": {"warehouse": "da409c98-0a60-421d-b6da-68f422852b77", "product_variant": 258, "quantity": 9822}}, {"model": "warehouse.stock", "pk": 332, "fields": {"warehouse": "966f49bc-8810-4769-974a-3963d59bde0a", "product_variant": 258, "quantity": 9825}}, {"model": "warehouse.stock", "pk": 333, "fields": {"warehouse": "690edbf8-1898-442b-9920-a75c1725f4e8", "product_variant": 258, "quantity": 9822}}, {"model": "warehouse.stock", "pk": 334, "fields": {"warehouse": "30e98c00-3bd7-4c2a-9282-2a48f4fdaf71", "product_variant": 258, "quantity": 9822}}, {"model": "warehouse.stock", "pk": 335, "fields": {"warehouse": "37b37161-ba55-4550-9d38-4682dc7bd24e", "product_variant": 258, "quantity": 9822}}, {"model": "warehouse.stock", "pk": 336, "fields": {"warehouse": "da409c98-0a60-421d-b6da-68f422852b77", "product_variant": 259, "quantity": 5}}, {"model": "warehouse.stock", "pk": 337, "fields": {"warehouse": "966f49bc-8810-4769-974a-3963d59bde0a", "product_variant": 259, "quantity": 5}}, {"model": "warehouse.stock", "pk": 338, "fields": {"warehouse": "690edbf8-1898-442b-9920-a75c1725f4e8", "product_variant": 259, "quantity": 5}}, {"model": "warehouse.stock", "pk": 339, "fields": {"warehouse": "30e98c00-3bd7-4c2a-9282-2a48f4fdaf71", "product_variant": 259, "quantity": 5}}, {"model": "warehouse.stock", "pk": 340, "fields": {"warehouse": "37b37161-ba55-4550-9d38-4682dc7bd24e", "product_variant": 259, "quantity": 5}}, {"model": "warehouse.stock", "pk": 341, "fields": {"warehouse": "da409c98-0a60-421d-b6da-68f422852b77", "product_variant": 260, "quantity": 5823}}, {"model": "warehouse.stock", "pk": 342, "fields": {"warehouse": "966f49bc-8810-4769-974a-3963d59bde0a", "product_variant": 260, "quantity": 5823}}, {"model": "warehouse.stock", "pk": 343, "fields": {"warehouse": "690edbf8-1898-442b-9920-a75c1725f4e8", "product_variant": 260, "quantity": 5823}}, {"model": "warehouse.stock", "pk": 344, "fields": {"warehouse": "30e98c00-3bd7-4c2a-9282-2a48f4fdaf71", "product_variant": 260, "quantity": 5823}}, {"model": "warehouse.stock", "pk": 345, "fields": {"warehouse": "37b37161-ba55-4550-9d38-4682dc7bd24e", "product_variant": 260, "quantity": 5823}}, {"model": "warehouse.stock", "pk": 346, "fields": {"warehouse": "da409c98-0a60-421d-b6da-68f422852b77", "product_variant": 261, "quantity": 1217}}, {"model": "warehouse.stock", "pk": 347, "fields": {"warehouse": "966f49bc-8810-4769-974a-3963d59bde0a", "product_variant": 261, "quantity": 1217}}, {"model": "warehouse.stock", "pk": 348, "fields": {"warehouse": "690edbf8-1898-442b-9920-a75c1725f4e8", "product_variant": 261, "quantity": 1217}}, {"model": "warehouse.stock", "pk": 349, "fields": {"warehouse": "30e98c00-3bd7-4c2a-9282-2a48f4fdaf71", "product_variant": 261, "quantity": 1217}}, {"model": "warehouse.stock", "pk": 350, "fields": {"warehouse": "37b37161-ba55-4550-9d38-4682dc7bd24e", "product_variant": 261, "quantity": 1217}}, {"model": "warehouse.stock", "pk": 351, "fields": {"warehouse": "da409c98-0a60-421d-b6da-68f422852b77", "product_variant": 262, "quantity": 9}}, {"model": "warehouse.stock", "pk": 352, "fields": {"warehouse": "966f49bc-8810-4769-974a-3963d59bde0a", "product_variant": 262, "quantity": 9}}, {"model": "warehouse.stock", "pk": 353, "fields": {"warehouse": "690edbf8-1898-442b-9920-a75c1725f4e8", "product_variant": 262, "quantity": 9}}, {"model": "warehouse.stock", "pk": 354, "fields": {"warehouse": "30e98c00-3bd7-4c2a-9282-2a48f4fdaf71", "product_variant": 262, "quantity": 9}}, {"model": "warehouse.stock", "pk": 355, "fields": {"warehouse": "37b37161-ba55-4550-9d38-4682dc7bd24e", "product_variant": 262, "quantity": 9}}, {"model": "warehouse.stock", "pk": 356, "fields": {"warehouse": "da409c98-0a60-421d-b6da-68f422852b77", "product_variant": 263, "quantity": 9818}}, {"model": "warehouse.stock", "pk": 357, "fields": {"warehouse": "966f49bc-8810-4769-974a-3963d59bde0a", "product_variant": 263, "quantity": 9818}}, {"model": "warehouse.stock", "pk": 358, "fields": {"warehouse": "690edbf8-1898-442b-9920-a75c1725f4e8", "product_variant": 263, "quantity": 9818}}, {"model": "warehouse.stock", "pk": 359, "fields": {"warehouse": "30e98c00-3bd7-4c2a-9282-2a48f4fdaf71", "product_variant": 263, "quantity": 9818}}, {"model": "warehouse.stock", "pk": 360, "fields": {"warehouse": "37b37161-ba55-4550-9d38-4682dc7bd24e", "product_variant": 263, "quantity": 9818}}, {"model": "warehouse.stock", "pk": 361, "fields": {"warehouse": "da409c98-0a60-421d-b6da-68f422852b77", "product_variant": 264, "quantity": 3}}, {"model": "warehouse.stock", "pk": 362, "fields": {"warehouse": "966f49bc-8810-4769-974a-3963d59bde0a", "product_variant": 264, "quantity": 3}}, {"model": "warehouse.stock", "pk": 363, "fields": {"warehouse": "690edbf8-1898-442b-9920-a75c1725f4e8", "product_variant": 264, "quantity": 3}}, {"model": "warehouse.stock", "pk": 364, "fields": {"warehouse": "30e98c00-3bd7-4c2a-9282-2a48f4fdaf71", "product_variant": 264, "quantity": 7}}, {"model": "warehouse.stock", "pk": 365, "fields": {"warehouse": "37b37161-ba55-4550-9d38-4682dc7bd24e", "product_variant": 264, "quantity": 3}}, {"model": "warehouse.stock", "pk": 366, "fields": {"warehouse": "da409c98-0a60-421d-b6da-68f422852b77", "product_variant": 265, "quantity": 5820}}, {"model": "warehouse.stock", "pk": 367, "fields": {"warehouse": "966f49bc-8810-4769-974a-3963d59bde0a", "product_variant": 265, "quantity": 5820}}, {"model": "warehouse.stock", "pk": 368, "fields": {"warehouse": "690edbf8-1898-442b-9920-a75c1725f4e8", "product_variant": 265, "quantity": 5820}}, {"model": "warehouse.stock", "pk": 369, "fields": {"warehouse": "30e98c00-3bd7-4c2a-9282-2a48f4fdaf71", "product_variant": 265, "quantity": 5820}}, {"model": "warehouse.stock", "pk": 370, "fields": {"warehouse": "37b37161-ba55-4550-9d38-4682dc7bd24e", "product_variant": 265, "quantity": 5820}}, {"model": "warehouse.stock", "pk": 371, "fields": {"warehouse": "da409c98-0a60-421d-b6da-68f422852b77", "product_variant": 266, "quantity": 1220}}, {"model": "warehouse.stock", "pk": 372, "fields": {"warehouse": "966f49bc-8810-4769-974a-3963d59bde0a", "product_variant": 266, "quantity": 1220}}, {"model": "warehouse.stock", "pk": 373, "fields": {"warehouse": "690edbf8-1898-442b-9920-a75c1725f4e8", "product_variant": 266, "quantity": 1220}}, {"model": "warehouse.stock", "pk": 374, "fields": {"warehouse": "30e98c00-3bd7-4c2a-9282-2a48f4fdaf71", "product_variant": 266, "quantity": 1220}}, {"model": "warehouse.stock", "pk": 375, "fields": {"warehouse": "37b37161-ba55-4550-9d38-4682dc7bd24e", "product_variant": 266, "quantity": 1220}}, {"model": "warehouse.stock", "pk": 376, "fields": {"warehouse": "da409c98-0a60-421d-b6da-68f422852b77", "product_variant": 267, "quantity": 2}}, {"model": "warehouse.stock", "pk": 377, "fields": {"warehouse": "966f49bc-8810-4769-974a-3963d59bde0a", "product_variant": 267, "quantity": 2}}, {"model": "warehouse.stock", "pk": 378, "fields": {"warehouse": "690edbf8-1898-442b-9920-a75c1725f4e8", "product_variant": 267, "quantity": 2}}, {"model": "warehouse.stock", "pk": 379, "fields": {"warehouse": "30e98c00-3bd7-4c2a-9282-2a48f4fdaf71", "product_variant": 267, "quantity": 2}}, {"model": "warehouse.stock", "pk": 380, "fields": {"warehouse": "37b37161-ba55-4550-9d38-4682dc7bd24e", "product_variant": 267, "quantity": 2}}, {"model": "warehouse.stock", "pk": 381, "fields": {"warehouse": "da409c98-0a60-421d-b6da-68f422852b77", "product_variant": 268, "quantity": 9823}}, {"model": "warehouse.stock", "pk": 382, "fields": {"warehouse": "966f49bc-8810-4769-974a-3963d59bde0a", "product_variant": 268, "quantity": 9823}}, {"model": "warehouse.stock", "pk": 383, "fields": {"warehouse": "690edbf8-1898-442b-9920-a75c1725f4e8", "product_variant": 268, "quantity": 9823}}, {"model": "warehouse.stock", "pk": 384, "fields": {"warehouse": "30e98c00-3bd7-4c2a-9282-2a48f4fdaf71", "product_variant": 268, "quantity": 9823}}, {"model": "warehouse.stock", "pk": 385, "fields": {"warehouse": "37b37161-ba55-4550-9d38-4682dc7bd24e", "product_variant": 268, "quantity": 9823}}, {"model": "warehouse.stock", "pk": 386, "fields": {"warehouse": "da409c98-0a60-421d-b6da-68f422852b77", "product_variant": 269, "quantity": 7}}, {"model": "warehouse.stock", "pk": 387, "fields": {"warehouse": "966f49bc-8810-4769-974a-3963d59bde0a", "product_variant": 269, "quantity": 7}}, {"model": "warehouse.stock", "pk": 388, "fields": {"warehouse": "690edbf8-1898-442b-9920-a75c1725f4e8", "product_variant": 269, "quantity": 7}}, {"model": "warehouse.stock", "pk": 389, "fields": {"warehouse": "30e98c00-3bd7-4c2a-9282-2a48f4fdaf71", "product_variant": 269, "quantity": 7}}, {"model": "warehouse.stock", "pk": 390, "fields": {"warehouse": "37b37161-ba55-4550-9d38-4682dc7bd24e", "product_variant": 269, "quantity": 7}}, {"model": "warehouse.stock", "pk": 391, "fields": {"warehouse": "da409c98-0a60-421d-b6da-68f422852b77", "product_variant": 270, "quantity": 5821}}, {"model": "warehouse.stock", "pk": 392, "fields": {"warehouse": "966f49bc-8810-4769-974a-3963d59bde0a", "product_variant": 270, "quantity": 5821}}, {"model": "warehouse.stock", "pk": 393, "fields": {"warehouse": "690edbf8-1898-442b-9920-a75c1725f4e8", "product_variant": 270, "quantity": 5821}}, {"model": "warehouse.stock", "pk": 394, "fields": {"warehouse": "30e98c00-3bd7-4c2a-9282-2a48f4fdaf71", "product_variant": 270, "quantity": 5825}}, {"model": "warehouse.stock", "pk": 395, "fields": {"warehouse": "37b37161-ba55-4550-9d38-4682dc7bd24e", "product_variant": 270, "quantity": 5821}}, {"model": "warehouse.stock", "pk": 396, "fields": {"warehouse": "da409c98-0a60-421d-b6da-68f422852b77", "product_variant": 271, "quantity": 1223}}, {"model": "warehouse.stock", "pk": 397, "fields": {"warehouse": "966f49bc-8810-4769-974a-3963d59bde0a", "product_variant": 271, "quantity": 1223}}, {"model": "warehouse.stock", "pk": 398, "fields": {"warehouse": "690edbf8-1898-442b-9920-a75c1725f4e8", "product_variant": 271, "quantity": 1223}}, {"model": "warehouse.stock", "pk": 399, "fields": {"warehouse": "30e98c00-3bd7-4c2a-9282-2a48f4fdaf71", "product_variant": 271, "quantity": 1223}}, {"model": "warehouse.stock", "pk": 400, "fields": {"warehouse": "37b37161-ba55-4550-9d38-4682dc7bd24e", "product_variant": 271, "quantity": 1223}}, {"model": "warehouse.stock", "pk": 401, "fields": {"warehouse": "da409c98-0a60-421d-b6da-68f422852b77", "product_variant": 272, "quantity": 9}}, {"model": "warehouse.stock", "pk": 402, "fields": {"warehouse": "966f49bc-8810-4769-974a-3963d59bde0a", "product_variant": 272, "quantity": 9}}, {"model": "warehouse.stock", "pk": 403, "fields": {"warehouse": "690edbf8-1898-442b-9920-a75c1725f4e8", "product_variant": 272, "quantity": 9}}, {"model": "warehouse.stock", "pk": 404, "fields": {"warehouse": "30e98c00-3bd7-4c2a-9282-2a48f4fdaf71", "product_variant": 272, "quantity": 9}}, {"model": "warehouse.stock", "pk": 405, "fields": {"warehouse": "37b37161-ba55-4550-9d38-4682dc7bd24e", "product_variant": 272, "quantity": 9}}, {"model": "warehouse.stock", "pk": 406, "fields": {"warehouse": "da409c98-0a60-421d-b6da-68f422852b77", "product_variant": 273, "quantity": 9819}}, {"model": "warehouse.stock", "pk": 407, "fields": {"warehouse": "966f49bc-8810-4769-974a-3963d59bde0a", "product_variant": 273, "quantity": 9818}}, {"model": "warehouse.stock", "pk": 408, "fields": {"warehouse": "690edbf8-1898-442b-9920-a75c1725f4e8", "product_variant": 273, "quantity": 9818}}, {"model": "warehouse.stock", "pk": 409, "fields": {"warehouse": "30e98c00-3bd7-4c2a-9282-2a48f4fdaf71", "product_variant": 273, "quantity": 9818}}, {"model": "warehouse.stock", "pk": 410, "fields": {"warehouse": "37b37161-ba55-4550-9d38-4682dc7bd24e", "product_variant": 273, "quantity": 9818}}, {"model": "warehouse.stock", "pk": 411, "fields": {"warehouse": "da409c98-0a60-421d-b6da-68f422852b77", "product_variant": 274, "quantity": 8}}, {"model": "warehouse.stock", "pk": 412, "fields": {"warehouse": "966f49bc-8810-4769-974a-3963d59bde0a", "product_variant": 274, "quantity": 8}}, {"model": "warehouse.stock", "pk": 413, "fields": {"warehouse": "690edbf8-1898-442b-9920-a75c1725f4e8", "product_variant": 274, "quantity": 8}}, {"model": "warehouse.stock", "pk": 414, "fields": {"warehouse": "30e98c00-3bd7-4c2a-9282-2a48f4fdaf71", "product_variant": 274, "quantity": 8}}, {"model": "warehouse.stock", "pk": 415, "fields": {"warehouse": "37b37161-ba55-4550-9d38-4682dc7bd24e", "product_variant": 274, "quantity": 8}}, {"model": "warehouse.stock", "pk": 416, "fields": {"warehouse": "da409c98-0a60-421d-b6da-68f422852b77", "product_variant": 275, "quantity": 5817}}, {"model": "warehouse.stock", "pk": 417, "fields": {"warehouse": "966f49bc-8810-4769-974a-3963d59bde0a", "product_variant": 275, "quantity": 5817}}, {"model": "warehouse.stock", "pk": 418, "fields": {"warehouse": "690edbf8-1898-442b-9920-a75c1725f4e8", "product_variant": 275, "quantity": 5817}}, {"model": "warehouse.stock", "pk": 419, "fields": {"warehouse": "30e98c00-3bd7-4c2a-9282-2a48f4fdaf71", "product_variant": 275, "quantity": 5820}}, {"model": "warehouse.stock", "pk": 420, "fields": {"warehouse": "37b37161-ba55-4550-9d38-4682dc7bd24e", "product_variant": 275, "quantity": 5817}}, {"model": "warehouse.stock", "pk": 421, "fields": {"warehouse": "da409c98-0a60-421d-b6da-68f422852b77", "product_variant": 276, "quantity": 1217}}, {"model": "warehouse.stock", "pk": 422, "fields": {"warehouse": "966f49bc-8810-4769-974a-3963d59bde0a", "product_variant": 276, "quantity": 1217}}, {"model": "warehouse.stock", "pk": 423, "fields": {"warehouse": "690edbf8-1898-442b-9920-a75c1725f4e8", "product_variant": 276, "quantity": 1217}}, {"model": "warehouse.stock", "pk": 424, "fields": {"warehouse": "30e98c00-3bd7-4c2a-9282-2a48f4fdaf71", "product_variant": 276, "quantity": 1217}}, {"model": "warehouse.stock", "pk": 425, "fields": {"warehouse": "37b37161-ba55-4550-9d38-4682dc7bd24e", "product_variant": 276, "quantity": 1217}}, {"model": "warehouse.stock", "pk": 426, "fields": {"warehouse": "da409c98-0a60-421d-b6da-68f422852b77", "product_variant": 277, "quantity": 10}}, {"model": "warehouse.stock", "pk": 427, "fields": {"warehouse": "966f49bc-8810-4769-974a-3963d59bde0a", "product_variant": 277, "quantity": 10}}, {"model": "warehouse.stock", "pk": 428, "fields": {"warehouse": "690edbf8-1898-442b-9920-a75c1725f4e8", "product_variant": 277, "quantity": 10}}, {"model": "warehouse.stock", "pk": 429, "fields": {"warehouse": "30e98c00-3bd7-4c2a-9282-2a48f4fdaf71", "product_variant": 277, "quantity": 10}}, {"model": "warehouse.stock", "pk": 430, "fields": {"warehouse": "37b37161-ba55-4550-9d38-4682dc7bd24e", "product_variant": 277, "quantity": 10}}, {"model": "warehouse.stock", "pk": 431, "fields": {"warehouse": "da409c98-0a60-421d-b6da-68f422852b77", "product_variant": 278, "quantity": 9824}}, {"model": "warehouse.stock", "pk": 432, "fields": {"warehouse": "966f49bc-8810-4769-974a-3963d59bde0a", "product_variant": 278, "quantity": 9824}}, {"model": "warehouse.stock", "pk": 433, "fields": {"warehouse": "690edbf8-1898-442b-9920-a75c1725f4e8", "product_variant": 278, "quantity": 9825}}, {"model": "warehouse.stock", "pk": 434, "fields": {"warehouse": "30e98c00-3bd7-4c2a-9282-2a48f4fdaf71", "product_variant": 278, "quantity": 9824}}, {"model": "warehouse.stock", "pk": 435, "fields": {"warehouse": "37b37161-ba55-4550-9d38-4682dc7bd24e", "product_variant": 278, "quantity": 9824}}, {"model": "warehouse.stock", "pk": 436, "fields": {"warehouse": "da409c98-0a60-421d-b6da-68f422852b77", "product_variant": 279, "quantity": 2}}, {"model": "warehouse.stock", "pk": 437, "fields": {"warehouse": "966f49bc-8810-4769-974a-3963d59bde0a", "product_variant": 279, "quantity": 2}}, {"model": "warehouse.stock", "pk": 438, "fields": {"warehouse": "690edbf8-1898-442b-9920-a75c1725f4e8", "product_variant": 279, "quantity": 2}}, {"model": "warehouse.stock", "pk": 439, "fields": {"warehouse": "30e98c00-3bd7-4c2a-9282-2a48f4fdaf71", "product_variant": 279, "quantity": 2}}, {"model": "warehouse.stock", "pk": 440, "fields": {"warehouse": "37b37161-ba55-4550-9d38-4682dc7bd24e", "product_variant": 279, "quantity": 4}}, {"model": "warehouse.stock", "pk": 441, "fields": {"warehouse": "da409c98-0a60-421d-b6da-68f422852b77", "product_variant": 280, "quantity": 5808}}, {"model": "warehouse.stock", "pk": 442, "fields": {"warehouse": "966f49bc-8810-4769-974a-3963d59bde0a", "product_variant": 280, "quantity": 5808}}, {"model": "warehouse.stock", "pk": 443, "fields": {"warehouse": "690edbf8-1898-442b-9920-a75c1725f4e8", "product_variant": 280, "quantity": 5808}}, {"model": "warehouse.stock", "pk": 444, "fields": {"warehouse": "30e98c00-3bd7-4c2a-9282-2a48f4fdaf71", "product_variant": 280, "quantity": 5808}}, {"model": "warehouse.stock", "pk": 445, "fields": {"warehouse": "37b37161-ba55-4550-9d38-4682dc7bd24e", "product_variant": 280, "quantity": 5808}}, {"model": "warehouse.stock", "pk": 446, "fields": {"warehouse": "da409c98-0a60-421d-b6da-68f422852b77", "product_variant": 281, "quantity": 1220}}, {"model": "warehouse.stock", "pk": 447, "fields": {"warehouse": "966f49bc-8810-4769-974a-3963d59bde0a", "product_variant": 281, "quantity": 1220}}, {"model": "warehouse.stock", "pk": 448, "fields": {"warehouse": "690edbf8-1898-442b-9920-a75c1725f4e8", "product_variant": 281, "quantity": 1220}}, {"model": "warehouse.stock", "pk": 449, "fields": {"warehouse": "30e98c00-3bd7-4c2a-9282-2a48f4fdaf71", "product_variant": 281, "quantity": 1221}}, {"model": "warehouse.stock", "pk": 450, "fields": {"warehouse": "37b37161-ba55-4550-9d38-4682dc7bd24e", "product_variant": 281, "quantity": 1220}}, {"model": "warehouse.stock", "pk": 451, "fields": {"warehouse": "da409c98-0a60-421d-b6da-68f422852b77", "product_variant": 282, "quantity": 9}}, {"model": "warehouse.stock", "pk": 452, "fields": {"warehouse": "966f49bc-8810-4769-974a-3963d59bde0a", "product_variant": 282, "quantity": 9}}, {"model": "warehouse.stock", "pk": 453, "fields": {"warehouse": "690edbf8-1898-442b-9920-a75c1725f4e8", "product_variant": 282, "quantity": 9}}, {"model": "warehouse.stock", "pk": 454, "fields": {"warehouse": "30e98c00-3bd7-4c2a-9282-2a48f4fdaf71", "product_variant": 282, "quantity": 9}}, {"model": "warehouse.stock", "pk": 455, "fields": {"warehouse": "37b37161-ba55-4550-9d38-4682dc7bd24e", "product_variant": 282, "quantity": 9}}, {"model": "warehouse.stock", "pk": 456, "fields": {"warehouse": "da409c98-0a60-421d-b6da-68f422852b77", "product_variant": 283, "quantity": 9821}}, {"model": "warehouse.stock", "pk": 457, "fields": {"warehouse": "966f49bc-8810-4769-974a-3963d59bde0a", "product_variant": 283, "quantity": 9821}}, {"model": "warehouse.stock", "pk": 458, "fields": {"warehouse": "690edbf8-1898-442b-9920-a75c1725f4e8", "product_variant": 283, "quantity": 9821}}, {"model": "warehouse.stock", "pk": 459, "fields": {"warehouse": "30e98c00-3bd7-4c2a-9282-2a48f4fdaf71", "product_variant": 283, "quantity": 9821}}, {"model": "warehouse.stock", "pk": 460, "fields": {"warehouse": "37b37161-ba55-4550-9d38-4682dc7bd24e", "product_variant": 283, "quantity": 9821}}, {"model": "warehouse.stock", "pk": 461, "fields": {"warehouse": "da409c98-0a60-421d-b6da-68f422852b77", "product_variant": 284, "quantity": 5}}, {"model": "warehouse.stock", "pk": 462, "fields": {"warehouse": "966f49bc-8810-4769-974a-3963d59bde0a", "product_variant": 284, "quantity": 5}}, {"model": "warehouse.stock", "pk": 463, "fields": {"warehouse": "690edbf8-1898-442b-9920-a75c1725f4e8", "product_variant": 284, "quantity": 5}}, {"model": "warehouse.stock", "pk": 464, "fields": {"warehouse": "30e98c00-3bd7-4c2a-9282-2a48f4fdaf71", "product_variant": 284, "quantity": 5}}, {"model": "warehouse.stock", "pk": 465, "fields": {"warehouse": "37b37161-ba55-4550-9d38-4682dc7bd24e", "product_variant": 284, "quantity": 5}}, {"model": "warehouse.stock", "pk": 466, "fields": {"warehouse": "da409c98-0a60-421d-b6da-68f422852b77", "product_variant": 285, "quantity": 5812}}, {"model": "warehouse.stock", "pk": 467, "fields": {"warehouse": "966f49bc-8810-4769-974a-3963d59bde0a", "product_variant": 285, "quantity": 5812}}, {"model": "warehouse.stock", "pk": 468, "fields": {"warehouse": "690edbf8-1898-442b-9920-a75c1725f4e8", "product_variant": 285, "quantity": 5812}}, {"model": "warehouse.stock", "pk": 469, "fields": {"warehouse": "30e98c00-3bd7-4c2a-9282-2a48f4fdaf71", "product_variant": 285, "quantity": 5812}}, {"model": "warehouse.stock", "pk": 470, "fields": {"warehouse": "37b37161-ba55-4550-9d38-4682dc7bd24e", "product_variant": 285, "quantity": 5812}}, {"model": "warehouse.stock", "pk": 471, "fields": {"warehouse": "da409c98-0a60-421d-b6da-68f422852b77", "product_variant": 286, "quantity": 1221}}, {"model": "warehouse.stock", "pk": 472, "fields": {"warehouse": "966f49bc-8810-4769-974a-3963d59bde0a", "product_variant": 286, "quantity": 1221}}, {"model": "warehouse.stock", "pk": 473, "fields": {"warehouse": "690edbf8-1898-442b-9920-a75c1725f4e8", "product_variant": 286, "quantity": 1221}}, {"model": "warehouse.stock", "pk": 474, "fields": {"warehouse": "30e98c00-3bd7-4c2a-9282-2a48f4fdaf71", "product_variant": 286, "quantity": 1221}}, {"model": "warehouse.stock", "pk": 475, "fields": {"warehouse": "37b37161-ba55-4550-9d38-4682dc7bd24e", "product_variant": 286, "quantity": 1221}}, {"model": "warehouse.stock", "pk": 476, "fields": {"warehouse": "da409c98-0a60-421d-b6da-68f422852b77", "product_variant": 287, "quantity": 6}}, {"model": "warehouse.stock", "pk": 477, "fields": {"warehouse": "966f49bc-8810-4769-974a-3963d59bde0a", "product_variant": 287, "quantity": 6}}, {"model": "warehouse.stock", "pk": 478, "fields": {"warehouse": "690edbf8-1898-442b-9920-a75c1725f4e8", "product_variant": 287, "quantity": 6}}, {"model": "warehouse.stock", "pk": 479, "fields": {"warehouse": "30e98c00-3bd7-4c2a-9282-2a48f4fdaf71", "product_variant": 287, "quantity": 6}}, {"model": "warehouse.stock", "pk": 480, "fields": {"warehouse": "37b37161-ba55-4550-9d38-4682dc7bd24e", "product_variant": 287, "quantity": 6}}, {"model": "warehouse.stock", "pk": 481, "fields": {"warehouse": "da409c98-0a60-421d-b6da-68f422852b77", "product_variant": 288, "quantity": 9818}}, {"model": "warehouse.stock", "pk": 482, "fields": {"warehouse": "966f49bc-8810-4769-974a-3963d59bde0a", "product_variant": 288, "quantity": 9818}}, {"model": "warehouse.stock", "pk": 483, "fields": {"warehouse": "690edbf8-1898-442b-9920-a75c1725f4e8", "product_variant": 288, "quantity": 9818}}, {"model": "warehouse.stock", "pk": 484, "fields": {"warehouse": "30e98c00-3bd7-4c2a-9282-2a48f4fdaf71", "product_variant": 288, "quantity": 9818}}, {"model": "warehouse.stock", "pk": 485, "fields": {"warehouse": "37b37161-ba55-4550-9d38-4682dc7bd24e", "product_variant": 288, "quantity": 9818}}, {"model": "warehouse.stock", "pk": 486, "fields": {"warehouse": "da409c98-0a60-421d-b6da-68f422852b77", "product_variant": 289, "quantity": 2}}, {"model": "warehouse.stock", "pk": 487, "fields": {"warehouse": "966f49bc-8810-4769-974a-3963d59bde0a", "product_variant": 289, "quantity": 2}}, {"model": "warehouse.stock", "pk": 488, "fields": {"warehouse": "690edbf8-1898-442b-9920-a75c1725f4e8", "product_variant": 289, "quantity": 2}}, {"model": "warehouse.stock", "pk": 489, "fields": {"warehouse": "30e98c00-3bd7-4c2a-9282-2a48f4fdaf71", "product_variant": 289, "quantity": 2}}, {"model": "warehouse.stock", "pk": 490, "fields": {"warehouse": "37b37161-ba55-4550-9d38-4682dc7bd24e", "product_variant": 289, "quantity": 2}}, {"model": "warehouse.stock", "pk": 491, "fields": {"warehouse": "da409c98-0a60-421d-b6da-68f422852b77", "product_variant": 290, "quantity": 5817}}, {"model": "warehouse.stock", "pk": 492, "fields": {"warehouse": "966f49bc-8810-4769-974a-3963d59bde0a", "product_variant": 290, "quantity": 5817}}, {"model": "warehouse.stock", "pk": 493, "fields": {"warehouse": "690edbf8-1898-442b-9920-a75c1725f4e8", "product_variant": 290, "quantity": 5821}}, {"model": "warehouse.stock", "pk": 494, "fields": {"warehouse": "30e98c00-3bd7-4c2a-9282-2a48f4fdaf71", "product_variant": 290, "quantity": 5817}}, {"model": "warehouse.stock", "pk": 495, "fields": {"warehouse": "37b37161-ba55-4550-9d38-4682dc7bd24e", "product_variant": 290, "quantity": 5817}}, {"model": "warehouse.stock", "pk": 496, "fields": {"warehouse": "da409c98-0a60-421d-b6da-68f422852b77", "product_variant": 291, "quantity": 1216}}, {"model": "warehouse.stock", "pk": 497, "fields": {"warehouse": "966f49bc-8810-4769-974a-3963d59bde0a", "product_variant": 291, "quantity": 1213}}, {"model": "warehouse.stock", "pk": 498, "fields": {"warehouse": "690edbf8-1898-442b-9920-a75c1725f4e8", "product_variant": 291, "quantity": 1213}}, {"model": "warehouse.stock", "pk": 499, "fields": {"warehouse": "30e98c00-3bd7-4c2a-9282-2a48f4fdaf71", "product_variant": 291, "quantity": 1213}}, {"model": "warehouse.stock", "pk": 500, "fields": {"warehouse": "37b37161-ba55-4550-9d38-4682dc7bd24e", "product_variant": 291, "quantity": 1213}}, {"model": "warehouse.stock", "pk": 501, "fields": {"warehouse": "da409c98-0a60-421d-b6da-68f422852b77", "product_variant": 292, "quantity": 3}}, {"model": "warehouse.stock", "pk": 502, "fields": {"warehouse": "966f49bc-8810-4769-974a-3963d59bde0a", "product_variant": 292, "quantity": 3}}, {"model": "warehouse.stock", "pk": 503, "fields": {"warehouse": "690edbf8-1898-442b-9920-a75c1725f4e8", "product_variant": 292, "quantity": 3}}, {"model": "warehouse.stock", "pk": 504, "fields": {"warehouse": "30e98c00-3bd7-4c2a-9282-2a48f4fdaf71", "product_variant": 292, "quantity": 3}}, {"model": "warehouse.stock", "pk": 505, "fields": {"warehouse": "37b37161-ba55-4550-9d38-4682dc7bd24e", "product_variant": 292, "quantity": 6}}, {"model": "warehouse.stock", "pk": 506, "fields": {"warehouse": "da409c98-0a60-421d-b6da-68f422852b77", "product_variant": 293, "quantity": 9822}}, {"model": "warehouse.stock", "pk": 507, "fields": {"warehouse": "966f49bc-8810-4769-974a-3963d59bde0a", "product_variant": 293, "quantity": 9822}}, {"model": "warehouse.stock", "pk": 508, "fields": {"warehouse": "690edbf8-1898-442b-9920-a75c1725f4e8", "product_variant": 293, "quantity": 9822}}, {"model": "warehouse.stock", "pk": 509, "fields": {"warehouse": "30e98c00-3bd7-4c2a-9282-2a48f4fdaf71", "product_variant": 293, "quantity": 9822}}, {"model": "warehouse.stock", "pk": 510, "fields": {"warehouse": "37b37161-ba55-4550-9d38-4682dc7bd24e", "product_variant": 293, "quantity": 9822}}, {"model": "warehouse.stock", "pk": 511, "fields": {"warehouse": "da409c98-0a60-421d-b6da-68f422852b77", "product_variant": 294, "quantity": 7}}, {"model": "warehouse.stock", "pk": 512, "fields": {"warehouse": "966f49bc-8810-4769-974a-3963d59bde0a", "product_variant": 294, "quantity": 7}}, {"model": "warehouse.stock", "pk": 513, "fields": {"warehouse": "690edbf8-1898-442b-9920-a75c1725f4e8", "product_variant": 294, "quantity": 7}}, {"model": "warehouse.stock", "pk": 514, "fields": {"warehouse": "30e98c00-3bd7-4c2a-9282-2a48f4fdaf71", "product_variant": 294, "quantity": 7}}, {"model": "warehouse.stock", "pk": 515, "fields": {"warehouse": "37b37161-ba55-4550-9d38-4682dc7bd24e", "product_variant": 294, "quantity": 7}}, {"model": "warehouse.stock", "pk": 516, "fields": {"warehouse": "da409c98-0a60-421d-b6da-68f422852b77", "product_variant": 295, "quantity": 5810}}, {"model": "warehouse.stock", "pk": 517, "fields": {"warehouse": "966f49bc-8810-4769-974a-3963d59bde0a", "product_variant": 295, "quantity": 5808}}, {"model": "warehouse.stock", "pk": 518, "fields": {"warehouse": "690edbf8-1898-442b-9920-a75c1725f4e8", "product_variant": 295, "quantity": 5808}}, {"model": "warehouse.stock", "pk": 519, "fields": {"warehouse": "30e98c00-3bd7-4c2a-9282-2a48f4fdaf71", "product_variant": 295, "quantity": 5808}}, {"model": "warehouse.stock", "pk": 520, "fields": {"warehouse": "37b37161-ba55-4550-9d38-4682dc7bd24e", "product_variant": 295, "quantity": 5808}}, {"model": "warehouse.stock", "pk": 521, "fields": {"warehouse": "da409c98-0a60-421d-b6da-68f422852b77", "product_variant": 296, "quantity": 1217}}, {"model": "warehouse.stock", "pk": 522, "fields": {"warehouse": "966f49bc-8810-4769-974a-3963d59bde0a", "product_variant": 296, "quantity": 1219}}, {"model": "warehouse.stock", "pk": 523, "fields": {"warehouse": "690edbf8-1898-442b-9920-a75c1725f4e8", "product_variant": 296, "quantity": 1221}}, {"model": "warehouse.stock", "pk": 524, "fields": {"warehouse": "30e98c00-3bd7-4c2a-9282-2a48f4fdaf71", "product_variant": 296, "quantity": 1220}}, {"model": "warehouse.stock", "pk": 525, "fields": {"warehouse": "37b37161-ba55-4550-9d38-4682dc7bd24e", "product_variant": 296, "quantity": 1217}}, {"model": "warehouse.stock", "pk": 526, "fields": {"warehouse": "da409c98-0a60-421d-b6da-68f422852b77", "product_variant": 297, "quantity": 7}}, {"model": "warehouse.stock", "pk": 527, "fields": {"warehouse": "966f49bc-8810-4769-974a-3963d59bde0a", "product_variant": 297, "quantity": 5}}, {"model": "warehouse.stock", "pk": 528, "fields": {"warehouse": "690edbf8-1898-442b-9920-a75c1725f4e8", "product_variant": 297, "quantity": 4}}, {"model": "warehouse.stock", "pk": 529, "fields": {"warehouse": "30e98c00-3bd7-4c2a-9282-2a48f4fdaf71", "product_variant": 297, "quantity": 4}}, {"model": "warehouse.stock", "pk": 530, "fields": {"warehouse": "37b37161-ba55-4550-9d38-4682dc7bd24e", "product_variant": 297, "quantity": 4}}, {"model": "warehouse.stock", "pk": 531, "fields": {"warehouse": "da409c98-0a60-421d-b6da-68f422852b77", "product_variant": 298, "quantity": 9823}}, {"model": "warehouse.stock", "pk": 532, "fields": {"warehouse": "966f49bc-8810-4769-974a-3963d59bde0a", "product_variant": 298, "quantity": 9823}}, {"model": "warehouse.stock", "pk": 533, "fields": {"warehouse": "690edbf8-1898-442b-9920-a75c1725f4e8", "product_variant": 298, "quantity": 9827}}, {"model": "warehouse.stock", "pk": 534, "fields": {"warehouse": "30e98c00-3bd7-4c2a-9282-2a48f4fdaf71", "product_variant": 298, "quantity": 9823}}, {"model": "warehouse.stock", "pk": 535, "fields": {"warehouse": "37b37161-ba55-4550-9d38-4682dc7bd24e", "product_variant": 298, "quantity": 9823}}, {"model": "warehouse.stock", "pk": 536, "fields": {"warehouse": "da409c98-0a60-421d-b6da-68f422852b77", "product_variant": 299, "quantity": 1}}, {"model": "warehouse.stock", "pk": 537, "fields": {"warehouse": "966f49bc-8810-4769-974a-3963d59bde0a", "product_variant": 299, "quantity": 1}}, {"model": "warehouse.stock", "pk": 538, "fields": {"warehouse": "690edbf8-1898-442b-9920-a75c1725f4e8", "product_variant": 299, "quantity": 1}}, {"model": "warehouse.stock", "pk": 539, "fields": {"warehouse": "30e98c00-3bd7-4c2a-9282-2a48f4fdaf71", "product_variant": 299, "quantity": 1}}, {"model": "warehouse.stock", "pk": 540, "fields": {"warehouse": "37b37161-ba55-4550-9d38-4682dc7bd24e", "product_variant": 299, "quantity": 1}}, {"model": "warehouse.stock", "pk": 541, "fields": {"warehouse": "da409c98-0a60-421d-b6da-68f422852b77", "product_variant": 300, "quantity": 5833}}, {"model": "warehouse.stock", "pk": 542, "fields": {"warehouse": "966f49bc-8810-4769-974a-3963d59bde0a", "product_variant": 300, "quantity": 5833}}, {"model": "warehouse.stock", "pk": 543, "fields": {"warehouse": "690edbf8-1898-442b-9920-a75c1725f4e8", "product_variant": 300, "quantity": 5833}}, {"model": "warehouse.stock", "pk": 544, "fields": {"warehouse": "30e98c00-3bd7-4c2a-9282-2a48f4fdaf71", "product_variant": 300, "quantity": 5833}}, {"model": "warehouse.stock", "pk": 545, "fields": {"warehouse": "37b37161-ba55-4550-9d38-4682dc7bd24e", "product_variant": 300, "quantity": 5833}}, {"model": "warehouse.stock", "pk": 546, "fields": {"warehouse": "da409c98-0a60-421d-b6da-68f422852b77", "product_variant": 301, "quantity": 1224}}, {"model": "warehouse.stock", "pk": 547, "fields": {"warehouse": "966f49bc-8810-4769-974a-3963d59bde0a", "product_variant": 301, "quantity": 1224}}, {"model": "warehouse.stock", "pk": 548, "fields": {"warehouse": "690edbf8-1898-442b-9920-a75c1725f4e8", "product_variant": 301, "quantity": 1224}}, {"model": "warehouse.stock", "pk": 549, "fields": {"warehouse": "30e98c00-3bd7-4c2a-9282-2a48f4fdaf71", "product_variant": 301, "quantity": 1224}}, {"model": "warehouse.stock", "pk": 550, "fields": {"warehouse": "37b37161-ba55-4550-9d38-4682dc7bd24e", "product_variant": 301, "quantity": 1224}}, {"model": "warehouse.stock", "pk": 551, "fields": {"warehouse": "da409c98-0a60-421d-b6da-68f422852b77", "product_variant": 302, "quantity": 14}}, {"model": "warehouse.stock", "pk": 552, "fields": {"warehouse": "966f49bc-8810-4769-974a-3963d59bde0a", "product_variant": 302, "quantity": 11}}, {"model": "warehouse.stock", "pk": 553, "fields": {"warehouse": "690edbf8-1898-442b-9920-a75c1725f4e8", "product_variant": 302, "quantity": 11}}, {"model": "warehouse.stock", "pk": 554, "fields": {"warehouse": "30e98c00-3bd7-4c2a-9282-2a48f4fdaf71", "product_variant": 302, "quantity": 11}}, {"model": "warehouse.stock", "pk": 555, "fields": {"warehouse": "37b37161-ba55-4550-9d38-4682dc7bd24e", "product_variant": 302, "quantity": 11}}, {"model": "warehouse.stock", "pk": 556, "fields": {"warehouse": "da409c98-0a60-421d-b6da-68f422852b77", "product_variant": 303, "quantity": 9822}}, {"model": "warehouse.stock", "pk": 557, "fields": {"warehouse": "966f49bc-8810-4769-974a-3963d59bde0a", "product_variant": 303, "quantity": 9822}}, {"model": "warehouse.stock", "pk": 558, "fields": {"warehouse": "690edbf8-1898-442b-9920-a75c1725f4e8", "product_variant": 303, "quantity": 9822}}, {"model": "warehouse.stock", "pk": 559, "fields": {"warehouse": "30e98c00-3bd7-4c2a-9282-2a48f4fdaf71", "product_variant": 303, "quantity": 9822}}, {"model": "warehouse.stock", "pk": 560, "fields": {"warehouse": "37b37161-ba55-4550-9d38-4682dc7bd24e", "product_variant": 303, "quantity": 9822}}, {"model": "warehouse.stock", "pk": 561, "fields": {"warehouse": "da409c98-0a60-421d-b6da-68f422852b77", "product_variant": 304, "quantity": 9}}, {"model": "warehouse.stock", "pk": 562, "fields": {"warehouse": "966f49bc-8810-4769-974a-3963d59bde0a", "product_variant": 304, "quantity": 9}}, {"model": "warehouse.stock", "pk": 563, "fields": {"warehouse": "690edbf8-1898-442b-9920-a75c1725f4e8", "product_variant": 304, "quantity": 9}}, {"model": "warehouse.stock", "pk": 564, "fields": {"warehouse": "30e98c00-3bd7-4c2a-9282-2a48f4fdaf71", "product_variant": 304, "quantity": 9}}, {"model": "warehouse.stock", "pk": 565, "fields": {"warehouse": "37b37161-ba55-4550-9d38-4682dc7bd24e", "product_variant": 304, "quantity": 9}}, {"model": "warehouse.stock", "pk": 566, "fields": {"warehouse": "da409c98-0a60-421d-b6da-68f422852b77", "product_variant": 305, "quantity": 5812}}, {"model": "warehouse.stock", "pk": 567, "fields": {"warehouse": "966f49bc-8810-4769-974a-3963d59bde0a", "product_variant": 305, "quantity": 5812}}, {"model": "warehouse.stock", "pk": 568, "fields": {"warehouse": "690edbf8-1898-442b-9920-a75c1725f4e8", "product_variant": 305, "quantity": 5812}}, {"model": "warehouse.stock", "pk": 569, "fields": {"warehouse": "30e98c00-3bd7-4c2a-9282-2a48f4fdaf71", "product_variant": 305, "quantity": 5812}}, {"model": "warehouse.stock", "pk": 570, "fields": {"warehouse": "37b37161-ba55-4550-9d38-4682dc7bd24e", "product_variant": 305, "quantity": 5812}}, {"model": "warehouse.stock", "pk": 571, "fields": {"warehouse": "da409c98-0a60-421d-b6da-68f422852b77", "product_variant": 306, "quantity": 1218}}, {"model": "warehouse.stock", "pk": 572, "fields": {"warehouse": "966f49bc-8810-4769-974a-3963d59bde0a", "product_variant": 306, "quantity": 1218}}, {"model": "warehouse.stock", "pk": 573, "fields": {"warehouse": "690edbf8-1898-442b-9920-a75c1725f4e8", "product_variant": 306, "quantity": 1218}}, {"model": "warehouse.stock", "pk": 574, "fields": {"warehouse": "30e98c00-3bd7-4c2a-9282-2a48f4fdaf71", "product_variant": 306, "quantity": 1218}}, {"model": "warehouse.stock", "pk": 575, "fields": {"warehouse": "37b37161-ba55-4550-9d38-4682dc7bd24e", "product_variant": 306, "quantity": 1218}}, {"model": "warehouse.stock", "pk": 576, "fields": {"warehouse": "da409c98-0a60-421d-b6da-68f422852b77", "product_variant": 307, "quantity": 15}}, {"model": "warehouse.stock", "pk": 577, "fields": {"warehouse": "966f49bc-8810-4769-974a-3963d59bde0a", "product_variant": 307, "quantity": 15}}, {"model": "warehouse.stock", "pk": 578, "fields": {"warehouse": "690edbf8-1898-442b-9920-a75c1725f4e8", "product_variant": 307, "quantity": 15}}, {"model": "warehouse.stock", "pk": 579, "fields": {"warehouse": "30e98c00-3bd7-4c2a-9282-2a48f4fdaf71", "product_variant": 307, "quantity": 15}}, {"model": "warehouse.stock", "pk": 580, "fields": {"warehouse": "37b37161-ba55-4550-9d38-4682dc7bd24e", "product_variant": 307, "quantity": 15}}, {"model": "warehouse.stock", "pk": 581, "fields": {"warehouse": "da409c98-0a60-421d-b6da-68f422852b77", "product_variant": 308, "quantity": 9823}}, {"model": "warehouse.stock", "pk": 582, "fields": {"warehouse": "966f49bc-8810-4769-974a-3963d59bde0a", "product_variant": 308, "quantity": 9823}}, {"model": "warehouse.stock", "pk": 583, "fields": {"warehouse": "690edbf8-1898-442b-9920-a75c1725f4e8", "product_variant": 308, "quantity": 9823}}, {"model": "warehouse.stock", "pk": 584, "fields": {"warehouse": "30e98c00-3bd7-4c2a-9282-2a48f4fdaf71", "product_variant": 308, "quantity": 9823}}, {"model": "warehouse.stock", "pk": 585, "fields": {"warehouse": "37b37161-ba55-4550-9d38-4682dc7bd24e", "product_variant": 308, "quantity": 9823}}, {"model": "warehouse.stock", "pk": 586, "fields": {"warehouse": "da409c98-0a60-421d-b6da-68f422852b77", "product_variant": 309, "quantity": 3}}, {"model": "warehouse.stock", "pk": 587, "fields": {"warehouse": "966f49bc-8810-4769-974a-3963d59bde0a", "product_variant": 309, "quantity": 3}}, {"model": "warehouse.stock", "pk": 588, "fields": {"warehouse": "690edbf8-1898-442b-9920-a75c1725f4e8", "product_variant": 309, "quantity": 3}}, {"model": "warehouse.stock", "pk": 589, "fields": {"warehouse": "30e98c00-3bd7-4c2a-9282-2a48f4fdaf71", "product_variant": 309, "quantity": 3}}, {"model": "warehouse.stock", "pk": 590, "fields": {"warehouse": "37b37161-ba55-4550-9d38-4682dc7bd24e", "product_variant": 309, "quantity": 3}}, {"model": "warehouse.stock", "pk": 591, "fields": {"warehouse": "da409c98-0a60-421d-b6da-68f422852b77", "product_variant": 310, "quantity": 5810}}, {"model": "warehouse.stock", "pk": 592, "fields": {"warehouse": "966f49bc-8810-4769-974a-3963d59bde0a", "product_variant": 310, "quantity": 5810}}, {"model": "warehouse.stock", "pk": 593, "fields": {"warehouse": "690edbf8-1898-442b-9920-a75c1725f4e8", "product_variant": 310, "quantity": 5810}}, {"model": "warehouse.stock", "pk": 594, "fields": {"warehouse": "30e98c00-3bd7-4c2a-9282-2a48f4fdaf71", "product_variant": 310, "quantity": 5810}}, {"model": "warehouse.stock", "pk": 595, "fields": {"warehouse": "37b37161-ba55-4550-9d38-4682dc7bd24e", "product_variant": 310, "quantity": 5810}}, {"model": "warehouse.stock", "pk": 596, "fields": {"warehouse": "da409c98-0a60-421d-b6da-68f422852b77", "product_variant": 311, "quantity": 1217}}, {"model": "warehouse.stock", "pk": 597, "fields": {"warehouse": "966f49bc-8810-4769-974a-3963d59bde0a", "product_variant": 311, "quantity": 1217}}, {"model": "warehouse.stock", "pk": 598, "fields": {"warehouse": "690edbf8-1898-442b-9920-a75c1725f4e8", "product_variant": 311, "quantity": 1217}}, {"model": "warehouse.stock", "pk": 599, "fields": {"warehouse": "30e98c00-3bd7-4c2a-9282-2a48f4fdaf71", "product_variant": 311, "quantity": 1217}}, {"model": "warehouse.stock", "pk": 600, "fields": {"warehouse": "37b37161-ba55-4550-9d38-4682dc7bd24e", "product_variant": 311, "quantity": 1217}}, {"model": "warehouse.stock", "pk": 601, "fields": {"warehouse": "da409c98-0a60-421d-b6da-68f422852b77", "product_variant": 312, "quantity": 14}}, {"model": "warehouse.stock", "pk": 602, "fields": {"warehouse": "966f49bc-8810-4769-974a-3963d59bde0a", "product_variant": 312, "quantity": 14}}, {"model": "warehouse.stock", "pk": 603, "fields": {"warehouse": "690edbf8-1898-442b-9920-a75c1725f4e8", "product_variant": 312, "quantity": 14}}, {"model": "warehouse.stock", "pk": 604, "fields": {"warehouse": "30e98c00-3bd7-4c2a-9282-2a48f4fdaf71", "product_variant": 312, "quantity": 14}}, {"model": "warehouse.stock", "pk": 605, "fields": {"warehouse": "37b37161-ba55-4550-9d38-4682dc7bd24e", "product_variant": 312, "quantity": 14}}, {"model": "warehouse.stock", "pk": 606, "fields": {"warehouse": "da409c98-0a60-421d-b6da-68f422852b77", "product_variant": 313, "quantity": 9818}}, {"model": "warehouse.stock", "pk": 607, "fields": {"warehouse": "966f49bc-8810-4769-974a-3963d59bde0a", "product_variant": 313, "quantity": 9818}}, {"model": "warehouse.stock", "pk": 608, "fields": {"warehouse": "690edbf8-1898-442b-9920-a75c1725f4e8", "product_variant": 313, "quantity": 9818}}, {"model": "warehouse.stock", "pk": 609, "fields": {"warehouse": "30e98c00-3bd7-4c2a-9282-2a48f4fdaf71", "product_variant": 313, "quantity": 9818}}, {"model": "warehouse.stock", "pk": 610, "fields": {"warehouse": "37b37161-ba55-4550-9d38-4682dc7bd24e", "product_variant": 313, "quantity": 9818}}, {"model": "warehouse.stock", "pk": 611, "fields": {"warehouse": "da409c98-0a60-421d-b6da-68f422852b77", "product_variant": 314, "quantity": 3}}, {"model": "warehouse.stock", "pk": 612, "fields": {"warehouse": "966f49bc-8810-4769-974a-3963d59bde0a", "product_variant": 314, "quantity": 3}}, {"model": "warehouse.stock", "pk": 613, "fields": {"warehouse": "690edbf8-1898-442b-9920-a75c1725f4e8", "product_variant": 314, "quantity": 3}}, {"model": "warehouse.stock", "pk": 614, "fields": {"warehouse": "30e98c00-3bd7-4c2a-9282-2a48f4fdaf71", "product_variant": 314, "quantity": 3}}, {"model": "warehouse.stock", "pk": 615, "fields": {"warehouse": "37b37161-ba55-4550-9d38-4682dc7bd24e", "product_variant": 314, "quantity": 3}}, {"model": "warehouse.stock", "pk": 616, "fields": {"warehouse": "da409c98-0a60-421d-b6da-68f422852b77", "product_variant": 315, "quantity": 5818}}, {"model": "warehouse.stock", "pk": 617, "fields": {"warehouse": "966f49bc-8810-4769-974a-3963d59bde0a", "product_variant": 315, "quantity": 5818}}, {"model": "warehouse.stock", "pk": 618, "fields": {"warehouse": "690edbf8-1898-442b-9920-a75c1725f4e8", "product_variant": 315, "quantity": 5818}}, {"model": "warehouse.stock", "pk": 619, "fields": {"warehouse": "30e98c00-3bd7-4c2a-9282-2a48f4fdaf71", "product_variant": 315, "quantity": 5818}}, {"model": "warehouse.stock", "pk": 620, "fields": {"warehouse": "37b37161-ba55-4550-9d38-4682dc7bd24e", "product_variant": 315, "quantity": 5818}}, {"model": "warehouse.allocation", "pk": 1, "fields": {"order_line": 1, "stock": 604, "quantity_allocated": 1}}, {"model": "warehouse.allocation", "pk": 2, "fields": {"order_line": 2, "stock": 614, "quantity_allocated": 0}}, {"model": "warehouse.allocation", "pk": 3, "fields": {"order_line": 3, "stock": 449, "quantity_allocated": 3}}, {"model": "warehouse.allocation", "pk": 4, "fields": {"order_line": 4, "stock": 294, "quantity_allocated": 0}}, {"model": "warehouse.allocation", "pk": 5, "fields": {"order_line": 5, "stock": 204, "quantity_allocated": 1}}, {"model": "warehouse.allocation", "pk": 6, "fields": {"order_line": 6, "stock": 89, "quantity_allocated": 4}}, {"model": "warehouse.allocation", "pk": 7, "fields": {"order_line": 7, "stock": 549, "quantity_allocated": 2}}, {"model": "warehouse.allocation", "pk": 8, "fields": {"order_line": 8, "stock": 559, "quantity_allocated": 0}}, {"model": "warehouse.allocation", "pk": 9, "fields": {"order_line": 9, "stock": 104, "quantity_allocated": 0}}, {"model": "warehouse.allocation", "pk": 10, "fields": {"order_line": 10, "stock": 129, "quantity_allocated": 2}}, {"model": "warehouse.allocation", "pk": 11, "fields": {"order_line": 11, "stock": 583, "quantity_allocated": 0}}, {"model": "warehouse.allocation", "pk": 12, "fields": {"order_line": 12, "stock": 358, "quantity_allocated": 0}}, {"model": "warehouse.allocation", "pk": 13, "fields": {"order_line": 13, "stock": 398, "quantity_allocated": 4}}, {"model": "warehouse.allocation", "pk": 14, "fields": {"order_line": 14, "stock": 303, "quantity_allocated": 2}}, {"model": "warehouse.allocation", "pk": 15, "fields": {"order_line": 15, "stock": 89, "quantity_allocated": 3}}, {"model": "warehouse.allocation", "pk": 16, "fields": {"order_line": 16, "stock": 589, "quantity_allocated": 1}}, {"model": "warehouse.allocation", "pk": 17, "fields": {"order_line": 17, "stock": 569, "quantity_allocated": 0}}, {"model": "warehouse.allocation", "pk": 18, "fields": {"order_line": 18, "stock": 354, "quantity_allocated": 1}}, {"model": "warehouse.allocation", "pk": 19, "fields": {"order_line": 19, "stock": 370, "quantity_allocated": 2}}, {"model": "warehouse.allocation", "pk": 20, "fields": {"order_line": 20, "stock": 475, "quantity_allocated": 2}}, {"model": "warehouse.allocation", "pk": 21, "fields": {"order_line": 21, "stock": 235, "quantity_allocated": 3}}, {"model": "warehouse.allocation", "pk": 22, "fields": {"order_line": 22, "stock": 300, "quantity_allocated": 3}}, {"model": "warehouse.allocation", "pk": 23, "fields": {"order_line": 23, "stock": 20, "quantity_allocated": 1}}, {"model": "warehouse.allocation", "pk": 24, "fields": {"order_line": 24, "stock": 119, "quantity_allocated": 0}}, {"model": "warehouse.allocation", "pk": 25, "fields": {"order_line": 25, "stock": 539, "quantity_allocated": 2}}, {"model": "warehouse.allocation", "pk": 26, "fields": {"order_line": 26, "stock": 319, "quantity_allocated": 0}}, {"model": "warehouse.allocation", "pk": 27, "fields": {"order_line": 27, "stock": 574, "quantity_allocated": 3}}, {"model": "warehouse.allocation", "pk": 28, "fields": {"order_line": 28, "stock": 84, "quantity_allocated": 2}}, {"model": "warehouse.allocation", "pk": 29, "fields": {"order_line": 29, "stock": 436, "quantity_allocated": 0}}, {"model": "warehouse.allocation", "pk": 30, "fields": {"order_line": 30, "stock": 356, "quantity_allocated": 3}}, {"model": "warehouse.allocation", "pk": 31, "fields": {"order_line": 31, "stock": 416, "quantity_allocated": 2}}, {"model": "warehouse.allocation", "pk": 32, "fields": {"order_line": 32, "stock": 551, "quantity_allocated": 1}}, {"model": "warehouse.allocation", "pk": 33, "fields": {"order_line": 33, "stock": 419, "quantity_allocated": 2}}, {"model": "warehouse.allocation", "pk": 34, "fields": {"order_line": 34, "stock": 79, "quantity_allocated": 3}}, {"model": "warehouse.allocation", "pk": 35, "fields": {"order_line": 35, "stock": 84, "quantity_allocated": 1}}, {"model": "warehouse.allocation", "pk": 36, "fields": {"order_line": 36, "stock": 264, "quantity_allocated": 2}}, {"model": "warehouse.allocation", "pk": 37, "fields": {"order_line": 37, "stock": 399, "quantity_allocated": 4}}, {"model": "warehouse.allocation", "pk": 38, "fields": {"order_line": 38, "stock": 476, "quantity_allocated": 2}}, {"model": "warehouse.allocation", "pk": 39, "fields": {"order_line": 39, "stock": 416, "quantity_allocated": 2}}, {"model": "warehouse.allocation", "pk": 40, "fields": {"order_line": 40, "stock": 423, "quantity_allocated": 0}}, {"model": "warehouse.allocation", "pk": 41, "fields": {"order_line": 41, "stock": 578, "quantity_allocated": 2}}, {"model": "warehouse.allocation", "pk": 42, "fields": {"order_line": 42, "stock": 392, "quantity_allocated": 2}}, {"model": "warehouse.allocation", "pk": 43, "fields": {"order_line": 43, "stock": 57, "quantity_allocated": 3}}, {"model": "warehouse.allocation", "pk": 44, "fields": {"order_line": 44, "stock": 305, "quantity_allocated": 1}}, {"model": "warehouse.allocation", "pk": 45, "fields": {"order_line": 45, "stock": 400, "quantity_allocated": 4}}, {"model": "warehouse.allocation", "pk": 46, "fields": {"order_line": 46, "stock": 565, "quantity_allocated": 0}}, {"model": "warehouse.allocation", "pk": 47, "fields": {"order_line": 47, "stock": 15, "quantity_allocated": 2}}, {"model": "warehouse.allocation", "pk": 48, "fields": {"order_line": 48, "stock": 175, "quantity_allocated": 1}}, {"model": "warehouse.allocation", "pk": 49, "fields": {"order_line": 49, "stock": 590, "quantity_allocated": 2}}, {"model": "warehouse.allocation", "pk": 50, "fields": {"order_line": 50, "stock": 200, "quantity_allocated": 1}}, {"model": "warehouse.allocation", "pk": 51, "fields": {"order_line": 51, "stock": 352, "quantity_allocated": 0}}, {"model": "warehouse.allocation", "pk": 52, "fields": {"order_line": 52, "stock": 77, "quantity_allocated": 0}}, {"model": "warehouse.allocation", "pk": 53, "fields": {"order_line": 53, "stock": 177, "quantity_allocated": 1}}, {"model": "warehouse.allocation", "pk": 54, "fields": {"order_line": 54, "stock": 397, "quantity_allocated": 1}}, {"model": "warehouse.allocation", "pk": 55, "fields": {"order_line": 55, "stock": 115, "quantity_allocated": 3}}, {"model": "warehouse.allocation", "pk": 56, "fields": {"order_line": 56, "stock": 275, "quantity_allocated": 3}}, {"model": "warehouse.allocation", "pk": 57, "fields": {"order_line": 57, "stock": 200, "quantity_allocated": 1}}, {"model": "warehouse.allocation", "pk": 58, "fields": {"order_line": 58, "stock": 496, "quantity_allocated": 3}}, {"model": "warehouse.allocation", "pk": 59, "fields": {"order_line": 59, "stock": 551, "quantity_allocated": 3}}, {"model": "warehouse.allocation", "pk": 60, "fields": {"order_line": 60, "stock": 296, "quantity_allocated": 4}}, {"model": "warehouse.allocation", "pk": 61, "fields": {"order_line": 61, "stock": 141, "quantity_allocated": 1}}, {"model": "warehouse.allocation", "pk": 62, "fields": {"order_line": 62, "stock": 505, "quantity_allocated": 3}}, {"model": "warehouse.allocation", "pk": 63, "fields": {"order_line": 63, "stock": 318, "quantity_allocated": 2}}, {"model": "warehouse.allocation", "pk": 64, "fields": {"order_line": 64, "stock": 493, "quantity_allocated": 0}}, {"model": "warehouse.allocation", "pk": 65, "fields": {"order_line": 65, "stock": 449, "quantity_allocated": 1}}, {"model": "warehouse.allocation", "pk": 66, "fields": {"order_line": 66, "stock": 524, "quantity_allocated": 3}}, {"model": "warehouse.allocation", "pk": 67, "fields": {"order_line": 67, "stock": 277, "quantity_allocated": 0}}, {"model": "warehouse.allocation", "pk": 68, "fields": {"order_line": 68, "stock": 522, "quantity_allocated": 2}}, {"model": "warehouse.allocation", "pk": 69, "fields": {"order_line": 69, "stock": 332, "quantity_allocated": 3}}, {"model": "warehouse.allocation", "pk": 70, "fields": {"order_line": 70, "stock": 279, "quantity_allocated": 3}}, {"model": "warehouse.allocation", "pk": 71, "fields": {"order_line": 71, "stock": 94, "quantity_allocated": 1}}, {"model": "warehouse.allocation", "pk": 72, "fields": {"order_line": 72, "stock": 419, "quantity_allocated": 3}}, {"model": "warehouse.allocation", "pk": 73, "fields": {"order_line": 73, "stock": 394, "quantity_allocated": 4}}, {"model": "warehouse.allocation", "pk": 74, "fields": {"order_line": 74, "stock": 533, "quantity_allocated": 4}}, {"model": "warehouse.allocation", "pk": 75, "fields": {"order_line": 75, "stock": 364, "quantity_allocated": 2}}, {"model": "warehouse.allocation", "pk": 76, "fields": {"order_line": 76, "stock": 97, "quantity_allocated": 0}}, {"model": "warehouse.allocation", "pk": 77, "fields": {"order_line": 77, "stock": 527, "quantity_allocated": 1}}, {"model": "warehouse.allocation", "pk": 78, "fields": {"order_line": 78, "stock": 137, "quantity_allocated": 1}}, {"model": "warehouse.allocation", "pk": 79, "fields": {"order_line": 79, "stock": 49, "quantity_allocated": 2}}, {"model": "warehouse.allocation", "pk": 80, "fields": {"order_line": 80, "stock": 160, "quantity_allocated": 1}}, {"model": "warehouse.allocation", "pk": 81, "fields": {"order_line": 81, "stock": 285, "quantity_allocated": 2}}, {"model": "warehouse.allocation", "pk": 82, "fields": {"order_line": 82, "stock": 316, "quantity_allocated": 0}}, {"model": "warehouse.allocation", "pk": 83, "fields": {"order_line": 83, "stock": 406, "quantity_allocated": 1}}, {"model": "warehouse.allocation", "pk": 84, "fields": {"order_line": 84, "stock": 251, "quantity_allocated": 1}}, {"model": "warehouse.allocation", "pk": 85, "fields": {"order_line": 85, "stock": 126, "quantity_allocated": 1}}, {"model": "warehouse.allocation", "pk": 86, "fields": {"order_line": 86, "stock": 76, "quantity_allocated": 3}}, {"model": "warehouse.allocation", "pk": 87, "fields": {"order_line": 87, "stock": 171, "quantity_allocated": 0}}, {"model": "warehouse.allocation", "pk": 88, "fields": {"order_line": 88, "stock": 516, "quantity_allocated": 1}}, {"model": "warehouse.allocation", "pk": 89, "fields": {"order_line": 89, "stock": 526, "quantity_allocated": 3}}, {"model": "warehouse.allocation", "pk": 90, "fields": {"order_line": 90, "stock": 433, "quantity_allocated": 0}}, {"model": "warehouse.allocation", "pk": 91, "fields": {"order_line": 91, "stock": 523, "quantity_allocated": 4}}, {"model": "warehouse.allocation", "pk": 92, "fields": {"order_line": 92, "stock": 440, "quantity_allocated": 2}}, {"model": "warehouse.allocation", "pk": 93, "fields": {"order_line": 93, "stock": 55, "quantity_allocated": 2}}, {"model": "warehouse.allocation", "pk": 94, "fields": {"order_line": 94, "stock": 50, "quantity_allocated": 3}}, {"model": "warehouse.allocation", "pk": 95, "fields": {"order_line": 95, "stock": 201, "quantity_allocated": 0}}, {"model": "warehouse.allocation", "pk": 96, "fields": {"order_line": 96, "stock": 163, "quantity_allocated": 1}}, {"model": "warehouse.allocation", "pk": 97, "fields": {"order_line": 98, "stock": 159, "quantity_allocated": 1}}, {"model": "warehouse.allocation", "pk": 98, "fields": {"order_line": 99, "stock": 149, "quantity_allocated": 1}}, {"model": "app.app", "pk": 1, "fields": {"private_metadata": {}, "metadata": {}, "name": "anviam", "created": "2020-05-07T17:32:16.561Z", "is_active": false, "permissions": [67, 205]}}, {"model": "app.apptoken", "pk": 1, "fields": {"app": 1, "name": "Default", "auth_token": "9Fp48wdAzEYtHVlRYlXaYjJXSBdwAR"}}]